cid,has_tcmsp_mapping,herb_count,herb_names,tcmsp_mol_id_count,tcmsp_mol_ids,unique_edge_count,evidence_tiers,provenance_status
19,1,1,月季花,1,MOL012790,1,primary_direct,adjudicated_TCMSP_relation_set_v1.1.0
51,1,1,砂仁,1,MOL007523,1,primary_direct,adjudicated_TCMSP_relation_set_v1.1.0
72,1,80,丹参 | 京大戟 | 人参叶 | 仙桃草 | 佛手 | 凤仙透骨草 | 北五味子 | 半夏 | 半枝莲 | 四季青 | 地耳草 | 墨旱莲 | 大血藤 | 天山雪莲 | 小蓟 | 山慈菇 | 山茱萸 | 广枣 | 拳参 | 月季花 | 木瓜 | 杜仲 | 杜仲叶 | 松花粉 | 栀子 | 桂枝 | 桑叶 | 槲寄生 | 泽兰 | 海金沙 | 满山红 | 灯盏细辛 | 牛蒡子 | 猕猴桃根 | 玉米须 | 瓦松 | 甘草 | 白及 | 白蔹 | 石菖蒲 | 石韦 | 翻白草 | 老鹳草 | 肉豆蔻 | 肿节风 | 胡黄连 | 芫荽 | 苍耳子 | 草果 | 菝葜 | 蒲黄 | 蔓荆子 | 蕤仁 | 虎杖 | 虎耳草 | 蝉蜕 | 豆蔻 | 郁李仁 | 金樱子 | 金沸草 | 金盏菊花 | 金荞麦 | 金莲花 | 金银花 | 铁线透骨草 | 银杏叶 | 青果 | 香附 | 骨碎补 | 高良姜 | 鬼针草 | 鱼腥草 | 鸡血藤 | 鸡骨草 | 鹿衔草 | 麦芽 | 麻黄 | 麻黄根 | 黄药子 | 龙葵,1,MOL000105,80,primary_direct,adjudicated_TCMSP_relation_set_v1.1.0
91,1,2,杜仲 | 杜仲叶,1,MOL009018,2,primary_direct,adjudicated_TCMSP_relation_set_v1.1.0
101,1,1,桂枝,1,MOL010549,1,primary_direct,adjudicated_TCMSP_relation_set_v1.1.0
107,1,7,八角茴香 | 枇杷叶 | 桂枝 | 槲寄生 | 沉香 | 红花 | 荜茇,1,MOL000340,7,primary_direct,adjudicated_TCMSP_relation_set_v1.1.0
125,1,2,山慈菇 | 白薇,1,MOL006927,2,primary_direct,adjudicated_TCMSP_relation_set_v1.1.0
126,1,19,半枝莲 | 天葵子 | 川楝子 | 木贼 | 松花粉 | 板蓝根 | 猫爪草 | 生姜 | 白及 | 百合 | 石见穿 | 砂仁 | 芦根 | 芫花 | 葛花 | 葶苈子 | 蒲黄 | 蒿本 | 金荞麦,1,MOL001843,19,primary_direct,adjudicated_TCMSP_relation_set_v1.1.0
174,1,1,麦芽,1,MOL010847,1,primary_direct,adjudicated_TCMSP_relation_set_v1.1.0
177,1,5,前胡 | 小茴香 | 牛膝 | 紫花前胡 | 辣椒,1,MOL008680,5,primary_direct,adjudicated_TCMSP_relation_set_v1.1.0
180,1,5,木蝴蝶 | 桑叶 | 竹沥 | 花椒 | 葛花,1,MOL004472,5,primary_direct,adjudicated_TCMSP_relation_set_v1.1.0
240,1,64,一枝黄花 | 丁香 | 侧柏叶 | 凌霄花 | 北刘寄奴 | 升麻 | 半夏 | 半枝莲 | 吴茱萸 | 安息香 | 山柰 | 巴戟天 | 常山 | 广藿香 | 徐长卿 | 断血流 | 木蝴蝶 | 松节 | 枇杷叶 | 柴胡 | 桂枝 | 桑叶 | 桑寄生 | 梅花 | 满山红 | 火麻仁 | 牛膝 | 牛蒡子 | 牵牛子 | 玫瑰花 | 白芷 | 瞿麦 | 矮地茶 | 石菖蒲 | 紫苏 | 紫苏子 | 罗布麻叶 | 羌活 | 肉桂 | 肉苁蓉 | 胡椒 | 芫花 | 芫荽 | 苦丁茶 | 苦杏仁 | 苦楝子 | 荆芥 | 荆芥穗 | 荔枝核 | 菊花 | 葎草 | 葛花 | 葶苈子 | 赤芍 | 辣椒 | 金银花 | 防己 | 防风 | 降香 | 零陵香 | 香薷 | 麻黄 | 黄柏 | 黄芩,1,MOL000708,64,primary_direct,adjudicated_TCMSP_relation_set_v1.1.0
241,1,5,安息香 | 枇杷叶 | 牛蒡子 | 荷叶 | 麻黄,1,MOL007222,5,primary_direct,adjudicated_TCMSP_relation_set_v1.1.0
248,1,8,地骨皮 | 枸杞子 | 水飞蓟 | 灵芝 | 牛膝 | 蚕沙 | 麦芽 | 黄芪,1,MOL000430,8,primary_direct,adjudicated_TCMSP_relation_set_v1.1.0
261,1,6,当归 | 桑叶 | 茵陈 | 蚕沙 | 西河柳 | 辣椒,1,MOL004734,6,primary_direct,adjudicated_TCMSP_relation_set_v1.1.0
263,1,10,党参 | 凌霄花 | 半边莲 | 天葵子 | 桑叶 | 桑白皮 | 灯盏细辛 | 甘草 | 银杏叶 | 降香,1,MOL002943,10,primary_direct,adjudicated_TCMSP_relation_set_v1.1.0
264,1,11,党参 | 当归 | 桑叶 | 沙棘 | 泽漆 | 白果 | 罗汉果 | 肉苁蓉 | 葛花 | 葱白 | 银杏叶,1,MOL008284,11,primary_direct,adjudicated_TCMSP_relation_set_v1.1.0
289,1,13,化橘红 | 半夏 | 大枣 | 月季花 | 杜仲 | 白果 | 红花 | 草果 | 荷叶 | 西红花 | 银杏叶 | 香附 | 黑芝麻,1,MOL000089,13,primary_direct,adjudicated_TCMSP_relation_set_v1.1.0
323,1,28,仙鹤草 | 北沙参 | 厚朴 | 大风子 | 山茱萸 | 山豆根 | 广枣 | 柴胡 | 桂枝 | 沙棘 | 白芷 | 皂角刺 | 紫花前胡 | 罗汉果 | 羌活 | 肉桂 | 艾叶 | 苎麻根 | 菝葜 | 虎杖 | 虎耳草 | 覆盆子 | 金莲花 | 防风 | 青蒿 | 鹅不食草 | 麻黄 | 黄芪,1,MOL000431,28,primary_direct,adjudicated_TCMSP_relation_set_v1.1.0
325,1,8,吴茱萸 | 威灵仙 | 砂仁 | 花椒 | 菊花 | 辛夷 | 香薷 | 麻黄,1,MOL003948,8,primary_direct,adjudicated_TCMSP_relation_set_v1.1.0
326,1,18,乌药 | 乳香 | 厚朴 | 当归 | 柴胡 | 桂枝 | 没药 | 独活 | 细辛 | 艾叶 | 芫荽 | 花椒 | 菊花 | 覆盆子 | 郁金 | 防风 | 香薷 | 麻黄,1,MOL000974,18,primary_direct,adjudicated_TCMSP_relation_set_v1.1.0
332,1,26,丁香 | 凌霄花 | 厚朴 | 吴茱萸 | 威灵仙 | 川芎 | 布渣叶 | 板蓝根 | 枇杷叶 | 枸杞子 | 柴胡 | 海金沙 | 独活 | 白芷 | 百合 | 紫苏 | 罗汉果 | 芫荽 | 苦楝子 | 葛花 | 蒿本 | 赤芍 | 银杏叶 | 零陵香 | 鸡屎藤 | 黄柏,1,MOL001752,26,primary_direct,adjudicated_TCMSP_relation_set_v1.1.0
335,1,8,凌霄花 | 升麻 | 当归 | 桂枝 | 桑叶 | 竹沥 | 葛花 | 黄柏,1,MOL004479,8,primary_direct,adjudicated_TCMSP_relation_set_v1.1.0
338,1,27,一枝黄花 | 八角茴香 | 北沙参 | 南蛇藤果 | 大青叶 | 广枣 | 板蓝根 | 玳玳花 | 白芍 | 竹沥 | 紫菀 | 红花 | 芫荽 | 茵陈 | 荷叶 | 葛花 | 赤芍 | 车前草 | 金沸草 | 金盏菊花 | 铁线透骨草 | 青果 | 青蒿 | 香附 | 鬼针草 | 黄精 | 龙胆,1,MOL001801,27,primary_direct,adjudicated_TCMSP_relation_set_v1.1.0
340,1,1,沙棘,1,MOL010218,1,primary_direct,adjudicated_TCMSP_relation_set_v1.1.0
341,1,12,丹参 | 五倍子 | 余甘子 | 川槿皮 | 玳玳花 | 白蔹 | 草乌叶 | 葎草 | 金荞麦 | 骨碎补 | 鹿衔草 | 麦芽,1,MOL000569,12,primary_direct,adjudicated_TCMSP_relation_set_v1.1.0
342,1,11,决明子 | 天南星 | 木香 | 桑叶 | 没药 | 独活 | 竹沥 | 葛花 | 银杏叶 | 零陵香 | 黑豆,1,MOL001050,11,primary_direct,adjudicated_TCMSP_relation_set_v1.1.0
356,1,11,人参 | 川芎 | 木贼 | 桑叶 | 牵牛子 | 甘草 | 花椒 | 菊花 | 银杏叶 | 防风 | 黄芩,1,MOL002137,11,primary_direct,adjudicated_TCMSP_relation_set_v1.1.0
359,1,1,鸡血藤,1,MOL000484,1,primary_direct,adjudicated_TCMSP_relation_set_v1.1.0
370,1,54,五倍子 | 仙鹤草 | 余甘子 | 使君子 | 凤眼草 | 刀豆 | 前胡 | 半夏 | 地锦草 | 大腹皮 | 大黄 | 天南星 | 委陵菜 | 山茱萸 | 广枣 | 拳参 | 景天三七 | 月季花 | 木瓜 | 枳椇子 | 柿蒂 | 槐角 | 款冬花 | 水红花子 | 泽漆 | 满山红 | 灯盏细辛 | 牡丹皮 | 玫瑰花 | 瓦松 | 白芍 | 白蔹 | 相思子 | 石榴皮 | 罗布麻叶 | 翻白草 | 老鹳草 | 芫荽 | 花椒 | 草苁蓉 | 荷叶 | 菝葜 | 萹蓄 | 葛花 | 蕤仁 | 虎杖 | 虎耳草 | 西河柳 | 覆盆子 | 诃子 | 赤芍 | 路路通 | 青果 | 黑芝麻,1,MOL000513,54,primary_direct,adjudicated_TCMSP_relation_set_v1.1.0
379,1,50,三七 | 余甘子 | 党参 | 冬葵果 | 凌霄花 | 千金子 | 升麻 | 厚朴 | 四季青 | 天南星 | 天葵子 | 威灵仙 | 巴戟天 | 巴豆 | 徐长卿 | 木蝴蝶 | 枇杷叶 | 柴胡 | 桂枝 | 桑椹 | 沙棘 | 灵芝 | 牛膝 | 玳玳花 | 生姜 | 白果 | 白附子 | 竹节参 | 紫苏 | 细辛 | 绞股蓝 | 羌活 | 芫荽 | 苦楝子 | 茯苓 | 薏苡仁 | 西河柳 | 西洋参 | 西红花 | 覆盆子 | 辣椒 | 金银花 | 银杏叶 | 锦灯笼 | 防风 | 青果 | 马齿苋 | 麻黄 | 黄柏 | 黄芩,1,MOL000303,50,primary_direct,adjudicated_TCMSP_relation_set_v1.1.0
454,1,27,三七花 | 千金子 | 南沙参 | 南蛇藤果 | 天南星 | 川芎 | 巴戟天 | 干姜 | 柴胡 | 桑寄生 | 沙棘 | 玫瑰花 | 生姜 | 白芷 | 百合 | 砂仁 | 紫苏 | 细辛 | 羌活 | 芫荽 | 苦楝子 | 葛花 | 蒿本 | 辣椒 | 防风 | 陈皮 | 香橼,1,MOL000710,27,primary_direct,adjudicated_TCMSP_relation_set_v1.1.0
460,1,22,乌梅 | 凌霄花 | 升麻 | 厚朴 | 威灵仙 | 当归 | 柴胡 | 桂枝 | 桑叶 | 梅花 | 洋金花 | 矮地茶 | 竹沥 | 紫苏 | 绞股蓝 | 罗汉果 | 芦根 | 芫荽 | 银杏叶 | 降香 | 黄柏 | 黑豆,1,MOL002983,22,primary_direct,adjudicated_TCMSP_relation_set_v1.1.0
568,1,6,升麻 | 山茱萸 | 枇杷叶 | 菊花 | 零陵香 | 麻黄,1,MOL005513,6,primary_direct,adjudicated_TCMSP_relation_set_v1.1.0
588,1,1,椿皮,1,MOL006291,1,primary_direct,adjudicated_TCMSP_relation_set_v1.1.0
649,1,1,蚕沙,1,MOL004740,1,primary_direct,adjudicated_TCMSP_relation_set_v1.1.0
660,1,1,枇杷叶,1,MOL012591,1,primary_direct,adjudicated_TCMSP_relation_set_v1.1.0
670,1,2,竹沥 | 花椒,1,MOL004462,2,primary_direct,adjudicated_TCMSP_relation_set_v1.1.0
681,1,2,山药 | 马齿苋,1,MOL005442,2,primary_direct,adjudicated_TCMSP_relation_set_v1.1.0
700,1,1,木香,1,MOL010823,1,primary_direct,adjudicated_TCMSP_relation_set_v1.1.0
702,1,8,杜仲叶 | 桑叶 | 牛膝 | 生姜 | 紫苏 | 辣椒 | 香茅 | 麻黄,1,MOL000776,8,primary_direct,adjudicated_TCMSP_relation_set_v1.1.0
753,1,12,人参叶 | 木瓜 | 木香 | 板蓝根 | 柴胡 | 桑椹 | 沙棘 | 海金沙 | 生姜 | 白附子 | 百合 | 砂仁,1,MOL001732,12,primary_direct,adjudicated_TCMSP_relation_set_v1.1.0
760,1,1,红花,1,MOL002686,1,primary_direct,adjudicated_TCMSP_relation_set_v1.1.0
768,1,1,苦杏仁,1,MOL010924,1,primary_direct,adjudicated_TCMSP_relation_set_v1.1.0
774,1,2,商陆 | 白屈菜,1,MOL001464,2,primary_direct,adjudicated_TCMSP_relation_set_v1.1.0
780,1,2,半夏 | 苦参,1,MOL006597,2,primary_direct,adjudicated_TCMSP_relation_set_v1.1.0
785,1,17,三棱 | 半夏 | 卷柏 | 广枣 | 景天三七 | 木瓜 | 枸骨叶 | 满山红 | 胡黄连 | 苍耳子 | 虎耳草 | 赤芍 | 金银花 | 闹羊花 | 鸡屎藤 | 鹿衔草 | 黑芝麻,1,MOL000579,17,primary_direct,adjudicated_TCMSP_relation_set_v1.1.0
790,1,3,半夏 | 板蓝根 | 雷公藤,1,MOL001831,3,primary_direct,adjudicated_TCMSP_relation_set_v1.1.0
798,1,10,升麻 | 巴戟天 | 板蓝根 | 枇杷叶 | 罗汉果 | 芫荽 | 葛花 | 蚕沙 | 金银花 | 降香,1,MOL001773,10,primary_direct,adjudicated_TCMSP_relation_set_v1.1.0
802,1,4,伊贝母 | 大枣 | 板蓝根 | 蚕沙,1,MOL001841,4,primary_direct,adjudicated_TCMSP_relation_set_v1.1.0
873,1,1,泽漆,1,MOL013384,1,primary_direct,adjudicated_TCMSP_relation_set_v1.1.0
878,1,2,枇杷叶 | 莱菔子,1,MOL010678,2,primary_direct,adjudicated_TCMSP_relation_set_v1.1.0
887,1,2,巴戟天 | 竹沥,1,MOL004477,2,primary_direct,adjudicated_TCMSP_relation_set_v1.1.0
892,1,19,云芝 | 天南星 | 木通 | 桑叶 | 槲寄生 | 玉米须 | 白附子 | 积雪草 | 罂粟壳 | 老鹳草 | 臭梧桐 | 苦杏仁 | 草乌叶 | 荔枝核 | 败酱草 | 金莲花 | 金银花 | 铁线透骨草 | 青果,5,MOL000149 | MOL001690 | MOL003873 | MOL005076 | MOL005570,19,primary_direct,adjudicated_TCMSP_relation_set_v1.1.0
931,1,23,丁香 | 人参叶 | 伸筋草 | 倒扣草 | 南蛇藤果 | 安息香 | 柴胡 | 桂枝 | 桑叶 | 桑椹 | 满山红 | 猫爪草 | 紫苏 | 细辛 | 芫荽 | 菊花 | 辛夷 | 金荞麦 | 银杏叶 | 防风 | 零陵香 | 麻黄 | 黄柏,1,MOL003493,23,primary_direct,adjudicated_TCMSP_relation_set_v1.1.0
936,1,5,冬虫夏草 | 土茯苓 | 沙棘 | 泽泻 | 绿豆,1,MOL000857,5,primary_direct,adjudicated_TCMSP_relation_set_v1.1.0
957,1,19,乳香 | 天南星 | 巴戟天 | 杜仲 | 柴胡 | 牛膝 | 独活 | 生姜 | 白芷 | 瞿麦 | 芫荽 | 苦杏仁 | 苦楝子 | 莱菔子 | 西洋参 | 金银花 | 银杏叶 | 零陵香 | 麻黄,1,MOL001285,19,primary_direct,adjudicated_TCMSP_relation_set_v1.1.0
980,1,1,白果,1,MOL011047,1,primary_direct,adjudicated_TCMSP_relation_set_v1.1.0
984,1,11,巴戟天 | 木棉花 | 木瓜 | 柴胡 | 沙棘 | 玉米须 | 玫瑰花 | 芫荽 | 苦楝子 | 莱菔子 | 鼠曲草,1,MOL005120,11,primary_direct,adjudicated_TCMSP_relation_set_v1.1.0
985,1,239,丁香 | 三七 | 三棱 | 三白草 | 丹参 | 乌敛莓 | 乌梅 | 乌药 | 乳香 | 云芝 | 亚麻子 | 人参 | 人参叶 | 仙茅 | 伸筋草 | 余甘子 | 佛手 | 使君子 | 侧柏叶 | 倒扣草 | 党参 | 冬葵果 | 冬虫夏草 | 凤尾草 | 前胡 | 功劳木 | 化橘红 | 十大功劳叶 | 千年健 | 千斤拔 | 千金子 | 升麻 | 半夏 | 半枝莲 | 半边莲 | 南瓜子 | 南蛇藤果 | 厚朴 | 吴茱萸 | 商陆 | 四季青 | 土茯苓 | 土贝母 | 地耳草 | 地肤子 | 地锦草 | 地骨皮 | 垂盆草 | 夏枯草 | 大枣 | 大蓟 | 大青叶 | 天仙子 | 天冬 | 天南星 | 天葵子 | 太子参 | 威灵仙 | 娑罗子 | 小茴香 | 山茱萸 | 川乌 | 川木通 | 川楝子 | 川槿皮 | 川牛膝 | 川芎 | 川贝母 | 巴戟天 | 巴豆 | 布渣叶 | 常山 | 干姜 | 平贝母 | 广枣 | 广藿香 | 当归 | 徐长卿 | 斑蝥 | 无患子 | 昆布 | 月季花 | 木棉花 | 木蝴蝶 | 木鳖子 | 杜仲 | 杜仲叶 | 板蓝根 | 枇杷叶 | 枸杞子 | 柏子仁 | 柴胡 | 桂枝 | 桑叶 | 桑椹 | 桑白皮 | 桔梗 | 梧桐子 | 楮实子 | 槟榔 | 槲寄生 | 橘核 | 檀香 | 款冬花 | 水红花子 | 水飞蓟 | 沉香 | 沙棘 | 沙苑子 | 泽漆 | 浮萍 | 满山红 | 漏芦 | 火麻仁 | 牛大力 | 牛膝 | 牛蒡子 | 牡荆子 | 牵牛子 | 独活 | 猫爪草 | 玉竹 | 玉米须 | 王不留行 | 玳玳花 | 瓜蒌 | 甘松 | 甘遂 | 甜瓜子 | 生姜 | 白前 | 白扁豆 | 白术 | 白果 | 白芷 | 白茅根 | 白蔹 | 白薇 | 白附子 | 皂荚子 | 皂角刺 | 益智 | 益母草 | 瞿麦 | 石菖蒲 | 砂仁 | 禹州漏芦 | 积雪草 | 紫花地丁 | 紫苏 | 紫苏子 | 紫草 | 紫菀 | 红参 | 红花 | 细辛 | 绞股蓝 | 罗汉果 | 羌活 | 肉桂 | 肿节风 | 胖大海 | 胡椒 | 芡实 | 芥子 | 芦荟 | 芫花 | 芫荽 | 花椒 | 苍耳子 | 苘麻子 | 苦杏仁 | 苦楝子 | 茯苓 | 荆芥 | 荆芥穗 | 草乌 | 荔枝核 | 荜澄茄 | 荜茇 | 荠菜 | 荷叶 | 莱菔子 | 菊花 | 菝葜 | 葎草 | 葛花 | 葶苈子 | 蒿本 | 薄荷 | 薏苡仁 | 薤白 | 虎耳草 | 蛇床子 | 西河柳 | 西洋参 | 西红花 | 诃子 | 谷精草 | 败酱草 | 赤芍 | 辛夷 | 辣椒 | 连翘 | 连钱草 | 郁金 | 金樱子 | 金荞麦 | 金莲花 | 金银花 | 铁丝威灵仙 | 银杏叶 | 银柴胡 | 防风 | 降香 | 零陵香 | 雷公藤 | 青果 | 青葙子 | 韭菜子 | 预知子 | 香加皮 | 香薷 | 马勃 | 马鞭草 | 马齿苋 | 高良姜 | 鬼针草 | 鸡冠花 | 鸡屎藤 | 鹅不食草 | 麻黄 | 黄柏 | 黄芩 | 黄芪 | 黄药子 | 黑豆 | 鼠曲草 | 龙脷叶,1,MOL000069,239,primary_direct,adjudicated_TCMSP_relation_set_v1.1.0
995,1,20,伸筋草 | 升麻 | 南沙参 | 山茱萸 | 巴戟天 | 广藿香 | 木香 | 枇杷叶 | 枸杞子 | 枸骨叶 | 槟榔 | 满山红 | 独活 | 紫苏 | 葎草 | 虎耳草 | 西河柳 | 银杏叶 | 零陵香 | 麻黄,1,MOL003484,20,primary_direct,adjudicated_TCMSP_relation_set_v1.1.0
997,1,1,安息香,1,MOL012194,1,primary_direct,adjudicated_TCMSP_relation_set_v1.1.0
998,1,52,三七花 | 仙茅 | 侧柏叶 | 八角莲 | 凌霄花 | 升麻 | 半枝莲 | 南蛇藤果 | 厚朴 | 安息香 | 巴戟天 | 常山 | 徐长卿 | 木蝴蝶 | 枇杷叶 | 柴胡 | 桂枝 | 桑叶 | 桑寄生 | 沙棘 | 海金沙 | 火麻仁 | 灵芝 | 牛蒡子 | 甘松 | 白芷 | 白附子 | 瞿麦 | 矮地茶 | 紫花地丁 | 紫苏 | 红花 | 绞股蓝 | 罗汉果 | 肉苁蓉 | 艾叶 | 芥子 | 芫荽 | 荔枝核 | 菊花 | 葎草 | 葶苈子 | 蒿本 | 蚕沙 | 辣椒 | 金银花 | 银杏叶 | 零陵香 | 鸡屎藤 | 鹅不食草 | 黄芩 | 鼠曲草,1,MOL000714,52,primary_direct,adjudicated_TCMSP_relation_set_v1.1.0
1001,1,1,黄柏,1,MOL002645,1,primary_direct,adjudicated_TCMSP_relation_set_v1.1.0
1031,1,1,半边莲,1,MOL012215,1,primary_direct,adjudicated_TCMSP_relation_set_v1.1.0
1032,1,7,桑叶 | 牛蒡子 | 白果 | 竹沥 | 罗布麻叶 | 鸡屎藤 | 黑豆,1,MOL004470,7,primary_direct,adjudicated_TCMSP_relation_set_v1.1.0
1044,1,1,泽漆,1,MOL013420,1,primary_direct,adjudicated_TCMSP_relation_set_v1.1.0
1045,1,2,化橘红 | 麦芽,1,MOL010856,2,primary_direct,adjudicated_TCMSP_relation_set_v1.1.0
1049,1,2,柴胡 | 银杏叶,1,MOL011602,2,primary_direct,adjudicated_TCMSP_relation_set_v1.1.0
1054,1,2,西洋参 | 麦芽,1,MOL011440,2,primary_direct,adjudicated_TCMSP_relation_set_v1.1.0
1057,1,10,千金子 | 杜仲 | 泽漆 | 白芍 | 芫荽 | 草果 | 蒿本 | 虎耳草 | 赤芍 | 青果,1,MOL000106,10,primary_direct,adjudicated_TCMSP_relation_set_v1.1.0
1060,1,3,荠菜 | 蒲黄 | 辣椒,1,MOL006109,3,primary_direct,adjudicated_TCMSP_relation_set_v1.1.0
1068,1,5,沙棘 | 肉苁蓉 | 薄荷 | 辣椒 | 黑芝麻,1,MOL008699,5,primary_direct,adjudicated_TCMSP_relation_set_v1.1.0
1102,1,1,辣椒,1,MOL008724,1,primary_direct,adjudicated_TCMSP_relation_set_v1.1.0
1103,1,3,南鹤虱 | 断血流 | 麦芽,1,MOL005850,3,primary_direct,adjudicated_TCMSP_relation_set_v1.1.0
1135,1,6,半夏 | 天南星 | 川贝母 | 平贝母 | 海藻 | 苍耳子,1,MOL006953,6,primary_direct,adjudicated_TCMSP_relation_set_v1.1.0
1140,1,19,仙茅 | 侧柏叶 | 厚朴 | 枇杷叶 | 桑椹 | 檀香 | 牛蒡子 | 牵牛子 | 生姜 | 砂仁 | 紫苏子 | 罗汉果 | 菊花 | 葛花 | 辣椒 | 银杏叶 | 韭菜子 | 麻黄 | 黑芝麻,1,MOL002031,19,primary_direct,adjudicated_TCMSP_relation_set_v1.1.0
1146,1,3,川芎 | 枇杷叶 | 细辛,1,MOL002156,3,primary_direct,adjudicated_TCMSP_relation_set_v1.1.0
1150,1,1,麦芽,1,MOL010859,1,primary_direct,adjudicated_TCMSP_relation_set_v1.1.0
1174,1,12,冬虫夏草 | 半夏 | 吴茱萸 | 川芎 | 川贝母 | 板蓝根 | 款冬花 | 海藻 | 瓦松 | 苍耳子 | 蚕沙 | 附子,1,MOL001744,12,primary_direct,adjudicated_TCMSP_relation_set_v1.1.0
1175,1,2,鸡骨草 | 黑豆,1,MOL009750,2,primary_direct,adjudicated_TCMSP_relation_set_v1.1.0
1183,1,45,丁香 | 乳香 | 凤眼草 | 大青叶 | 大风子 | 天冬 | 威灵仙 | 安息香 | 山茱萸 | 川楝子 | 川芎 | 当归 | 木贼 | 板蓝根 | 柴胡 | 桑叶 | 桑白皮 | 椿皮 | 槟榔 | 檀香 | 火麻仁 | 灯心草 | 瓜蒌 | 生姜 | 百部 | 石见穿 | 砂仁 | 罗汉果 | 芫荽 | 苏合香 | 苦楝子 | 苦楝皮 | 茄根 | 茵陈 | 葛花 | 蒿本 | 薏苡仁 | 西河柳 | 辣椒 | 银柴胡 | 陈皮 | 香加皮 | 高良姜 | 鬼箭羽 | 黄柏,1,MOL000635,45,primary_direct,adjudicated_TCMSP_relation_set_v1.1.0
1188,1,1,玫瑰花,1,MOL010716,1,primary_direct,adjudicated_TCMSP_relation_set_v1.1.0
1382,1,1,巴戟天,1,MOL009501,1,primary_direct,adjudicated_TCMSP_relation_set_v1.1.0
1491,1,4,京大戟 | 天葵子 | 淫羊藿 | 胖大海,1,MOL004418,4,primary_direct,adjudicated_TCMSP_relation_set_v1.1.0
1663,1,1,桑椹,1,MOL010292,1,primary_direct,adjudicated_TCMSP_relation_set_v1.1.0
1832,1,1,吴茱萸,1,MOL004024,1,primary_direct,adjudicated_TCMSP_relation_set_v1.1.0
1941,1,1,马兜铃,1,MOL012394,1,primary_direct,adjudicated_TCMSP_relation_set_v1.1.0
2015,1,1,南沙参,1,MOL003473,1,primary_direct,adjudicated_TCMSP_relation_set_v1.1.0
2130,1,1,乳香,1,MOL001216,1,primary_direct,adjudicated_TCMSP_relation_set_v1.1.0
2214,1,12,射干 | 川射干 | 徐长卿 | 柴胡 | 牡丹皮 | 白薇 | 紫花地丁 | 罗布麻叶 | 胡黄连 | 荆芥 | 银柴胡 | 麻黄,1,MOL002786,12,primary_direct,adjudicated_TCMSP_relation_set_v1.1.0
2230,1,1,槟榔,1,MOL010492,1,primary_direct,adjudicated_TCMSP_relation_set_v1.1.0
2236,1,3,寻骨风 | 防己 | 马兜铃,1,MOL002346,3,primary_direct,adjudicated_TCMSP_relation_set_v1.1.0
2331,1,1,款冬花,1,MOL010042,1,primary_direct,adjudicated_TCMSP_relation_set_v1.1.0
2345,1,15,乌药 | 南沙参 | 吴茱萸 | 安息香 | 枇杷叶 | 桂枝 | 梅花 | 瞿麦 | 石菖蒲 | 羌活 | 肉桂 | 芥子 | 菊花 | 赤芍 | 金银花,1,MOL003032,15,primary_direct,adjudicated_TCMSP_relation_set_v1.1.0
2355,1,23,前胡 | 化橘红 | 北沙参 | 商陆 | 天山雪莲 | 小茴香 | 枳实 | 桑叶 | 橘红 | 檀香 | 独活 | 生姜 | 白芷 | 石菖蒲 | 紫花前胡 | 羌活 | 芫荽 | 花椒 | 蒿本 | 蛇床子 | 防风 | 香薷 | 马齿苋,1,MOL001945,23,primary_direct,adjudicated_TCMSP_relation_set_v1.1.0
2368,1,1,马齿苋,1,MOL006655,1,primary_direct,adjudicated_TCMSP_relation_set_v1.1.0
2519,1,6,仙茅 | 冬虫夏草 | 吴茱萸 | 枸骨叶 | 梧桐子 | 雷公藤,1,MOL003973,6,primary_direct,adjudicated_TCMSP_relation_set_v1.1.0
2543,1,1,火麻仁,1,MOL005028,1,primary_direct,adjudicated_TCMSP_relation_set_v1.1.0
2682,1,9,川贝母 | 当归 | 枇杷叶 | 独活 | 白芷 | 羌活 | 芫荽 | 苦楝子 | 鬼针草,1,MOL004791,9,primary_direct,adjudicated_TCMSP_relation_set_v1.1.0
2758,1,69,丁香 | 仙鹤草 | 伸筋草 | 佩兰 | 八角茴香 | 冰片 | 凌霄花 | 北五味子 | 北刘寄奴 | 千斤拔 | 南蛇藤果 | 厚朴 | 地枫皮 | 夏枯草 | 天南星 | 安息香 | 小茴香 | 山柰 | 川芎 | 干姜 | 断血流 | 木棉花 | 柴胡 | 桂枝 | 桑叶 | 桑寄生 | 桑椹 | 满山红 | 牡荆叶 | 牡荆子 | 甘松 | 生姜 | 砂仁 | 积雪草 | 紫花地丁 | 紫苏 | 紫苏子 | 细辛 | 肉桂 | 胡椒 | 芫荽 | 花椒 | 苏合香 | 荆芥 | 草果 | 荜茇 | 菊花 | 蔓荆子 | 薄荷 | 覆盆子 | 豆蔻 | 败酱草 | 辛夷 | 连钱草 | 郁金 | 银杏叶 | 防风 | 降香 | 青蒿 | 香薷 | 香附 | 马兜铃 | 马鞭草 | 高良姜 | 鸡屎藤 | 鹅不食草 | 麻黄 | 黄芩 | 黑老虎,1,MOL000122,69,primary_direct,adjudicated_TCMSP_relation_set_v1.1.0
2775,1,5,佛手 | 北五味子 | 半边莲 | 柴胡 | 香橼,1,MOL004678,5,primary_direct,adjudicated_TCMSP_relation_set_v1.1.0
2969,1,38,乌药 | 伸筋草 | 余甘子 | 侧柏叶 | 凌霄花 | 垂盆草 | 巴戟天 | 巴豆 | 当归 | 木棉花 | 木鳖子 | 杜仲 | 桂枝 | 桑椹 | 沙棘 | 淫羊藿 | 灯心草 | 猫爪草 | 瓜蒌 | 白芷 | 紫苏 | 红花 | 罗汉果 | 羌活 | 艾叶 | 芦荟 | 芫荽 | 苦楝子 | 菊花 | 葎草 | 西河柳 | 金银花 | 银杏叶 | 防风 | 青果 | 马齿苋 | 鸡屎藤 | 麻黄,1,MOL001640,38,primary_direct,adjudicated_TCMSP_relation_set_v1.1.0
2998,1,1,辣椒,1,MOL008728,1,primary_direct,adjudicated_TCMSP_relation_set_v1.1.0
3023,1,1,葎草,1,MOL007333,1,primary_direct,adjudicated_TCMSP_relation_set_v1.1.0
3026,1,71,丁香 | 人参 | 伸筋草 | 冬葵果 | 凤尾草 | 北五味子 | 十大功劳叶 | 千斤拔 | 南蛇藤果 | 厚朴 | 商陆 | 地耳草 | 墓头回 | 大蓟 | 太子参 | 女贞子 | 威灵仙 | 山茱萸 | 巴戟天 | 干姜 | 广藿香 | 徐长卿 | 木蝴蝶 | 木贼 | 板蓝根 | 枇杷叶 | 枸杞子 | 枸骨叶 | 柴胡 | 桂枝 | 桑叶 | 桑椹 | 槟榔 | 款冬花 | 泽兰 | 海藻 | 海金沙 | 牛大力 | 牛膝 | 牛蒡子 | 猫爪草 | 玉米须 | 甘草 | 生姜 | 白芍 | 白芷 | 砂仁 | 禹州漏芦 | 紫花地丁 | 紫苏 | 罗汉果 | 肉豆蔻 | 艾叶 | 芫花 | 苦杏仁 | 荔枝核 | 莱菔子 | 葶苈子 | 西河柳 | 谷精草 | 辛夷 | 郁金 | 钩藤 | 银杏叶 | 防风 | 零陵香 | 雷公藤 | 香薷 | 高良姜 | 麻黄 | 黄芩,1,MOL000676,71,primary_direct,adjudicated_TCMSP_relation_set_v1.1.0
3039,1,1,肉豆蔻,1,MOL009250,1,primary_direct,adjudicated_TCMSP_relation_set_v1.1.0
3213,1,1,诃子,1,MOL009135,1,primary_direct,adjudicated_TCMSP_relation_set_v1.1.0
3218,1,4,威灵仙 | 牵牛子 | 矮地茶 | 鸡屎藤,1,MOL005235,4,primary_direct,adjudicated_TCMSP_relation_set_v1.1.0
3278,1,1,积雪草,1,MOL007327,1,primary_direct,adjudicated_TCMSP_relation_set_v1.1.0
3283,1,2,巴戟天 | 生姜,1,MOL009549,2,primary_direct,adjudicated_TCMSP_relation_set_v1.1.0
3314,1,58,丁香 | 乌梅 | 伸筋草 | 凌霄花 | 化橘红 | 北刘寄奴 | 升麻 | 厚朴 | 吴茱萸 | 女贞子 | 广藿香 | 木瓜 | 枇杷叶 | 枳实 | 柴胡 | 桂枝 | 桑叶 | 梅花 | 没药 | 灯心草 | 牡丹皮 | 生姜 | 番泻叶 | 白芷 | 瞿麦 | 砂仁 | 穿心莲 | 紫苏 | 紫苏子 | 细辛 | 肉桂 | 肉苁蓉 | 芦根 | 芫荽 | 花椒 | 苦杏仁 | 茵陈 | 菊花 | 葛花 | 蒿本 | 蔓荆子 | 蚕沙 | 豆蔻 | 赤芍 | 辛夷 | 连翘 | 郁金 | 金银花 | 银杏叶 | 零陵香 | 香薷 | 高良姜 | 鬼针草 | 鸡屎藤 | 鹅不食草 | 黄柏 | 黄芩 | 鼠曲草,1,MOL000254,58,primary_direct,adjudicated_TCMSP_relation_set_v1.1.0
3362,1,1,广藿香,1,MOL005897,1,primary_direct,adjudicated_TCMSP_relation_set_v1.1.0
3469,1,8,四季青 | 白蔹 | 芦根 | 芫荽 | 贯叶金丝桃 | 车前草 | 金盏菊花 | 黄连,1,MOL003178,8,primary_direct,adjudicated_TCMSP_relation_set_v1.1.0
3476,1,8,水飞蓟 | 玫瑰花 | 瓜蒌 | 砂仁 | 绿豆 | 芡实 | 葎草 | 麦芽,1,MOL007180,8,primary_direct,adjudicated_TCMSP_relation_set_v1.1.0
3515,1,6,乌药 | 椿皮 | 矮地茶 | 荔枝核 | 麻黄 | 黄芩,1,MOL006312,6,primary_direct,adjudicated_TCMSP_relation_set_v1.1.0
3764,1,2,甘草 | 葛花,1,MOL004957,2,primary_direct,adjudicated_TCMSP_relation_set_v1.1.0
3776,1,2,荠菜 | 辣椒,1,MOL008719,2,primary_direct,adjudicated_TCMSP_relation_set_v1.1.0
3806,1,1,核桃仁,1,MOL009115,1,primary_direct,adjudicated_TCMSP_relation_set_v1.1.0
3828,1,1,香附,1,MOL004058,1,primary_direct,adjudicated_TCMSP_relation_set_v1.1.0
3840,1,2,佛手 | 木瓜,1,MOL005131,2,primary_direct,adjudicated_TCMSP_relation_set_v1.1.0
3845,1,2,羌活 | 麻黄,1,MOL010768,2,primary_direct,adjudicated_TCMSP_relation_set_v1.1.0
3885,1,1,木蝴蝶,1,MOL013073,1,primary_direct,adjudicated_TCMSP_relation_set_v1.1.0
3893,1,64,三七 | 乌梅 | 乌药 | 乳香 | 仙鹤草 | 佛手 | 使君子 | 侧柏叶 | 党参 | 凌霄花 | 功劳木 | 升麻 | 半枝莲 | 夏枯草 | 山茱萸 | 川槿皮 | 巴戟天 | 巴豆 | 月季花 | 木棉花 | 木蝴蝶 | 枸杞子 | 枸骨叶 | 柏子仁 | 柴胡 | 栀子 | 楮实子 | 槟榔 | 沙棘 | 淫羊藿 | 满山红 | 灯心草 | 灵芝 | 熟地黄 | 牛大力 | 牛蒡子 | 玉竹 | 瓜蒌 | 生姜 | 益母草 | 矮地茶 | 紫苏 | 红花 | 罗汉果 | 羌活 | 芦荟 | 芫荽 | 苦杏仁 | 茯苓 | 薤白 | 西河柳 | 西红花 | 贯叶金丝桃 | 赤芍 | 连钱草 | 金莲花 | 金银花 | 银杏叶 | 防风 | 陈皮 | 零陵香 | 马齿苋 | 鸡屎藤 | 麻黄,1,MOL000305,64,primary_direct,adjudicated_TCMSP_relation_set_v1.1.0
3902,1,1,款冬花,1,MOL010055,1,primary_direct,adjudicated_TCMSP_relation_set_v1.1.0
4058,1,1,川贝母,1,MOL009594,1,primary_direct,adjudicated_TCMSP_relation_set_v1.1.0
4076,1,2,肉豆蔻 | 附子,1,MOL002399,2,primary_direct,adjudicated_TCMSP_relation_set_v1.1.0
4093,1,1,倒扣草,1,MOL008297,1,primary_direct,adjudicated_TCMSP_relation_set_v1.1.0
4114,1,8,前胡 | 北沙参 | 小茴香 | 独活 | 白芷 | 白鲜皮 | 蛇床子 | 防风,1,MOL001953,8,primary_direct,adjudicated_TCMSP_relation_set_v1.1.0
4133,1,16,丁香 | 十大功劳叶 | 徐长卿 | 枇杷叶 | 桑叶 | 桑寄生 | 梅花 | 牛蒡子 | 牡丹皮 | 白芷 | 瞿麦 | 矮地茶 | 细辛 | 菊花 | 葛花 | 辣椒,1,MOL000719,16,primary_direct,adjudicated_TCMSP_relation_set_v1.1.0
4276,1,19,党参 | 大枣 | 安息香 | 山茱萸 | 巴豆 | 徐长卿 | 枇杷叶 | 紫苏 | 细辛 | 肉豆蔻 | 芫荽 | 菊花 | 蒿本 | 藁本 | 西红花 | 豆蔻 | 辛夷 | 香薷 | 鹅不食草,1,MOL000261,19,primary_direct,adjudicated_TCMSP_relation_set_v1.1.0
4650,1,3,射干 | 枸骨叶 | 苦楝皮,1,MOL003738,3,primary_direct,adjudicated_TCMSP_relation_set_v1.1.0
4680,1,3,白药子 | 罂粟壳 | 西洋参,1,MOL006980,3,primary_direct,adjudicated_TCMSP_relation_set_v1.1.0
4684,1,1,三七,1,MOL007505,1,primary_direct,adjudicated_TCMSP_relation_set_v1.1.0
4788,1,2,巴豆 | 覆盆子,1,MOL001624,2,primary_direct,adjudicated_TCMSP_relation_set_v1.1.0
4886,1,1,黑豆,1,MOL009706,1,primary_direct,adjudicated_TCMSP_relation_set_v1.1.0
4944,1,1,肉豆蔻,1,MOL009260,1,primary_direct,adjudicated_TCMSP_relation_set_v1.1.0
5054,1,1,泽漆,1,MOL013423,1,primary_direct,adjudicated_TCMSP_relation_set_v1.1.0
5144,1,18,侧柏叶 | 凌霄花 | 厚朴 | 地枫皮 | 山茱萸 | 当归 | 枇杷叶 | 枸杞子 | 桂枝 | 紫苏 | 细辛 | 肉豆蔻 | 豆蔻 | 辛夷 | 连翘 | 银柴胡 | 香薷 | 马兜铃,1,MOL000199,18,primary_direct,adjudicated_TCMSP_relation_set_v1.1.0
5146,1,2,半边莲 | 赤芍,1,MOL012220,2,primary_direct,adjudicated_TCMSP_relation_set_v1.1.0
5192,1,4,三棱 | 当归 | 板蓝根 | 猫爪草,1,MOL001302,4,primary_direct,adjudicated_TCMSP_relation_set_v1.1.0
5202,1,2,大黄 | 沙棘,1,MOL002279,2,primary_direct,adjudicated_TCMSP_relation_set_v1.1.0
5429,1,1,苦丁茶,1,MOL006527,1,primary_direct,adjudicated_TCMSP_relation_set_v1.1.0
5504,1,1,高良姜,1,MOL002525,1,primary_direct,adjudicated_TCMSP_relation_set_v1.1.0
5541,1,1,香附,1,MOL004080,1,primary_direct,adjudicated_TCMSP_relation_set_v1.1.0
5571,1,6,半夏 | 天南星 | 桑叶 | 火麻仁 | 白扁豆 | 白鲜皮,1,MOL003870,6,primary_direct,adjudicated_TCMSP_relation_set_v1.1.0
5585,1,3,天南星 | 白果 | 皂角刺,1,MOL011067,3,primary_direct,adjudicated_TCMSP_relation_set_v1.1.0
5610,1,6,小蓟 | 山楂叶 | 水飞蓟 | 洋金花 | 白屈菜 | 麦芽,1,MOL001477,6,primary_direct,adjudicated_TCMSP_relation_set_v1.1.0
5634,1,1,草乌,1,MOL004755,1,primary_direct,adjudicated_TCMSP_relation_set_v1.1.0
5757,1,1,苦杏仁,1,MOL010919,1,primary_direct,adjudicated_TCMSP_relation_set_v1.1.0
5780,1,5,仙桃草 | 凤眼草 | 山楂叶 | 杜仲 | 金莲花,1,MOL006356,5,primary_direct,adjudicated_TCMSP_relation_set_v1.1.0
5789,1,5,半夏 | 泽漆 | 海藻 | 白鲜皮 | 薤白,1,MOL006240,5,primary_direct,adjudicated_TCMSP_relation_set_v1.1.0
5826,1,1,竹沥,1,MOL004466,1,primary_direct,adjudicated_TCMSP_relation_set_v1.1.0
5962,1,11,丹参 | 半夏 | 天竺黄 | 山药 | 檀香 | 牛蒡子 | 瓜蒌 | 白术 | 红花 | 绿豆 | 芡实,1,MOL000055,11,primary_direct,adjudicated_TCMSP_relation_set_v1.1.0
5971,1,2,芥子 | 葶苈子,1,MOL003929,2,primary_direct,adjudicated_TCMSP_relation_set_v1.1.0
5984,1,9,冬瓜皮 | 大枣 | 天葵子 | 山药 | 桑枝 | 沙棘 | 白术 | 西洋参 | 香茅,1,MOL000053,9,primary_direct,adjudicated_TCMSP_relation_set_v1.1.0
5988,1,23,土贝母 | 大枣 | 女贞子 | 川芎 | 川贝母 | 无患子皮 | 板蓝根 | 桑叶 | 款冬花 | 沙棘 | 泽泻 | 熟地黄 | 猕猴桃根 | 白芍 | 白芷 | 绞股蓝 | 羌活 | 胖大海 | 葛花 | 蒿本 | 赤芍 | 车前草 | 黄药子,1,MOL000842,23,primary_direct,adjudicated_TCMSP_relation_set_v1.1.0
5994,1,2,沙棘 | 紫苏,1,MOL006214,2,primary_direct,adjudicated_TCMSP_relation_set_v1.1.0
5997,1,32,乌梅 | 亚麻子 | 冬虫夏草 | 决明子 | 半枝莲 | 地骨皮 | 天南星 | 姜黄 | 山药 | 昆布 | 板蓝根 | 枸杞子 | 水飞蓟 | 沙棘 | 牛黄 | 猫爪草 | 甜瓜子 | 白芷 | 相思子 | 紫苏 | 紫苏子 | 红花 | 绞股蓝 | 芦荟 | 苦杏仁 | 菟丝子 | 薏苡仁 | 蚕沙 | 西河柳 | 辣椒 | 金盏菊花 | 龙葵,1,MOL000953,32,primary_direct,adjudicated_TCMSP_relation_set_v1.1.0
6010,1,1,乳香,1,MOL001222,1,primary_direct,adjudicated_TCMSP_relation_set_v1.1.0
6013,1,3,乳香 | 墨旱莲 | 高良姜,1,MOL001232,3,primary_direct,adjudicated_TCMSP_relation_set_v1.1.0
6021,1,1,辣椒,1,MOL008717,1,primary_direct,adjudicated_TCMSP_relation_set_v1.1.0
6027,1,6,桑枝 | 沙棘 | 瓜蒌 | 相思子 | 胖大海 | 金樱子,1,MOL000731,6,primary_direct,adjudicated_TCMSP_relation_set_v1.1.0
6029,1,4,冬虫夏草 | 天葵子 | 猫爪草 | 白术,1,MOL000059,4,primary_direct,adjudicated_TCMSP_relation_set_v1.1.0
6031,1,1,马勃,1,MOL013049,1,primary_direct,adjudicated_TCMSP_relation_set_v1.1.0
6037,1,9,川芎 | 桑叶 | 沙棘 | 蚕沙 | 辣椒 | 麦芽 | 黄芪 | 黑芝麻 | 黑豆,1,MOL000433,9,primary_direct,adjudicated_TCMSP_relation_set_v1.1.0
6054,1,44,丁香 | 三七 | 三棱 | 侧柏叶 | 八角莲 | 凌霄花 | 北刘寄奴 | 升麻 | 半枝莲 | 四季青 | 女贞子 | 威灵仙 | 密蒙花 | 山茱萸 | 巴戟天 | 木蝴蝶 | 枇杷叶 | 桂枝 | 桑叶 | 梅花 | 款冬花 | 沙棘 | 洋金花 | 灯心草 | 牛蒡子 | 玫瑰花 | 瞿麦 | 矮地茶 | 紫花地丁 | 肉桂 | 芫花 | 苦丁茶 | 荆芥 | 荔枝核 | 葎草 | 葛花 | 蚕沙 | 西河柳 | 金银花 | 钩藤 | 银杏叶 | 零陵香 | 鸡屎藤 | 黄芩,1,MOL001300,44,primary_direct,adjudicated_TCMSP_relation_set_v1.1.0
6072,1,1,巴豆,1,MOL001623,1,primary_direct,adjudicated_TCMSP_relation_set_v1.1.0
6076,1,1,大枣,1,MOL012950,1,primary_direct,adjudicated_TCMSP_relation_set_v1.1.0
6163,1,1,麻黄,1,MOL010779,1,primary_direct,adjudicated_TCMSP_relation_set_v1.1.0
6184,1,59,三七 | 伸筋草 | 冬瓜皮 | 凌霄花 | 十大功劳叶 | 千斤拔 | 升麻 | 半枝莲 | 南沙参 | 南蛇藤果 | 吴茱萸 | 大蒜 | 山茱萸 | 川芎 | 常山 | 干姜 | 昆布 | 木贼 | 木香 | 杜仲叶 | 柴胡 | 栀子 | 桂枝 | 桑叶 | 水红花子 | 牛膝 | 牛蒡子 | 独活 | 玉竹 | 生姜 | 白薇 | 知母 | 紫苏 | 紫苏子 | 细辛 | 羌活 | 肉桂 | 胡椒 | 芫荽 | 苦杏仁 | 苦楝子 | 茺蔚子 | 菊花 | 葛花 | 薏苡仁 | 蚕沙 | 西河柳 | 覆盆子 | 赤芍 | 辛夷 | 辣椒 | 金银花 | 防风 | 零陵香 | 韭菜子 | 香薷 | 鸡屎藤 | 麻黄 | 黑芝麻,1,MOL000666,59,primary_direct,adjudicated_TCMSP_relation_set_v1.1.0
6185,1,1,葶苈子,1,MOL003908,1,primary_direct,adjudicated_TCMSP_relation_set_v1.1.0
6199,1,5,前胡 | 北沙参 | 独活 | 白鲜皮 | 防风,1,MOL001950,5,primary_direct,adjudicated_TCMSP_relation_set_v1.1.0
6213,1,3,地耳草 | 木贼 | 荠菜,1,MOL007875,3,primary_direct,adjudicated_TCMSP_relation_set_v1.1.0
6228,1,1,辣椒,1,MOL008725,1,primary_direct,adjudicated_TCMSP_relation_set_v1.1.0
6251,1,33,云芝 | 仙桃草 | 佩兰 | 使君子 | 冬虫夏草 | 凤眼草 | 前胡 | 天南星 | 天竺黄 | 女贞子 | 扁豆花 | 昆布 | 板蓝根 | 栀子 | 海藻 | 灵芝 | 熟地黄 | 猪苓 | 玉米须 | 瓜蒌 | 石榴皮 | 石菖蒲 | 紫花前胡 | 罗汉果 | 肉苁蓉 | 胡黄连 | 苦丁茶 | 荠菜 | 蒲黄 | 金樱子 | 铁线透骨草 | 防风 | 鼠曲草,1,MOL000003,33,primary_direct,adjudicated_TCMSP_relation_set_v1.1.0
6255,1,1,人参,1,MOL005365,1,primary_direct,adjudicated_TCMSP_relation_set_v1.1.0
6276,1,9,凌霄花 | 柴胡 | 桑叶 | 牛膝 | 玫瑰花 | 金银花 | 防风 | 麻黄 | 黑芝麻,1,MOL003040,9,primary_direct,adjudicated_TCMSP_relation_set_v1.1.0
6293,1,1,茜草,1,MOL006160,1,primary_direct,adjudicated_TCMSP_relation_set_v1.1.0
6324,1,2,辣椒 | 麻黄,1,MOL008702,2,primary_direct,adjudicated_TCMSP_relation_set_v1.1.0
6329,1,1,白屈菜,1,MOL001470,1,primary_direct,adjudicated_TCMSP_relation_set_v1.1.0
6341,1,1,山楂叶,1,MOL008891,1,primary_direct,adjudicated_TCMSP_relation_set_v1.1.0
6343,1,1,辣椒,1,MOL008703,1,primary_direct,adjudicated_TCMSP_relation_set_v1.1.0
6344,1,1,麻黄,1,MOL010777,1,primary_direct,adjudicated_TCMSP_relation_set_v1.1.0
6354,1,1,辣椒,1,MOL008711,1,primary_direct,adjudicated_TCMSP_relation_set_v1.1.0
6386,1,1,山茱萸,1,MOL005541,1,primary_direct,adjudicated_TCMSP_relation_set_v1.1.0
6403,1,4,人参 | 枇杷叶 | 牡荆叶 | 防风,1,MOL005274,4,primary_direct,adjudicated_TCMSP_relation_set_v1.1.0
6404,1,1,辣椒,1,MOL008726,1,primary_direct,adjudicated_TCMSP_relation_set_v1.1.0
6406,1,2,亚麻子 | 枇杷叶,1,MOL005707,2,primary_direct,adjudicated_TCMSP_relation_set_v1.1.0
6497,1,1,莱菔子,1,MOL010675,1,primary_direct,adjudicated_TCMSP_relation_set_v1.1.0
6544,1,9,南蛇藤果 | 巴戟天 | 斑蝥 | 栀子 | 甘草 | 菊花 | 薄荷 | 鸡屎藤 | 麻黄,1,MOL001850,9,primary_direct,adjudicated_TCMSP_relation_set_v1.1.0
6558,1,2,山楂叶 | 枇杷叶,1,MOL008892,2,primary_direct,adjudicated_TCMSP_relation_set_v1.1.0
6560,1,6,凌霄花 | 山茱萸 | 桑叶 | 牛蒡子 | 生姜 | 黑芝麻,1,MOL005554,6,primary_direct,adjudicated_TCMSP_relation_set_v1.1.0
6561,1,7,桑叶 | 紫苏 | 薄荷 | 辣椒 | 马钱子 | 麻黄 | 黑芝麻,1,MOL003416,7,primary_direct,adjudicated_TCMSP_relation_set_v1.1.0
6562,1,1,辣椒,1,MOL008721,1,primary_direct,adjudicated_TCMSP_relation_set_v1.1.0
6569,1,5,桑叶 | 覆盆子 | 辣椒 | 郁金 | 黑芝麻,1,MOL004320,5,primary_direct,adjudicated_TCMSP_relation_set_v1.1.0
6570,1,3,枇杷叶 | 花椒 | 辣椒,1,MOL008722,3,primary_direct,adjudicated_TCMSP_relation_set_v1.1.0
6584,1,5,侧柏叶 | 广藿香 | 玉米须 | 竹沥 | 麻黄,1,MOL002025,5,primary_direct,adjudicated_TCMSP_relation_set_v1.1.0
6590,1,4,凌霄花 | 桑叶 | 牛蒡子 | 麻黄,1,MOL010784,4,primary_direct,adjudicated_TCMSP_relation_set_v1.1.0
6591,1,1,紫苏子,1,MOL012864,1,primary_direct,adjudicated_TCMSP_relation_set_v1.1.0
6613,1,3,玉米须 | 白果 | 知母,1,MOL004493,3,primary_direct,adjudicated_TCMSP_relation_set_v1.1.0
6625,1,1,槟榔,1,MOL010481,1,primary_direct,adjudicated_TCMSP_relation_set_v1.1.0
6653,1,1,玫瑰花,1,MOL010728,1,primary_direct,adjudicated_TCMSP_relation_set_v1.1.0
6659,1,1,杜仲,1,MOL009045,1,primary_direct,adjudicated_TCMSP_relation_set_v1.1.0
6660,1,1,罗汉果,1,MOL010130,1,primary_direct,adjudicated_TCMSP_relation_set_v1.1.0
6665,1,1,枸杞子,1,MOL009672,1,primary_direct,adjudicated_TCMSP_relation_set_v1.1.0
6675,1,1,牛黄,1,MOL008841,1,primary_direct,adjudicated_TCMSP_relation_set_v1.1.0
6716,1,2,升麻 | 香附,1,MOL004029,2,primary_direct,adjudicated_TCMSP_relation_set_v1.1.0
6734,1,1,独活,1,MOL004794,1,primary_direct,adjudicated_TCMSP_relation_set_v1.1.0
6736,1,1,黑豆,1,MOL009705,1,primary_direct,adjudicated_TCMSP_relation_set_v1.1.0
6744,1,7,半边莲 | 天葵子 | 楮实子 | 灯盏细辛 | 牛大力 | 穿心莲 | 蓼大青叶,1,MOL001488,7,primary_direct,adjudicated_TCMSP_relation_set_v1.1.0
6753,1,1,苏合香,1,MOL003775,1,primary_direct,adjudicated_TCMSP_relation_set_v1.1.0
6755,1,1,荜茇,1,MOL001583,1,primary_direct,adjudicated_TCMSP_relation_set_v1.1.0
6759,1,2,昆布 | 黄芪,1,MOL000400,2,primary_direct,adjudicated_TCMSP_relation_set_v1.1.0
6760,1,5,两面针 | 常山 | 白鲜皮 | 花椒 | 黄柏,1,MOL002663,5,primary_direct,adjudicated_TCMSP_relation_set_v1.1.0
6773,1,3,吴茱萸 | 巴戟天 | 茜草,1,MOL003991,3,primary_direct,adjudicated_TCMSP_relation_set_v1.1.0
6780,1,5,决明子 | 枸骨叶 | 罗布麻叶 | 萱草根 | 虎杖,1,MOL006469,5,primary_direct,adjudicated_TCMSP_relation_set_v1.1.0
6781,1,14,乌梅 | 川乌 | 木蝴蝶 | 柴胡 | 桂枝 | 桑叶 | 槟榔 | 牡丹皮 | 石菖蒲 | 紫苏 | 菊花 | 葱白 | 陈皮 | 麻黄,1,MOL002095,14,primary_direct,adjudicated_TCMSP_relation_set_v1.1.0
6782,1,42,丁香 | 倒扣草 | 千斤拔 | 南蛇藤果 | 墓头回 | 大蓟 | 太子参 | 山茱萸 | 广藿香 | 木棉花 | 木蝴蝶 | 板蓝根 | 枇杷叶 | 枸骨叶 | 柴胡 | 桂枝 | 桑叶 | 海藻 | 牛膝 | 猫爪草 | 甘草 | 白术 | 紫苏 | 紫苏子 | 罗汉果 | 肉桂 | 苦杏仁 | 荔枝核 | 葎草 | 葛花 | 葱白 | 西河柳 | 钩藤 | 银杏叶 | 陈皮 | 零陵香 | 雷公藤 | 香薷 | 高良姜 | 鸡屎藤 | 鹅不食草 | 麻黄,1,MOL000057,42,primary_direct,adjudicated_TCMSP_relation_set_v1.1.0
6786,1,1,槟榔,1,MOL010482,1,primary_direct,adjudicated_TCMSP_relation_set_v1.1.0
6802,1,1,半夏,1,MOL006961,1,primary_direct,adjudicated_TCMSP_relation_set_v1.1.0
6811,1,1,当归,1,MOL008250,1,primary_direct,adjudicated_TCMSP_relation_set_v1.1.0
6826,1,2,吴茱萸 | 陈皮,1,MOL003949,2,primary_direct,adjudicated_TCMSP_relation_set_v1.1.0
6853,1,4,山茱萸 | 木贼 | 零陵香 | 鬼针草,1,MOL005516,4,primary_direct,adjudicated_TCMSP_relation_set_v1.1.0
6858,1,1,矮地茶,1,MOL010992,1,primary_direct,adjudicated_TCMSP_relation_set_v1.1.0
6885,1,1,银杏叶,1,MOL011601,1,primary_direct,adjudicated_TCMSP_relation_set_v1.1.0
6890,1,2,绵萆薢 | 菝葜,1,MOL004573,2,primary_direct,adjudicated_TCMSP_relation_set_v1.1.0
6904,1,1,西洋参,1,MOL011441,1,primary_direct,adjudicated_TCMSP_relation_set_v1.1.0
6908,1,1,寻骨风,1,MOL005641,1,primary_direct,adjudicated_TCMSP_relation_set_v1.1.0
6912,1,2,柴胡 | 荠菜,2,MOL004621 | MOL004712,2,primary_direct,adjudicated_TCMSP_relation_set_v1.1.0
6928,1,1,红参,1,MOL012327,1,primary_direct,adjudicated_TCMSP_relation_set_v1.1.0
6985,1,1,乳香,1,MOL001261,1,primary_direct,adjudicated_TCMSP_relation_set_v1.1.0
6989,1,29,仙鹤草 | 侧柏叶 | 凌霄花 | 半枝莲 | 南鹤虱 | 山柰 | 川芎 | 枇杷叶 | 柴胡 | 桂枝 | 生姜 | 石菖蒲 | 紫苏 | 羌活 | 胡椒 | 芫荽 | 菊花 | 葛花 | 薄荷 | 辛夷 | 连翘 | 金钱草 | 金银花 | 银杏叶 | 零陵香 | 香薷 | 高良姜 | 鹅不食草 | 麻黄,1,MOL002042,29,primary_direct,adjudicated_TCMSP_relation_set_v1.1.0
6990,1,4,升麻 | 当归 | 牡丹皮 | 白薇,1,MOL006869,4,primary_direct,adjudicated_TCMSP_relation_set_v1.1.0
6997,1,4,安息香 | 苏合香 | 高良姜 | 黄柏,1,MOL002539,4,primary_direct,adjudicated_TCMSP_relation_set_v1.1.0
6998,1,6,一枝黄花 | 桂枝 | 海藻 | 羌活 | 赤芍 | 麻黄,1,MOL010564,6,primary_direct,adjudicated_TCMSP_relation_set_v1.1.0
7002,1,15,倒扣草 | 党参 | 山茱萸 | 徐长卿 | 木棉花 | 木贼 | 枇杷叶 | 柴胡 | 桑叶 | 猫爪草 | 紫苏 | 蒲黄 | 银杏叶 | 黄柏 | 鼠曲草,1,MOL004582,15,primary_direct,adjudicated_TCMSP_relation_set_v1.1.0
7005,1,1,罗汉果,1,MOL010083,1,primary_direct,adjudicated_TCMSP_relation_set_v1.1.0
7013,1,5,大蓟 | 巴戟天 | 广藿香 | 栀子 | 玉米须,1,MOL005840,5,primary_direct,adjudicated_TCMSP_relation_set_v1.1.0
7028,1,3,苦参 | 麻黄 | 麻黄根,1,MOL006637,3,primary_direct,adjudicated_TCMSP_relation_set_v1.1.0
7041,1,8,沉香 | 竹沥 | 紫苏 | 草果 | 败酱草 | 锦灯笼 | 零陵香 | 鸡血藤,1,MOL000077,8,primary_direct,adjudicated_TCMSP_relation_set_v1.1.0
7043,1,2,葎草 | 蒲黄,1,MOL006108,2,primary_direct,adjudicated_TCMSP_relation_set_v1.1.0
7044,1,4,侧柏叶 | 荜茇 | 薄荷 | 马兜铃,2,MOL001557 | MOL002036,4,primary_direct,adjudicated_TCMSP_relation_set_v1.1.0
7047,1,2,枇杷叶 | 金银花,1,MOL003064,2,primary_direct,adjudicated_TCMSP_relation_set_v1.1.0
7054,1,3,板蓝根 | 蓼大青叶 | 青黛,1,MOL001785,3,primary_direct,adjudicated_TCMSP_relation_set_v1.1.0
7055,1,10,山茱萸 | 徐长卿 | 木棉花 | 枇杷叶 | 梅花 | 猫爪草 | 白附子 | 芫荽 | 薄荷 | 零陵香,1,MOL005483,10,primary_direct,adjudicated_TCMSP_relation_set_v1.1.0
7094,1,3,枇杷叶 | 莱菔子 | 金银花,1,MOL003056,3,primary_direct,adjudicated_TCMSP_relation_set_v1.1.0
7118,1,2,云芝 | 柴胡,1,MOL004711,2,primary_direct,adjudicated_TCMSP_relation_set_v1.1.0
7121,1,2,矮地茶 | 金莲花,1,MOL007276,2,primary_direct,adjudicated_TCMSP_relation_set_v1.1.0
7127,1,38,丁香 | 凌霄花 | 升麻 | 半枝莲 | 南沙参 | 厚朴 | 吴茱萸 | 地枫皮 | 天南星 | 山茱萸 | 川芎 | 木瓜 | 柴胡 | 桂枝 | 桑叶 | 桑寄生 | 梅花 | 淫羊藿 | 满山红 | 独活 | 玫瑰花 | 白芷 | 石菖蒲 | 紫苏 | 细辛 | 肉豆蔻 | 艾叶 | 芥子 | 芫荽 | 花椒 | 茵陈 | 荆芥 | 蒿本 | 豆蔻 | 辛夷 | 银杏叶 | 高良姜 | 麻黄,1,MOL000207,38,primary_direct,adjudicated_TCMSP_relation_set_v1.1.0
7136,1,3,丁香 | 木香 | 芫荽,1,MOL010834,3,primary_direct,adjudicated_TCMSP_relation_set_v1.1.0
7144,1,5,徐长卿 | 竹沥 | 紫苏 | 银杏叶 | 黄柏,1,MOL004483,5,primary_direct,adjudicated_TCMSP_relation_set_v1.1.0
7148,1,3,川芎 | 桂枝 | 胖大海,1,MOL002163,3,primary_direct,adjudicated_TCMSP_relation_set_v1.1.0
7150,1,15,丁香 | 安息香 | 栀子 | 桂枝 | 洋金花 | 百合 | 紫苏 | 芫荽 | 菊花 | 葛花 | 薄荷 | 金莲花 | 麻黄 | 黄柏 | 黄芩,1,MOL006219,15,primary_direct,adjudicated_TCMSP_relation_set_v1.1.0
7165,1,3,丁香 | 桂枝 | 葱白,1,MOL010557,3,primary_direct,adjudicated_TCMSP_relation_set_v1.1.0
7166,1,2,北五味子 | 木蝴蝶,1,MOL008945,2,primary_direct,adjudicated_TCMSP_relation_set_v1.1.0
7193,1,3,桂枝 | 桑叶 | 沙棘,1,MOL010257,3,primary_direct,adjudicated_TCMSP_relation_set_v1.1.0
7194,1,1,桂枝,1,MOL010556,1,primary_direct,adjudicated_TCMSP_relation_set_v1.1.0
7196,1,1,荜茇,1,MOL001612,1,primary_direct,adjudicated_TCMSP_relation_set_v1.1.0
7219,1,3,天南星 | 枇杷叶 | 桑叶,1,MOL013163,3,primary_direct,adjudicated_TCMSP_relation_set_v1.1.0
7220,1,1,斑蝥,1,MOL001864,1,primary_direct,adjudicated_TCMSP_relation_set_v1.1.0
7222,1,9,人参叶 | 山茱萸 | 桔梗 | 生姜 | 白附子 | 红花 | 罗汉果 | 芫荽 | 降香,1,MOL002778,9,primary_direct,adjudicated_TCMSP_relation_set_v1.1.0
7225,1,1,川芎,1,MOL002171,1,primary_direct,adjudicated_TCMSP_relation_set_v1.1.0
7237,1,14,人参叶 | 厚朴 | 大蓟 | 昆布 | 木瓜 | 枇杷叶 | 没药 | 独活 | 甘草 | 红花 | 绞股蓝 | 胖大海 | 菊花 | 辣椒,1,MOL001097,14,primary_direct,adjudicated_TCMSP_relation_set_v1.1.0
7247,1,5,木贼 | 枇杷叶 | 桑叶 | 芫花 | 芫荽,1,MOL005571,5,primary_direct,adjudicated_TCMSP_relation_set_v1.1.0
7253,1,1,鹿衔草,1,MOL000560,1,primary_direct,adjudicated_TCMSP_relation_set_v1.1.0
7269,1,4,山茱萸 | 枇杷叶 | 赤芍 | 黑芝麻,1,MOL005470,4,primary_direct,adjudicated_TCMSP_relation_set_v1.1.0
7282,1,1,甘草,1,MOL004972,1,primary_direct,adjudicated_TCMSP_relation_set_v1.1.0
7296,1,2,甘草 | 银杏叶,1,MOL004920,2,primary_direct,adjudicated_TCMSP_relation_set_v1.1.0
7302,1,4,砂仁 | 竹沥 | 高良姜 | 麻黄,1,MOL002576,4,primary_direct,adjudicated_TCMSP_relation_set_v1.1.0
7304,1,1,檀香,1,MOL007586,1,primary_direct,adjudicated_TCMSP_relation_set_v1.1.0
7311,1,18,功劳木 | 威灵仙 | 川乌 | 木贼 | 木香 | 枇杷叶 | 沉香 | 火麻仁 | 生姜 | 紫苏 | 红花 | 荔枝核 | 菊花 | 葱白 | 葶苈子 | 赤芍 | 陈皮 | 黑芝麻,1,MOL002092,18,primary_direct,adjudicated_TCMSP_relation_set_v1.1.0
7342,1,4,白芍 | 菊花 | 辣椒 | 黑芝麻,1,MOL008707,4,primary_direct,adjudicated_TCMSP_relation_set_v1.1.0
7361,1,15,丁香 | 三七花 | 凌霄花 | 太子参 | 柴胡 | 矮地茶 | 紫苏 | 罗布麻叶 | 罗汉果 | 荔枝核 | 菟丝子 | 葛花 | 银杏叶 | 鸡屎藤 | 黄柏,1,MOL006735,15,primary_direct,adjudicated_TCMSP_relation_set_v1.1.0
7362,1,44,丁香 | 三七花 | 乌梅 | 凌霄花 | 化橘红 | 升麻 | 半夏 | 半枝莲 | 厚朴 | 太子参 | 山茱萸 | 川芎 | 枇杷叶 | 柴胡 | 橘叶 | 橘络 | 沙棘 | 满山红 | 牛膝 | 牛蒡子 | 牵牛子 | 知母 | 竹沥 | 紫苏 | 罗汉果 | 肉桂 | 芥子 | 芦根 | 芫花 | 芫荽 | 苍术 | 茵陈 | 菊花 | 菟丝子 | 葛花 | 蒿本 | 赤芍 | 辣椒 | 金银花 | 银杏叶 | 防风 | 鸡屎藤 | 麻黄 | 黄柏,1,MOL000172,44,primary_direct,adjudicated_TCMSP_relation_set_v1.1.0
7366,1,5,党参 | 木贼 | 枇杷叶 | 花椒 | 菊花,1,MOL008385,5,primary_direct,adjudicated_TCMSP_relation_set_v1.1.0
7381,1,1,北刘寄奴,1,MOL008139,1,primary_direct,adjudicated_TCMSP_relation_set_v1.1.0
7390,1,1,没药,1,MOL001119,1,primary_direct,adjudicated_TCMSP_relation_set_v1.1.0
7393,1,1,薄荷,1,MOL011611,1,primary_direct,adjudicated_TCMSP_relation_set_v1.1.0
7395,1,1,紫苏子,1,MOL012869,1,primary_direct,adjudicated_TCMSP_relation_set_v1.1.0
7405,1,3,大青叶 | 熟地黄 | 青黛,1,MOL002321,3,primary_direct,adjudicated_TCMSP_relation_set_v1.1.0
7406,1,6,三七 | 天山雪莲 | 木贼 | 枇杷叶 | 紫苏 | 银杏叶,1,MOL007497,6,primary_direct,adjudicated_TCMSP_relation_set_v1.1.0
7407,1,5,伸筋草 | 侧柏叶 | 天南星 | 胡椒 | 覆盆子,1,MOL002012,5,primary_direct,adjudicated_TCMSP_relation_set_v1.1.0
7410,1,18,三七 | 当归 | 徐长卿 | 木蝴蝶 | 木贼 | 柴胡 | 桂枝 | 桑叶 | 牛蒡子 | 紫苏 | 肉桂 | 荜茇 | 葛花 | 防风 | 零陵香 | 香薷 | 麻黄 | 黄芩,1,MOL001578,18,primary_direct,adjudicated_TCMSP_relation_set_v1.1.0
7424,1,2,山茱萸 | 泽漆,1,MOL005487,2,primary_direct,adjudicated_TCMSP_relation_set_v1.1.0
7427,1,2,冬虫夏草 | 络石藤,1,MOL000526,2,primary_direct,adjudicated_TCMSP_relation_set_v1.1.0
7428,1,10,五倍子 | 余甘子 | 刀豆 | 地锦草 | 山茱萸 | 泽漆 | 白芍 | 知母 | 石榴皮 | 赤芍,1,MOL001906,10,primary_direct,adjudicated_TCMSP_relation_set_v1.1.0
7450,1,2,千斤拔 | 枇杷叶,1,MOL000672,2,primary_direct,adjudicated_TCMSP_relation_set_v1.1.0
7456,1,5,土荆皮 | 洋金花 | 猫爪草 | 金莲花 | 鱼腥草,1,MOL004348,5,primary_direct,adjudicated_TCMSP_relation_set_v1.1.0
7459,1,2,桑椹 | 菊花,1,MOL010308,2,primary_direct,adjudicated_TCMSP_relation_set_v1.1.0
7461,1,52,丹参 | 伸筋草 | 侧柏叶 | 凌霄花 | 北五味子 | 千年健 | 厚朴 | 吴茱萸 | 地枫皮 | 小茴香 | 川芎 | 干姜 | 当归 | 木香 | 枳实 | 桂枝 | 满山红 | 牡荆叶 | 独活 | 甘松 | 生姜 | 白芷 | 百合 | 砂仁 | 紫苏 | 细辛 | 羌活 | 肉桂 | 胡椒 | 芫荽 | 花椒 | 荜茇 | 菊花 | 蒿本 | 蔓荆子 | 薄荷 | 藁本 | 蛇床子 | 覆盆子 | 豆蔻 | 赤芍 | 辛夷 | 郁金 | 金钱草 | 银柴胡 | 防风 | 青果 | 香橼 | 香薷 | 高良姜 | 麻黄 | 黑老虎,1,MOL000202,52,primary_direct,adjudicated_TCMSP_relation_set_v1.1.0
7462,1,43,伸筋草 | 侧柏叶 | 八角茴香 | 北五味子 | 南鹤虱 | 厚朴 | 吴茱萸 | 墓头回 | 川芎 | 干姜 | 断血流 | 桂枝 | 橘叶 | 橘络 | 满山红 | 牡荆叶 | 玳玳花 | 生姜 | 番泻叶 | 砂仁 | 紫苏 | 细辛 | 罗布麻叶 | 羌活 | 肉桂 | 胡椒 | 艾叶 | 芫荽 | 花椒 | 莪术 | 菊花 | 蒿本 | 蔓荆子 | 薄荷 | 藁本 | 覆盆子 | 辛夷 | 连翘 | 郁金 | 银杏叶 | 青皮 | 香薷 | 黑老虎,1,MOL000911,43,primary_direct,adjudicated_TCMSP_relation_set_v1.1.0
7463,1,71,丹参 | 乌药 | 伸筋草 | 佩兰 | 冰片 | 凌霄花 | 功劳木 | 北五味子 | 厚朴 | 天南星 | 小茴香 | 山柰 | 川芎 | 巴戟天 | 干姜 | 当归 | 木香 | 枇杷叶 | 枳实 | 柴胡 | 桂枝 | 橘红 | 款冬花 | 沙棘 | 没药 | 牡荆叶 | 牡荆子 | 独活 | 甘松 | 生姜 | 白芷 | 益智 | 石菖蒲 | 砂仁 | 积雪草 | 紫苏 | 细辛 | 羌活 | 肉桂 | 胡椒 | 芫荽 | 花椒 | 苏合香 | 荆芥 | 草果 | 荜茇 | 莪术 | 菊花 | 蒿本 | 蔓荆子 | 薄荷 | 藁本 | 蛇床子 | 覆盆子 | 豆蔻 | 辛夷 | 连翘 | 连钱草 | 郁金 | 银杏叶 | 防风 | 零陵香 | 青皮 | 香橼 | 香薷 | 香附 | 高良姜 | 麻黄 | 黑老虎 | 黑芝麻 | 鼠曲草,1,MOL000117,71,primary_direct,adjudicated_TCMSP_relation_set_v1.1.0
7469,1,12,三七 | 射干 | 徐长卿 | 洋金花 | 满山红 | 白薇 | 罗布麻叶 | 胡黄连 | 茵陈 | 虎耳草 | 金莲花 | 麻黄,1,MOL002818,12,primary_direct,adjudicated_TCMSP_relation_set_v1.1.0
7470,1,1,百部,1,MOL009438,1,primary_direct,adjudicated_TCMSP_relation_set_v1.1.0
7476,1,4,木蝴蝶 | 蒿本 | 藁本 | 虎杖,1,MOL011783,4,primary_direct,adjudicated_TCMSP_relation_set_v1.1.0
7478,1,8,半夏 | 小茴香 | 当归 | 木瓜 | 沉香 | 满山红 | 羌活 | 蔓荆子,1,MOL005125,8,primary_direct,adjudicated_TCMSP_relation_set_v1.1.0
7498,1,1,石菖蒲,1,MOL003552,1,primary_direct,adjudicated_TCMSP_relation_set_v1.1.0
7500,1,14,天南星 | 徐长卿 | 木瓜 | 枇杷叶 | 桑椹 | 牛蒡子 | 甘草 | 紫苏 | 紫苏子 | 红花 | 胖大海 | 菊花 | 覆盆子 | 零陵香,1,MOL002678,14,primary_direct,adjudicated_TCMSP_relation_set_v1.1.0
7501,1,16,功劳木 | 天南星 | 安息香 | 山茱萸 | 桂枝 | 桑寄生 | 桑椹 | 没药 | 牵牛子 | 肉桂 | 苏合香 | 薄荷 | 蛇床子 | 银杏叶 | 降香 | 麻黄,1,MOL000704,16,primary_direct,adjudicated_TCMSP_relation_set_v1.1.0
7503,1,2,牛蒡子 | 石菖蒲,1,MOL003550,2,primary_direct,adjudicated_TCMSP_relation_set_v1.1.0
7507,1,2,细辛 | 辣椒,1,MOL008694,2,primary_direct,adjudicated_TCMSP_relation_set_v1.1.0
7509,1,1,葶苈子,1,MOL003932,1,primary_direct,adjudicated_TCMSP_relation_set_v1.1.0
7519,1,5,火麻仁 | 石菖蒲 | 紫菀 | 羌活 | 花椒,1,MOL003579,5,primary_direct,adjudicated_TCMSP_relation_set_v1.1.0
7531,1,1,银杏叶,1,MOL011555,1,primary_direct,adjudicated_TCMSP_relation_set_v1.1.0
7559,1,5,丁香 | 紫苏子 | 胖大海 | 金莲花 | 零陵香,1,MOL007262,5,primary_direct,adjudicated_TCMSP_relation_set_v1.1.0
7643,1,1,荜茇,1,MOL001573,1,primary_direct,adjudicated_TCMSP_relation_set_v1.1.0
7647,1,1,人参叶,1,MOL012625,1,primary_direct,adjudicated_TCMSP_relation_set_v1.1.0
7650,1,1,梅花,1,MOL010698,1,primary_direct,adjudicated_TCMSP_relation_set_v1.1.0
7651,1,4,吴茱萸 | 菊花 | 防风 | 青蒿,1,MOL003951,4,primary_direct,adjudicated_TCMSP_relation_set_v1.1.0
7654,1,2,桂枝 | 西洋参,1,MOL011428,2,primary_direct,adjudicated_TCMSP_relation_set_v1.1.0
7655,1,1,高良姜,1,MOL002531,1,primary_direct,adjudicated_TCMSP_relation_set_v1.1.0
7668,1,3,木瓜 | 芫花 | 黑豆,1,MOL005122,3,primary_direct,adjudicated_TCMSP_relation_set_v1.1.0
7669,1,1,麻黄,1,MOL010772,1,primary_direct,adjudicated_TCMSP_relation_set_v1.1.0
7678,1,2,矮地茶 | 西洋参,1,MOL010946,2,primary_direct,adjudicated_TCMSP_relation_set_v1.1.0
7681,1,1,草乌,1,MOL004753,1,primary_direct,adjudicated_TCMSP_relation_set_v1.1.0
7705,1,5,昆布 | 木棉花 | 枇杷叶 | 紫苏 | 细辛,1,MOL008777,5,primary_direct,adjudicated_TCMSP_relation_set_v1.1.0
7707,1,6,天山雪莲 | 安息香 | 桂枝 | 肉桂 | 苏合香 | 高良姜,1,MOL002541,6,primary_direct,adjudicated_TCMSP_relation_set_v1.1.0
7711,1,1,桂枝,1,MOL010560,1,primary_direct,adjudicated_TCMSP_relation_set_v1.1.0
7725,1,4,威灵仙 | 桂枝 | 瞿麦 | 银杏叶,1,MOL003504,4,primary_direct,adjudicated_TCMSP_relation_set_v1.1.0
7731,1,1,梅花,1,MOL010704,1,primary_direct,adjudicated_TCMSP_relation_set_v1.1.0
7738,1,1,木瓜,1,MOL005117,1,primary_direct,adjudicated_TCMSP_relation_set_v1.1.0
7749,1,1,黑芝麻,1,MOL009843,1,primary_direct,adjudicated_TCMSP_relation_set_v1.1.0
7761,1,1,锦灯笼,1,MOL007230,1,primary_direct,adjudicated_TCMSP_relation_set_v1.1.0
7762,1,3,芫荽 | 萱草根 | 辣椒,1,MOL008705,3,primary_direct,adjudicated_TCMSP_relation_set_v1.1.0
7765,1,7,人参 | 山茱萸 | 牛蒡子 | 荔枝核 | 覆盆子 | 鸡屎藤 | 鹅不食草,1,MOL005306,7,primary_direct,adjudicated_TCMSP_relation_set_v1.1.0
7766,1,1,陈皮,1,MOL005827,1,primary_direct,adjudicated_TCMSP_relation_set_v1.1.0
7768,1,2,倒扣草 | 黑豆,1,MOL008315,2,primary_direct,adjudicated_TCMSP_relation_set_v1.1.0
7775,1,1,沙棘,1,MOL010255,1,primary_direct,adjudicated_TCMSP_relation_set_v1.1.0
7793,1,14,凌霄花 | 干姜 | 月季花 | 桑叶 | 玫瑰花 | 生姜 | 芫荽 | 蒿本 | 郁金 | 金银花 | 香橼 | 香薷 | 高良姜 | 黄柏,1,MOL002522,14,primary_direct,adjudicated_TCMSP_relation_set_v1.1.0
7795,1,1,银杏叶,1,MOL011592,1,primary_direct,adjudicated_TCMSP_relation_set_v1.1.0
7797,1,1,辣椒,1,MOL008712,1,primary_direct,adjudicated_TCMSP_relation_set_v1.1.0
7799,1,7,三七花 | 南沙参 | 木瓜 | 木贼 | 荔枝核 | 虎耳草 | 西河柳,1,MOL003483,7,primary_direct,adjudicated_TCMSP_relation_set_v1.1.0
7800,1,4,天山雪莲 | 木棉花 | 独活 | 鸡血藤,1,MOL000477,4,primary_direct,adjudicated_TCMSP_relation_set_v1.1.0
7809,1,18,天南星 | 木瓜 | 木蝴蝶 | 枇杷叶 | 桑叶 | 桑椹 | 没药 | 玉米须 | 甘草 | 竹节参 | 红花 | 芫花 | 菊花 | 覆盆子 | 银杏叶 | 零陵香 | 麻黄 | 黑芝麻,1,MOL001099,18,primary_direct,adjudicated_TCMSP_relation_set_v1.1.0
7818,1,1,佛手,1,MOL013239,1,primary_direct,adjudicated_TCMSP_relation_set_v1.1.0
7824,1,6,枳椇子 | 柴胡 | 紫苏子 | 苦楝子 | 菊花 | 葛花,1,MOL004627,6,primary_direct,adjudicated_TCMSP_relation_set_v1.1.0
7826,1,3,枳椇子 | 柏子仁 | 麻黄,1,MOL008152,3,primary_direct,adjudicated_TCMSP_relation_set_v1.1.0
7829,1,1,葶苈子,1,MOL003919,1,primary_direct,adjudicated_TCMSP_relation_set_v1.1.0
7843,1,4,白果 | 白附子 | 肉苁蓉 | 银杏叶,1,MOL008879,4,primary_direct,adjudicated_TCMSP_relation_set_v1.1.0
7847,1,3,厚朴 | 枇杷叶 | 桂枝,1,MOL005979,3,primary_direct,adjudicated_TCMSP_relation_set_v1.1.0
7884,1,1,黑豆,1,MOL009708,1,primary_direct,adjudicated_TCMSP_relation_set_v1.1.0
7892,1,4,沙棘 | 甘草 | 覆盆子 | 黑芝麻,1,MOL004934,4,primary_direct,adjudicated_TCMSP_relation_set_v1.1.0
7894,1,1,山茱萸,1,MOL005522,1,primary_direct,adjudicated_TCMSP_relation_set_v1.1.0
7895,1,4,葛花 | 银杏叶 | 高良姜 | 鹅不食草,1,MOL002542,4,primary_direct,adjudicated_TCMSP_relation_set_v1.1.0
7907,1,2,檀香 | 紫苏子,1,MOL007577,2,primary_direct,adjudicated_TCMSP_relation_set_v1.1.0
7909,1,2,檀香 | 麻黄,1,MOL007582,2,primary_direct,adjudicated_TCMSP_relation_set_v1.1.0
7915,1,1,荠菜,1,MOL013308,1,primary_direct,adjudicated_TCMSP_relation_set_v1.1.0
7918,1,1,白芍,1,MOL001898,1,primary_direct,adjudicated_TCMSP_relation_set_v1.1.0
7922,1,1,砂仁,1,MOL007518,1,primary_direct,adjudicated_TCMSP_relation_set_v1.1.0
7923,1,1,白头翁,1,MOL001995,1,primary_direct,adjudicated_TCMSP_relation_set_v1.1.0
7933,1,1,火麻仁,1,MOL005024,1,primary_direct,adjudicated_TCMSP_relation_set_v1.1.0
7937,1,2,枇杷叶 | 银杏叶,1,MOL011547,2,primary_direct,adjudicated_TCMSP_relation_set_v1.1.0
7938,1,3,冬瓜皮 | 牛膝 | 黑芝麻,1,MOL007891,3,primary_direct,adjudicated_TCMSP_relation_set_v1.1.0
7943,1,1,苦楝皮,1,MOL010637,1,primary_direct,adjudicated_TCMSP_relation_set_v1.1.0
7948,1,3,杜仲叶 | 银杏叶 | 零陵香,1,MOL011559,3,primary_direct,adjudicated_TCMSP_relation_set_v1.1.0
7962,1,3,甘草 | 罗布麻叶 | 薤白,1,MOL004919,3,primary_direct,adjudicated_TCMSP_relation_set_v1.1.0
7965,1,1,紫苏子,1,MOL012890,1,primary_direct,adjudicated_TCMSP_relation_set_v1.1.0
7967,1,11,山茱萸 | 枇杷叶 | 柴胡 | 满山红 | 牛蒡子 | 紫苏 | 茺蔚子 | 荆芥 | 辣椒 | 防己 | 麻黄,1,MOL000873,11,primary_direct,adjudicated_TCMSP_relation_set_v1.1.0
7970,1,2,檀香 | 银杏叶,1,MOL007580,2,primary_direct,adjudicated_TCMSP_relation_set_v1.1.0
7971,1,1,沙棘,1,MOL010219,1,primary_direct,adjudicated_TCMSP_relation_set_v1.1.0
7975,1,1,满山红,1,MOL012417,1,primary_direct,adjudicated_TCMSP_relation_set_v1.1.0
7976,1,4,冬瓜皮 | 半夏 | 紫苏 | 黑芝麻,1,MOL006939,4,primary_direct,adjudicated_TCMSP_relation_set_v1.1.0
7981,1,1,沙棘,1,MOL010226,1,primary_direct,adjudicated_TCMSP_relation_set_v1.1.0
7983,1,1,罗汉果,1,MOL010119,1,primary_direct,adjudicated_TCMSP_relation_set_v1.1.0
7984,1,3,伸筋草 | 西河柳 | 银杏叶,1,MOL005426,3,primary_direct,adjudicated_TCMSP_relation_set_v1.1.0
7991,1,13,乌梅 | 凌霄花 | 升麻 | 枇杷叶 | 柴胡 | 桑叶 | 海金沙 | 牵牛子 | 猫爪草 | 玳玳花 | 竹沥 | 羌活 | 辣椒,1,MOL002885,13,primary_direct,adjudicated_TCMSP_relation_set_v1.1.0
7996,1,3,山茱萸 | 罗汉果 | 辣椒,1,MOL005480,3,primary_direct,adjudicated_TCMSP_relation_set_v1.1.0
8003,1,2,玫瑰花 | 辣椒,1,MOL008732,2,primary_direct,adjudicated_TCMSP_relation_set_v1.1.0
8004,1,1,辣椒,1,MOL008734,1,primary_direct,adjudicated_TCMSP_relation_set_v1.1.0
8009,1,1,葶苈子,1,MOL003931,1,primary_direct,adjudicated_TCMSP_relation_set_v1.1.0
8013,1,1,薤白,1,MOL007603,1,primary_direct,adjudicated_TCMSP_relation_set_v1.1.0
8021,1,1,山楂叶,1,MOL008890,1,primary_direct,adjudicated_TCMSP_relation_set_v1.1.0
8025,1,7,三七花 | 凌霄花 | 牛膝 | 砂仁 | 竹节参 | 芫荽 | 覆盆子,1,MOL006731,7,primary_direct,adjudicated_TCMSP_relation_set_v1.1.0
8027,1,3,太子参 | 柴胡 | 檀香,1,MOL007587,3,primary_direct,adjudicated_TCMSP_relation_set_v1.1.0
8030,1,1,薤白,1,MOL007624,1,primary_direct,adjudicated_TCMSP_relation_set_v1.1.0
8034,1,2,广藿香 | 海金沙,1,MOL002871,2,primary_direct,adjudicated_TCMSP_relation_set_v1.1.0
8042,1,3,牛蒡子 | 芫荽 | 麻黄,1,MOL010796,3,primary_direct,adjudicated_TCMSP_relation_set_v1.1.0
8048,1,1,白芷,1,MOL005788,1,primary_direct,adjudicated_TCMSP_relation_set_v1.1.0
8050,1,7,伸筋草 | 枳椇子 | 紫苏子 | 芫荽 | 菊花 | 葛花 | 金莲花,1,MOL005425,7,primary_direct,adjudicated_TCMSP_relation_set_v1.1.0
8051,1,13,丁香 | 巴戟天 | 柴胡 | 桑寄生 | 牛膝 | 牵牛子 | 玉竹 | 甘草 | 生姜 | 罗汉果 | 辣椒 | 零陵香 | 黑芝麻,1,MOL000703,13,primary_direct,adjudicated_TCMSP_relation_set_v1.1.0
8054,1,2,厚朴 | 葛花,1,MOL005953,2,primary_direct,adjudicated_TCMSP_relation_set_v1.1.0
8058,1,7,木蝴蝶 | 牡荆叶 | 玫瑰花 | 甘草 | 花椒 | 银杏叶 | 零陵香,1,MOL004918,7,primary_direct,adjudicated_TCMSP_relation_set_v1.1.0
8063,1,12,三七 | 凌霄花 | 吴茱萸 | 柴胡 | 桑叶 | 牛膝 | 猫眼草 | 生姜 | 番泻叶 | 蚕沙 | 金银花 | 防风,1,MOL002379,12,primary_direct,adjudicated_TCMSP_relation_set_v1.1.0
8064,1,1,麦芽,1,MOL010855,1,primary_direct,adjudicated_TCMSP_relation_set_v1.1.0
8073,1,1,三七花,1,MOL006732,1,primary_direct,adjudicated_TCMSP_relation_set_v1.1.0
8077,1,1,肉苁蓉,1,MOL008874,1,primary_direct,adjudicated_TCMSP_relation_set_v1.1.0
8078,1,6,枇杷叶 | 生姜 | 竹节参 | 紫苏 | 蚕沙 | 银杏叶,1,MOL004735,6,primary_direct,adjudicated_TCMSP_relation_set_v1.1.0
8079,1,3,厚朴 | 桑叶 | 细辛,1,MOL005967,3,primary_direct,adjudicated_TCMSP_relation_set_v1.1.0
8082,1,4,枇杷叶 | 胡椒 | 荜茇 | 辣椒,1,MOL001564,4,primary_direct,adjudicated_TCMSP_relation_set_v1.1.0
8091,1,14,急性子 | 枳椇子 | 柏子仁 | 柴胡 | 楮实子 | 紫苏子 | 芫荽 | 葛花 | 西洋参 | 金莲花 | 锦灯笼 | 防风 | 麻黄 | 黄芩,1,MOL004682,14,primary_direct,adjudicated_TCMSP_relation_set_v1.1.0
8093,1,5,三七 | 柴胡 | 桑叶 | 玫瑰花 | 防风,1,MOL004687,5,primary_direct,adjudicated_TCMSP_relation_set_v1.1.0
8094,1,13,党参 | 升麻 | 威灵仙 | 徐长卿 | 柴胡 | 桂枝 | 牛膝 | 白薇 | 羌活 | 芫荽 | 花椒 | 西洋参 | 麻黄,1,MOL004664,13,primary_direct,adjudicated_TCMSP_relation_set_v1.1.0
8103,1,34,一枝黄花 | 党参 | 凌霄花 | 北刘寄奴 | 千斤拔 | 半枝莲 | 巴戟天 | 昆布 | 木瓜 | 杜仲 | 枇杷叶 | 柴胡 | 桑叶 | 梅花 | 淫羊藿 | 牛膝 | 牛蒡子 | 牵牛子 | 玫瑰花 | 瞿麦 | 紫苏 | 细辛 | 罗汉果 | 芫荽 | 苦杏仁 | 荠菜 | 荷叶 | 葛花 | 薄荷 | 辣椒 | 银杏叶 | 防风 | 麻黄 | 黑芝麻,1,MOL000667,34,primary_direct,adjudicated_TCMSP_relation_set_v1.1.0
8105,1,2,半夏 | 莱菔子,1,MOL006934,2,primary_direct,adjudicated_TCMSP_relation_set_v1.1.0
8106,1,1,败酱草,1,MOL001672,1,primary_direct,adjudicated_TCMSP_relation_set_v1.1.0
8108,1,2,半夏 | 枇杷叶,1,MOL006954,2,primary_direct,adjudicated_TCMSP_relation_set_v1.1.0
8116,1,1,辣椒,1,MOL008666,1,primary_direct,adjudicated_TCMSP_relation_set_v1.1.0
8125,1,5,半夏 | 款冬花 | 菊花 | 银杏叶 | 韭菜子,1,MOL006935,5,primary_direct,adjudicated_TCMSP_relation_set_v1.1.0
8129,1,7,柴胡 | 牛膝 | 玫瑰花 | 白芷 | 瞿麦 | 韭菜子 | 麻黄,1,MOL003507,7,primary_direct,adjudicated_TCMSP_relation_set_v1.1.0
8130,1,40,三七 | 三七花 | 伸筋草 | 凌霄花 | 前胡 | 南沙参 | 厚朴 | 吴茱萸 | 天南星 | 川芎 | 巴戟天 | 当归 | 杜仲 | 柴胡 | 桑寄生 | 沙棘 | 灵芝 | 牛蒡子 | 牵牛子 | 独活 | 玉米须 | 玫瑰花 | 甘草 | 白芷 | 紫花前胡 | 罗布麻叶 | 羌活 | 芫荽 | 花椒 | 苦楝子 | 菊花 | 菟丝子 | 蒿本 | 藁本 | 辣椒 | 银杏叶 | 防风 | 零陵香 | 韭菜子 | 香橼,1,MOL000705,40,primary_direct,adjudicated_TCMSP_relation_set_v1.1.0
8133,1,1,款冬花,1,MOL010031,1,primary_direct,adjudicated_TCMSP_relation_set_v1.1.0
8138,1,1,柏子仁,1,MOL008150,1,primary_direct,adjudicated_TCMSP_relation_set_v1.1.0
8139,1,8,柴胡 | 楮实子 | 菊花 | 葛花 | 西河柳 | 西红花 | 麻黄 | 黄芩,1,MOL001386,8,primary_direct,adjudicated_TCMSP_relation_set_v1.1.0
8141,1,14,前胡 | 土茯苓 | 地耳草 | 天南星 | 威灵仙 | 灵芝 | 牵牛子 | 独活 | 玫瑰花 | 紫花前胡 | 芫花 | 芫荽 | 防风 | 黑芝麻,1,MOL004783,14,primary_direct,adjudicated_TCMSP_relation_set_v1.1.0
8148,1,1,竹沥,1,MOL004475,1,primary_direct,adjudicated_TCMSP_relation_set_v1.1.0
8158,1,38,党参 | 冬葵果 | 凌霄花 | 化橘红 | 升麻 | 天南星 | 天葵子 | 巴戟天 | 月季花 | 木棉花 | 木瓜 | 枇杷叶 | 枸骨叶 | 柴胡 | 桂枝 | 桑椹 | 楮实子 | 水红花子 | 灵芝 | 玫瑰花 | 瓜蒌 | 白芷 | 紫苏 | 罗汉果 | 羌活 | 芫荽 | 苦楝子 | 葎草 | 薏苡仁 | 西洋参 | 金银花 | 防风 | 零陵香 | 马齿苋 | 鸡屎藤 | 麻黄 | 黄柏 | 黄芩,1,MOL003050,38,primary_direct,adjudicated_TCMSP_relation_set_v1.1.0
8159,1,1,梅花,1,MOL010702,1,primary_direct,adjudicated_TCMSP_relation_set_v1.1.0
8163,1,22,丁香 | 三白草 | 关黄柏 | 十大功劳叶 | 半夏 | 巴戟天 | 干姜 | 柴胡 | 灯心草 | 灵芝 | 玫瑰花 | 生姜 | 矮地茶 | 紫苏 | 罗汉果 | 花椒 | 莪术 | 葱白 | 辛夷 | 辣椒 | 鱼腥草 | 黄柏,1,MOL000924,22,primary_direct,adjudicated_TCMSP_relation_set_v1.1.0
8164,1,8,乳香 | 栀子 | 梅花 | 砂仁 | 羌活 | 芫荽 | 草果 | 防风,1,MOL000129,8,primary_direct,adjudicated_TCMSP_relation_set_v1.1.0
8167,1,6,乳香 | 独活 | 羌活 | 芫荽 | 薄荷 | 防风,1,MOL001227,6,primary_direct,adjudicated_TCMSP_relation_set_v1.1.0
8174,1,5,沙棘 | 白芷 | 瞿麦 | 芫荽 | 陈皮,1,MOL003508,5,primary_direct,adjudicated_TCMSP_relation_set_v1.1.0
8175,1,26,凌霄花 | 北刘寄奴 | 升麻 | 南沙参 | 常山 | 干姜 | 当归 | 柴胡 | 桑寄生 | 梅花 | 沙棘 | 灵芝 | 牛蒡子 | 玳玳花 | 生姜 | 百合 | 瞿麦 | 紫苏 | 红花 | 芫荽 | 草果 | 辣椒 | 陈皮 | 零陵香 | 香橼 | 鱼腥草,1,MOL000121,26,primary_direct,adjudicated_TCMSP_relation_set_v1.1.0
8176,1,2,淫羊藿 | 细辛,1,MOL004366,2,primary_direct,adjudicated_TCMSP_relation_set_v1.1.0
8177,1,1,沉香,1,MOL010506,1,primary_direct,adjudicated_TCMSP_relation_set_v1.1.0
8180,1,12,川芎 | 柴胡 | 檀香 | 猕猴桃根 | 罗汉果 | 羌活 | 芫荽 | 茯苓 | 西河柳 | 银杏叶 | 防风 | 马齿苋,1,MOL000302,12,primary_direct,adjudicated_TCMSP_relation_set_v1.1.0
8181,1,76,三七 | 三七花 | 乌敛莓 | 人参 | 仙茅 | 伸筋草 | 党参 | 决明子 | 凌霄花 | 前胡 | 功劳木 | 化橘红 | 十大功劳叶 | 升麻 | 厚朴 | 大蓟 | 威灵仙 | 山茱萸 | 川芎 | 干姜 | 月季花 | 木棉花 | 木贼 | 板蓝根 | 枇杷叶 | 枸杞子 | 柏子仁 | 栀子 | 桑叶 | 楮实子 | 款冬花 | 水红花子 | 沙棘 | 海金沙 | 牛膝 | 牛蒡子 | 独活 | 玉米须 | 瓜蒌 | 白前 | 白芷 | 益母草 | 紫花前胡 | 紫花地丁 | 紫苏 | 红芪 | 罗汉果 | 羌活 | 胖大海 | 芫荽 | 苍耳子 | 苦杏仁 | 苦楝子 | 茺蔚子 | 荔枝核 | 莱菔子 | 菊花 | 葎草 | 葛花 | 葱白 | 葶苈子 | 蒲黄 | 西河柳 | 西红花 | 赤芍 | 金银花 | 银杏叶 | 锦灯笼 | 防风 | 零陵香 | 雷公藤 | 马鞭草 | 高良姜 | 麻黄 | 黄柏 | 黄芩,1,MOL000879,76,primary_direct,adjudicated_TCMSP_relation_set_v1.1.0
8182,1,33,人参叶 | 党参 | 凤尾草 | 土茯苓 | 大蓟 | 天南星 | 山茱萸 | 巴戟天 | 当归 | 木贼 | 桑叶 | 桑椹 | 款冬花 | 沙棘 | 牛膝 | 牡荆叶 | 竹节参 | 罗布麻叶 | 罗汉果 | 肉桂 | 芫花 | 芫荽 | 花椒 | 茺蔚子 | 荔枝核 | 菟丝子 | 薄荷 | 西洋参 | 辣椒 | 金银花 | 零陵香 | 黄芩 | 黑芝麻,1,MOL000885,33,primary_direct,adjudicated_TCMSP_relation_set_v1.1.0
8183,1,7,川贝母 | 当归 | 款冬花 | 白芷 | 紫苏 | 细辛 | 零陵香,1,MOL008245,7,primary_direct,adjudicated_TCMSP_relation_set_v1.1.0
8184,1,7,乳香 | 枇杷叶 | 桑叶 | 白芷 | 细辛 | 芫荽 | 荷叶,1,MOL001230,7,primary_direct,adjudicated_TCMSP_relation_set_v1.1.0
8186,1,9,凌霄花 | 沙棘 | 灵芝 | 生姜 | 芫花 | 芫荽 | 陈皮 | 零陵香 | 黄芩,1,MOL005577,9,primary_direct,adjudicated_TCMSP_relation_set_v1.1.0
8187,1,3,罗汉果 | 芫荽 | 零陵香,1,MOL010061,3,primary_direct,adjudicated_TCMSP_relation_set_v1.1.0
8193,1,10,乳香 | 人参 | 枇杷叶 | 白芍 | 白芷 | 芫荽 | 荜茇 | 菊花 | 西洋参 | 黄柏,1,MOL001218,10,primary_direct,adjudicated_TCMSP_relation_set_v1.1.0
8194,1,16,党参 | 凌霄花 | 升麻 | 巴豆 | 杜仲叶 | 沉香 | 沙棘 | 白芍 | 白芷 | 罗汉果 | 芫花 | 芫荽 | 苦楝子 | 蛇床子 | 鱼腥草 | 鼠曲草,1,MOL001644,16,primary_direct,adjudicated_TCMSP_relation_set_v1.1.0
8200,1,2,木瓜 | 辣椒,1,MOL005133,2,primary_direct,adjudicated_TCMSP_relation_set_v1.1.0
8205,1,3,白芷 | 蒿本 | 郁金,1,MOL004281,3,primary_direct,adjudicated_TCMSP_relation_set_v1.1.0
8207,1,4,地耳草 | 白芷 | 紫花地丁 | 芫荽,1,MOL004459,4,primary_direct,adjudicated_TCMSP_relation_set_v1.1.0
8209,1,7,乳香 | 人参 | 当归 | 枇杷叶 | 白芷 | 芫荽 | 辣椒,1,MOL001212,7,primary_direct,adjudicated_TCMSP_relation_set_v1.1.0
8217,1,7,厚朴 | 山茱萸 | 川贝母 | 竹节参 | 红花 | 细辛 | 辣椒,1,MOL002703,7,primary_direct,adjudicated_TCMSP_relation_set_v1.1.0
8247,1,2,川芎 | 蒿本,1,MOL002139,2,primary_direct,adjudicated_TCMSP_relation_set_v1.1.0
8254,1,1,花椒,1,MOL013273,1,primary_direct,adjudicated_TCMSP_relation_set_v1.1.0
8257,1,3,干姜 | 当归 | 防风,1,MOL002480,3,primary_direct,adjudicated_TCMSP_relation_set_v1.1.0
8299,1,4,佛手 | 檀香 | 竹沥 | 葛花,1,MOL004482,4,primary_direct,adjudicated_TCMSP_relation_set_v1.1.0
8344,1,2,桂枝 | 麻黄,1,MOL010551,2,primary_direct,adjudicated_TCMSP_relation_set_v1.1.0
8363,1,3,枇杷叶 | 瞿麦 | 羌活,1,MOL003506,3,primary_direct,adjudicated_TCMSP_relation_set_v1.1.0
8369,1,9,土贝母 | 山豆根 | 槐角 | 淫羊藿 | 瞿麦 | 红参 | 零陵香 | 马钱子 | 骨碎补,1,MOL003518,9,primary_direct,adjudicated_TCMSP_relation_set_v1.1.0
8375,1,3,徐长卿 | 桂枝 | 赤芍,1,MOL005610,3,primary_direct,adjudicated_TCMSP_relation_set_v1.1.0
8404,1,1,葱白,1,MOL011635,1,primary_direct,adjudicated_TCMSP_relation_set_v1.1.0
8417,1,13,佛手 | 半边莲 | 川牛膝 | 枸骨叶 | 柴胡 | 白头翁 | 肿节风 | 艾叶 | 茵陈 | 葛根 | 葛花 | 青果 | 青蒿,1,MOL001999,13,primary_direct,adjudicated_TCMSP_relation_set_v1.1.0
8418,1,9,山茱萸 | 徐长卿 | 木棉花 | 木蝴蝶 | 桂枝 | 满山红 | 白附子 | 芫荽 | 零陵香,1,MOL005501,9,primary_direct,adjudicated_TCMSP_relation_set_v1.1.0
8419,1,1,吴茱萸,1,MOL004023,1,primary_direct,adjudicated_TCMSP_relation_set_v1.1.0
8433,1,1,甘草,1,MOL004837,1,primary_direct,adjudicated_TCMSP_relation_set_v1.1.0
8434,1,7,吴茱萸 | 大蒜 | 桑白皮 | 白茅根 | 芥子 | 芫花 | 葛花,1,MOL001873,7,primary_direct,adjudicated_TCMSP_relation_set_v1.1.0
8437,1,1,海藻,1,MOL010580,1,primary_direct,adjudicated_TCMSP_relation_set_v1.1.0
8441,1,2,没药 | 藁本,1,MOL001086,2,primary_direct,adjudicated_TCMSP_relation_set_v1.1.0
8446,1,1,白附子,1,MOL012928,1,primary_direct,adjudicated_TCMSP_relation_set_v1.1.0
8456,1,7,木蝴蝶 | 枇杷叶 | 紫苏 | 红芪 | 葎草 | 蔓荆子 | 西洋参,1,MOL007331,7,primary_direct,adjudicated_TCMSP_relation_set_v1.1.0
8467,1,1,山茱萸,1,MOL005550,1,primary_direct,adjudicated_TCMSP_relation_set_v1.1.0
8468,1,84,云芝 | 佛手 | 八角莲 | 凤仙透骨草 | 前胡 | 功劳木 | 北沙参 | 半夏 | 半枝莲 | 南蛇藤果 | 卷柏 | 土荆皮 | 地耳草 | 大血藤 | 天葵子 | 威灵仙 | 安息香 | 密蒙花 | 寻骨风 | 山豆根 | 川芎 | 广枣 | 延胡索 | 月季花 | 木贼 | 木通 | 杜仲 | 枳椇子 | 桑叶 | 桑白皮 | 水红花子 | 海金沙 | 满山红 | 牡丹皮 | 牡荆子 | 猕猴桃根 | 玄参 | 玉米须 | 瓜蒌 | 生姜 | 白毛藤 | 白茅根 | 百部 | 石菖蒲 | 石韦 | 砂仁 | 红芪 | 罗汉果 | 羌活 | 肿节风 | 胡黄连 | 芦根 | 花生衣 | 苍术 | 苦楝子 | 草果 | 菝葜 | 萱草根 | 葱白 | 蒺藜 | 蔓荆子 | 蕤仁 | 覆盆子 | 贯叶金丝桃 | 赤芍 | 车前草 | 辣椒 | 连翘 | 郁李仁 | 郁金 | 金沸草 | 金莲花 | 银杏叶 | 银柴胡 | 防风 | 香附 | 马兜铃 | 麦芽 | 麻黄 | 麻黄根 | 黄芪 | 黄药子 | 黄连 | 龙葵,1,MOL000114,84,primary_direct,adjudicated_TCMSP_relation_set_v1.1.0
8487,1,1,千斤拔,1,MOL000670,1,primary_direct,adjudicated_TCMSP_relation_set_v1.1.0
8512,1,2,前胡 | 巴戟天,1,MOL009506,2,primary_direct,adjudicated_TCMSP_relation_set_v1.1.0
8550,1,1,贯众,1,MOL002609,1,primary_direct,adjudicated_TCMSP_relation_set_v1.1.0
8554,1,8,枇杷叶 | 枸骨叶 | 柴胡 | 甘草 | 砂仁 | 肿节风 | 薄荷 | 黄芩,1,MOL005021,8,primary_direct,adjudicated_TCMSP_relation_set_v1.1.0
8559,1,1,白芍,1,MOL001892,1,primary_direct,adjudicated_TCMSP_relation_set_v1.1.0
8564,1,1,罂粟壳,1,MOL009329,1,primary_direct,adjudicated_TCMSP_relation_set_v1.1.0
8575,1,5,天山雪莲 | 罗汉果 | 荆芥 | 郁金 | 麻黄,1,MOL004285,5,primary_direct,adjudicated_TCMSP_relation_set_v1.1.0
8601,1,1,决明子,1,MOL006451,1,primary_direct,adjudicated_TCMSP_relation_set_v1.1.0
8635,1,3,化橘红 | 吴茱萸 | 葛花,1,MOL004011,3,primary_direct,adjudicated_TCMSP_relation_set_v1.1.0
8655,1,15,党参 | 吴茱萸 | 广枣 | 桂枝 | 檀香 | 独活 | 石见穿 | 秦皮 | 细辛 | 芦根 | 芫花 | 荆芥 | 葛花 | 葶苈子 | 麻黄,1,MOL003177,15,primary_direct,adjudicated_TCMSP_relation_set_v1.1.0
8658,1,3,一枝黄花 | 桂枝 | 海金沙,1,MOL002888,3,primary_direct,adjudicated_TCMSP_relation_set_v1.1.0
8679,1,8,山茱萸 | 海藻 | 砂仁 | 秦皮 | 罗汉果 | 蓼大青叶 | 青黛 | 鹿衔草,1,MOL000570,8,primary_direct,adjudicated_TCMSP_relation_set_v1.1.0
8698,1,4,安息香 | 枇杷叶 | 甘草 | 生姜,1,MOL004832,4,primary_direct,adjudicated_TCMSP_relation_set_v1.1.0
8742,1,13,八角茴香 | 土茯苓 | 土荆皮 | 地锦草 | 木瓜 | 石上柏 | 紫苏 | 老鹳草 | 葛花 | 覆盆子 | 诃子 | 银杏叶 | 黄药子,1,MOL005074,13,primary_direct,adjudicated_TCMSP_relation_set_v1.1.0
8748,1,18,乌药 | 冰片 | 北五味子 | 千年健 | 土茯苓 | 百合 | 砂仁 | 细辛 | 羌活 | 芫荽 | 菊花 | 辛夷 | 连翘 | 陈皮 | 青蒿 | 香薷 | 马兜铃 | 高良姜,2,MOL000696 | MOL006868,18,primary_direct,adjudicated_TCMSP_relation_set_v1.1.0
8766,1,1,广藿香,1,MOL005903,1,primary_direct,adjudicated_TCMSP_relation_set_v1.1.0
8768,1,15,丹参 | 半夏 | 四季青 | 天南星 | 桂枝 | 泽兰 | 灯盏细辛 | 玉米须 | 石见穿 | 紫苏 | 荔枝核 | 葛花 | 蝉蜕 | 连钱草 | 雷公藤,1,MOL001452,15,primary_direct,adjudicated_TCMSP_relation_set_v1.1.0
8785,1,6,丁香 | 栀子 | 桂枝 | 梅花 | 苏合香 | 鸡屎藤,1,MOL003785,6,primary_direct,adjudicated_TCMSP_relation_set_v1.1.0
8792,1,1,高良姜,1,MOL002545,1,primary_direct,adjudicated_TCMSP_relation_set_v1.1.0
8815,1,22,丁香 | 八角茴香 | 千金子 | 小茴香 | 干姜 | 木瓜 | 木香 | 枇杷叶 | 桂枝 | 桑叶 | 梅花 | 淫羊藿 | 玳玳花 | 番泻叶 | 石菖蒲 | 砂仁 | 紫苏 | 细辛 | 胡椒 | 花椒 | 蒿本 | 辛夷,1,MOL002361,22,primary_direct,adjudicated_TCMSP_relation_set_v1.1.0
8846,1,1,桑椹,1,MOL010306,1,primary_direct,adjudicated_TCMSP_relation_set_v1.1.0
8857,1,24,三七花 | 凌霄花 | 大蒜 | 山茱萸 | 巴戟天 | 木蝴蝶 | 桑叶 | 檀香 | 沙棘 | 牛膝 | 牛蒡子 | 白芍 | 白芷 | 矮地茶 | 紫苏 | 红花 | 艾叶 | 覆盆子 | 辛夷 | 辣椒 | 香茅 | 鸡屎藤 | 麻黄 | 黑芝麻,1,MOL000775,24,primary_direct,adjudicated_TCMSP_relation_set_v1.1.0
8858,1,4,功劳木 | 木通 | 满山红 | 矮地茶,1,MOL011001,4,primary_direct,adjudicated_TCMSP_relation_set_v1.1.0
8872,1,1,辣椒,1,MOL008714,1,primary_direct,adjudicated_TCMSP_relation_set_v1.1.0
8878,1,1,西红花,1,MOL001380,1,primary_direct,adjudicated_TCMSP_relation_set_v1.1.0
8892,1,45,三七 | 余甘子 | 佛手 | 党参 | 凌霄花 | 北刘寄奴 | 升麻 | 南瓜子 | 四季青 | 天葵子 | 威灵仙 | 川楝子 | 巴戟天 | 徐长卿 | 木棉花 | 木瓜 | 枇杷叶 | 柴胡 | 栀子 | 桂枝 | 桑叶 | 沙棘 | 海金沙 | 灵芝 | 牛膝 | 牡丹皮 | 生姜 | 白薇 | 矮地茶 | 竹节参 | 红花 | 罗汉果 | 羌活 | 芫荽 | 苦楝子 | 薏苡仁 | 西洋参 | 覆盆子 | 辣椒 | 钩藤 | 银杏叶 | 青果 | 鹤虱 | 麻黄 | 黄芩,1,MOL002046,45,primary_direct,adjudicated_TCMSP_relation_set_v1.1.0
8900,1,15,三七花 | 川芎 | 木贼 | 牛蒡子 | 玫瑰花 | 甘草 | 砂仁 | 羌活 | 葛花 | 薤白 | 银杏叶 | 防风 | 鹅不食草 | 麻黄 | 黑芝麻,1,MOL002198,15,primary_direct,adjudicated_TCMSP_relation_set_v1.1.0
8906,1,1,荔枝核,1,MOL010688,1,primary_direct,adjudicated_TCMSP_relation_set_v1.1.0
8908,1,6,梅花 | 玫瑰花 | 矮地茶 | 罗汉果 | 菊花 | 薄荷,1,MOL010127,6,primary_direct,adjudicated_TCMSP_relation_set_v1.1.0
8914,1,11,人参叶 | 党参 | 木瓜 | 木贼 | 柴胡 | 灵芝 | 瞿麦 | 芫荽 | 苦杏仁 | 苦楝子 | 西洋参,1,MOL003509,11,primary_direct,adjudicated_TCMSP_relation_set_v1.1.0
8918,1,1,广藿香,1,MOL005927,1,primary_direct,adjudicated_TCMSP_relation_set_v1.1.0
8919,1,1,南蛇藤果,1,MOL003492,1,primary_direct,adjudicated_TCMSP_relation_set_v1.1.0
8955,1,4,川芎 | 柴胡 | 白鲜皮 | 羌活,1,MOL002141,4,primary_direct,adjudicated_TCMSP_relation_set_v1.1.0
8969,1,2,荠菜 | 钩藤,1,MOL008488,2,primary_direct,adjudicated_TCMSP_relation_set_v1.1.0
9007,1,1,徐长卿,1,MOL005614,1,primary_direct,adjudicated_TCMSP_relation_set_v1.1.0
9015,1,5,三七 | 火麻仁 | 竹沥 | 银杏叶 | 黄芩,1,MOL004464,5,primary_direct,adjudicated_TCMSP_relation_set_v1.1.0
9025,1,2,仙茅 | 桑寄生,1,MOL000718,2,primary_direct,adjudicated_TCMSP_relation_set_v1.1.0
9064,1,41,仙鹤草 | 余甘子 | 儿茶 | 八角茴香 | 南蛇藤果 | 大枣 | 拳参 | 杜仲叶 | 桂枝 | 水红花子 | 沙棘 | 牡丹皮 | 猕猴桃根 | 白果 | 白芍 | 白蔹 | 石榴皮 | 紫苏 | 罗布麻叶 | 翻白草 | 芫荽 | 苎麻根 | 苦丁茶 | 苦杏仁 | 萹蓄 | 葱白 | 虎杖 | 虎耳草 | 贯叶金丝桃 | 赤小豆 | 赤芍 | 金荞麦 | 银杏叶 | 香薷 | 马钱子 | 骨碎补 | 鸡血藤 | 麦芽 | 麻黄 | 麻黄根 | 黑芝麻,1,MOL000492,41,primary_direct,adjudicated_TCMSP_relation_set_v1.1.0
9154,1,4,红花 | 虎耳草 | 银杏叶 | 零陵香,1,MOL002681,4,primary_direct,adjudicated_TCMSP_relation_set_v1.1.0
9161,1,2,山茱萸 | 零陵香,1,MOL005539,2,primary_direct,adjudicated_TCMSP_relation_set_v1.1.0
9196,1,1,木香,1,MOL010813,1,primary_direct,adjudicated_TCMSP_relation_set_v1.1.0
9215,1,1,白术,1,MOL000038,1,primary_direct,adjudicated_TCMSP_relation_set_v1.1.0
9223,1,1,降香,1,MOL002970,1,primary_direct,adjudicated_TCMSP_relation_set_v1.1.0
9225,1,2,木棉花 | 紫苏,1,MOL008769,2,primary_direct,adjudicated_TCMSP_relation_set_v1.1.0
9231,1,6,三七花 | 石菖蒲 | 紫苏 | 罗汉果 | 茺蔚子 | 薄荷,1,MOL000884,6,primary_direct,adjudicated_TCMSP_relation_set_v1.1.0
9233,1,2,前胡 | 紫花前胡,1,MOL013106,2,primary_direct,adjudicated_TCMSP_relation_set_v1.1.0
9238,1,2,荔枝核 | 荷叶,1,MOL007209,2,primary_direct,adjudicated_TCMSP_relation_set_v1.1.0
9264,1,1,大蒜,1,MOL008357,1,primary_direct,adjudicated_TCMSP_relation_set_v1.1.0
9268,1,3,白芷 | 细辛 | 银杏叶,1,MOL005787,3,primary_direct,adjudicated_TCMSP_relation_set_v1.1.0
9294,1,4,半夏 | 苦参 | 麻黄 | 麻黄根,1,MOL006594,4,primary_direct,adjudicated_TCMSP_relation_set_v1.1.0
9309,1,1,威灵仙,1,MOL005602,1,primary_direct,adjudicated_TCMSP_relation_set_v1.1.0
9727,1,4,枳壳 | 枳实 | 石上柏 | 香橼,1,MOL007561,4,primary_direct,adjudicated_TCMSP_relation_set_v1.1.0
9862,1,27,凌霄花 | 升麻 | 安息香 | 巴戟天 | 干姜 | 枇杷叶 | 桂枝 | 桑叶 | 梅花 | 沙棘 | 灵芝 | 玫瑰花 | 生姜 | 紫苏 | 罗布麻叶 | 肉桂 | 芫荽 | 荜澄茄 | 菊花 | 蚕沙 | 辛夷 | 辣椒 | 金银花 | 银杏叶 | 零陵香 | 高良姜 | 麻黄,1,MOL002496,27,primary_direct,adjudicated_TCMSP_relation_set_v1.1.0
9895,1,10,南蛇藤果 | 昆布 | 杜仲叶 | 桑寄生 | 番泻叶 | 瞿麦 | 罗布麻叶 | 零陵香 | 青果 | 麻黄,1,MOL000722,10,primary_direct,adjudicated_TCMSP_relation_set_v1.1.0
9958,1,1,洋金花,1,MOL011471,1,primary_direct,adjudicated_TCMSP_relation_set_v1.1.0
10041,1,1,常山,1,MOL008192,1,primary_direct,adjudicated_TCMSP_relation_set_v1.1.0
10102,1,4,红参 | 花椒 | 鱼腥草 | 麻黄,1,MOL013269,4,primary_direct,adjudicated_TCMSP_relation_set_v1.1.0
10106,1,5,川芎 | 细辛 | 艾叶 | 荜澄茄 | 麻黄,1,MOL002185,5,primary_direct,adjudicated_TCMSP_relation_set_v1.1.0
10108,1,2,南蛇藤果 | 西红花,1,MOL001416,2,primary_direct,adjudicated_TCMSP_relation_set_v1.1.0
10114,1,2,甘草 | 鸡骨草,1,MOL004804,2,primary_direct,adjudicated_TCMSP_relation_set_v1.1.0
10133,1,1,牛黄,1,MOL008842,1,primary_direct,adjudicated_TCMSP_relation_set_v1.1.0
10140,1,2,牛黄 | 黑豆,1,MOL008848,2,primary_direct,adjudicated_TCMSP_relation_set_v1.1.0
10141,1,1,细辛,1,MOL012145,1,primary_direct,adjudicated_TCMSP_relation_set_v1.1.0
10143,1,2,白屈菜 | 白药子,1,MOL001467,2,primary_direct,adjudicated_TCMSP_relation_set_v1.1.0
10146,1,3,大枣 | 荷叶 | 莲子心,1,MOL007213,3,primary_direct,adjudicated_TCMSP_relation_set_v1.1.0
10149,1,1,鸦胆子,1,MOL008063,1,primary_direct,adjudicated_TCMSP_relation_set_v1.1.0
10153,1,1,延胡索,1,MOL004197,1,primary_direct,adjudicated_TCMSP_relation_set_v1.1.0
10154,1,1,乌药,1,MOL010917,1,primary_direct,adjudicated_TCMSP_relation_set_v1.1.0
10163,1,1,茜草,1,MOL006170,1,primary_direct,adjudicated_TCMSP_relation_set_v1.1.0
10168,1,7,决明子 | 大黄 | 沙棘 | 牵牛子 | 番泻叶 | 萱草根 | 虎杖,1,MOL002268,7,primary_direct,adjudicated_TCMSP_relation_set_v1.1.0
10189,1,1,丁香,1,MOL013210,1,primary_direct,adjudicated_TCMSP_relation_set_v1.1.0
10207,1,9,决明子 | 大黄 | 木蝴蝶 | 猕猴桃根 | 芦荟 | 苍耳子 | 萱草根 | 薄荷 | 鸡血藤,1,MOL000471,9,primary_direct,adjudicated_TCMSP_relation_set_v1.1.0
10211,1,2,白芷 | 防风,1,MOL005786,2,primary_direct,adjudicated_TCMSP_relation_set_v1.1.0
10212,1,13,前胡 | 北沙参 | 小茴香 | 枳实 | 栀子 | 独活 | 白芷 | 紫花前胡 | 羌活 | 芫荽 | 蛇床子 | 覆盆子 | 防风,1,MOL001941,13,primary_direct,adjudicated_TCMSP_relation_set_v1.1.0
10225,1,14,三七 | 南沙参 | 厚朴 | 垂盆草 | 斑蝥 | 木棉花 | 桂枝 | 椿皮 | 满山红 | 矮地茶 | 肉桂 | 西河柳 | 香附 | 高良姜,1,MOL001862,14,primary_direct,adjudicated_TCMSP_relation_set_v1.1.0
10227,1,1,花椒,1,MOL013271,1,primary_direct,adjudicated_TCMSP_relation_set_v1.1.0
10228,1,9,仙鹤草 | 佩兰 | 前胡 | 天山雪莲 | 独活 | 白芷 | 紫苏 | 蛇床子 | 防风,1,MOL000614,9,primary_direct,adjudicated_TCMSP_relation_set_v1.1.0
10237,1,4,夏天无 | 延胡索 | 苦地丁 | 连翘,1,MOL000791,4,primary_direct,adjudicated_TCMSP_relation_set_v1.1.0
10248,1,19,丁香 | 人参 | 凌霄花 | 化橘红 | 北五味子 | 升麻 | 南鹤虱 | 山茱萸 | 枇杷叶 | 石菖蒲 | 紫苏 | 细辛 | 肉豆蔻 | 荆芥 | 蒿本 | 藁本 | 豆蔻 | 辛夷 | 香薷,1,MOL000269,19,primary_direct,adjudicated_TCMSP_relation_set_v1.1.0
10254,1,1,当归,1,MOL008262,1,primary_direct,adjudicated_TCMSP_relation_set_v1.1.0
10256,1,1,板蓝根,1,MOL001762,1,primary_direct,adjudicated_TCMSP_relation_set_v1.1.0
10263,1,3,枇杷叶 | 紫苏 | 黑芝麻,1,MOL009852,3,primary_direct,adjudicated_TCMSP_relation_set_v1.1.0
10276,1,1,石菖蒲,1,MOL003558,1,primary_direct,adjudicated_TCMSP_relation_set_v1.1.0
10288,1,1,野菊花,1,MOL008923,1,primary_direct,adjudicated_TCMSP_relation_set_v1.1.0
10297,1,2,麻黄 | 麻黄根,1,MOL009190,2,primary_direct,adjudicated_TCMSP_relation_set_v1.1.0
10312,1,1,桂枝,1,MOL010547,1,primary_direct,adjudicated_TCMSP_relation_set_v1.1.0
10315,1,1,小茴香,1,MOL013347,1,primary_direct,adjudicated_TCMSP_relation_set_v1.1.0
10329,1,13,凌霄花 | 北刘寄奴 | 半枝莲 | 吴茱萸 | 山茱萸 | 布渣叶 | 枇杷叶 | 火麻仁 | 竹沥 | 红参 | 苏合香 | 金莲花 | 银杏叶,1,MOL003789,13,primary_direct,adjudicated_TCMSP_relation_set_v1.1.0
10351,1,4,北五味子 | 吴茱萸 | 木瓜 | 柴胡,1,MOL003997,4,primary_direct,adjudicated_TCMSP_relation_set_v1.1.0
10364,1,37,丁香 | 伸筋草 | 凌霄花 | 千年健 | 千斤拔 | 厚朴 | 当归 | 木香 | 枇杷叶 | 柴胡 | 桂枝 | 款冬花 | 独活 | 玉米须 | 生姜 | 白芷 | 百合 | 矮地茶 | 穿心莲 | 紫苏 | 绞股蓝 | 羌活 | 艾叶 | 芫荽 | 苍耳子 | 菊花 | 葎草 | 薄荷 | 藁本 | 豆蔻 | 辛夷 | 郁金 | 金银花 | 陈皮 | 香薷 | 鹅不食草 | 麻黄,1,MOL000259,37,primary_direct,adjudicated_TCMSP_relation_set_v1.1.0
10390,1,1,南沙参,1,MOL003476,1,primary_direct,adjudicated_TCMSP_relation_set_v1.1.0
10393,1,16,儿茶 | 大血藤 | 天葵子 | 女贞子 | 山慈菇 | 景天三七 | 木蝴蝶 | 水红花子 | 洋金花 | 淫羊藿 | 秦皮 | 肉苁蓉 | 荠菜 | 车前草 | 连翘 | 黄芩,1,MOL002930,16,primary_direct,adjudicated_TCMSP_relation_set_v1.1.0
10401,1,1,梅花,1,MOL010707,1,primary_direct,adjudicated_TCMSP_relation_set_v1.1.0
10403,1,1,海金沙,1,MOL002878,1,primary_direct,adjudicated_TCMSP_relation_set_v1.1.0
10413,1,1,佛手,1,MOL013247,1,primary_direct,adjudicated_TCMSP_relation_set_v1.1.0
10416,1,3,人参 | 决明子 | 梧桐子,1,MOL005366,3,primary_direct,adjudicated_TCMSP_relation_set_v1.1.0
10430,1,14,乌梅 | 凌霄花 | 墓头回 | 桂枝 | 桑叶 | 牛蒡子 | 甘松 | 白芷 | 竹节参 | 紫草 | 红花 | 辣椒 | 银杏叶 | 黑豆,1,MOL002691,14,primary_direct,adjudicated_TCMSP_relation_set_v1.1.0
10436,1,2,仙茅 | 满山红,1,MOL004134,2,primary_direct,adjudicated_TCMSP_relation_set_v1.1.0
10438,1,2,斑蝥 | 西红花,1,MOL001376,2,primary_direct,adjudicated_TCMSP_relation_set_v1.1.0
10442,1,1,麦芽,1,MOL010851,1,primary_direct,adjudicated_TCMSP_relation_set_v1.1.0
10448,1,1,桑椹,1,MOL010293,1,primary_direct,adjudicated_TCMSP_relation_set_v1.1.0
10451,1,3,薤白 | 辣椒 | 韭菜子,1,MOL007604,3,primary_direct,adjudicated_TCMSP_relation_set_v1.1.0
10459,1,3,椿皮 | 白附子 | 苦楝皮,1,MOL006293,3,primary_direct,adjudicated_TCMSP_relation_set_v1.1.0
10465,1,41,三七 | 仙茅 | 冬葵果 | 南瓜子 | 地肤子 | 大枣 | 天南星 | 天葵子 | 平贝母 | 木蝴蝶 | 木鳖子 | 板蓝根 | 栀子 | 桑叶 | 楮实子 | 槟榔 | 橘核 | 熟地黄 | 牛大力 | 牛蒡子 | 玉米须 | 白芷 | 紫苏子 | 红参 | 红花 | 羌活 | 芦荟 | 苦杏仁 | 荆芥 | 荆芥穗 | 草乌 | 薤白 | 西河柳 | 西洋参 | 银杏叶 | 零陵香 | 韭菜子 | 香加皮 | 马齿苋 | 高良姜 | 麻黄,1,MOL001501,41,primary_direct,adjudicated_TCMSP_relation_set_v1.1.0
10484,1,1,佛手,1,MOL013237,1,primary_direct,adjudicated_TCMSP_relation_set_v1.1.0
10494,1,94,丁香 | 三七 | 丹参 | 乌梅 | 倒扣草 | 冰片 | 凌霄花 | 吴茱萸 | 商陆 | 地肤子 | 墓头回 | 夏枯草 | 大枣 | 大风子 | 女贞子 | 委陵菜 | 威灵仙 | 安息香 | 小茴香 | 山茱萸 | 川木通 | 川牛膝 | 广藿香 | 景天三七 | 月季花 | 木棉花 | 木瓜 | 木香 | 木鳖子 | 枇杷叶 | 枸骨叶 | 柴胡 | 柿蒂 | 栀子 | 桑叶 | 桑寄生 | 桑白皮 | 槲寄生 | 沙棘 | 淫羊藿 | 牛膝 | 牛黄 | 牡丹皮 | 瓦松 | 甘松 | 甘草 | 白头翁 | 白芍 | 白蔹 | 矮地茶 | 石榴皮 | 石见穿 | 秦艽 | 紫苏 | 紫草 | 紫菀 | 翻白草 | 芦根 | 苏合香 | 苦丁茶 | 茜草 | 荆芥 | 菝葜 | 葎草 | 薄荷 | 虎杖 | 西洋参 | 覆盆子 | 豆蔻 | 败酱草 | 路路通 | 车前子 | 车前草 | 连翘 | 连钱草 | 金樱子 | 金银花 | 钩藤 | 零陵香 | 雷丸 | 雷公藤 | 青叶胆 | 青果 | 青葙子 | 预知子 | 香加皮 | 香附 | 马鞭草 | 鬼箭羽 | 鸡屎藤 | 鸡骨草 | 鹿衔草 | 麻黄 | 龙胆,1,MOL000263,94,primary_direct,adjudicated_TCMSP_relation_set_v1.1.0
10553,1,1,艾叶,1,MOL005724,1,primary_direct,adjudicated_TCMSP_relation_set_v1.1.0
10557,1,1,桔梗,1,MOL006001,1,primary_direct,adjudicated_TCMSP_relation_set_v1.1.0
10574,1,1,香加皮,1,MOL005658,1,primary_direct,adjudicated_TCMSP_relation_set_v1.1.0
10607,1,1,八角莲,1,MOL001714,1,primary_direct,adjudicated_TCMSP_relation_set_v1.1.0
10621,1,25,两面针 | 前胡 | 半边莲 | 木棉花 | 枳壳 | 枳实 | 橘叶 | 橘络 | 沙棘 | 玳玳花 | 禹州漏芦 | 紫菀 | 芫荽 | 荆芥 | 荆芥穗 | 菊花 | 蔓荆子 | 金钱草 | 防己 | 陈皮 | 青皮 | 香橼 | 马齿苋 | 鬼箭羽 | 麻黄,1,MOL007930,25,primary_direct,adjudicated_TCMSP_relation_set_v1.1.0
10657,1,23,一枝黄花 | 化橘红 | 当归 | 枇杷叶 | 桂枝 | 石菖蒲 | 砂仁 | 紫苏 | 羌活 | 肉桂 | 花椒 | 苍耳子 | 荆芥 | 荆芥穗 | 荜澄茄 | 菊花 | 蔓荆子 | 藁本 | 辛夷 | 郁金 | 香附 | 高良姜 | 麻黄,1,MOL003534,23,primary_direct,adjudicated_TCMSP_relation_set_v1.1.0
10658,1,6,前胡 | 柴胡 | 独活 | 甘松 | 白芷 | 蛇床子,1,MOL003590,6,primary_direct,adjudicated_TCMSP_relation_set_v1.1.0
10659,1,6,小茴香 | 玉米须 | 紫苏 | 羌活 | 蒿本 | 香薷,1,MOL006198,6,primary_direct,adjudicated_TCMSP_relation_set_v1.1.0
10666,1,2,党参 | 蓖麻子,1,MOL008142,2,primary_direct,adjudicated_TCMSP_relation_set_v1.1.0
10680,1,7,功劳木 | 十大功劳叶 | 十大功劳根 | 沙棘 | 白果 | 皂角刺 | 鹅不食草,1,MOL010245,7,primary_direct,adjudicated_TCMSP_relation_set_v1.1.0
10685,1,1,桑椹,1,MOL010286,1,primary_direct,adjudicated_TCMSP_relation_set_v1.1.0
10687,1,1,当归,1,MOL008260,1,primary_direct,adjudicated_TCMSP_relation_set_v1.1.0
10690,1,1,荷叶,1,MOL007198,1,primary_direct,adjudicated_TCMSP_relation_set_v1.1.0
10694,1,1,独活,1,MOL004767,1,primary_direct,adjudicated_TCMSP_relation_set_v1.1.0
10696,1,1,乌药,1,MOL010911,1,primary_direct,adjudicated_TCMSP_relation_set_v1.1.0
10698,1,1,续断,1,MOL009313,1,primary_direct,adjudicated_TCMSP_relation_set_v1.1.0
10703,1,21,南沙参 | 厚朴 | 吴茱萸 | 威灵仙 | 川芎 | 干姜 | 枇杷叶 | 桑寄生 | 满山红 | 灵芝 | 生姜 | 紫苏 | 胡椒 | 芥子 | 花椒 | 辛夷 | 银杏叶 | 香薷 | 高良姜 | 鹅不食草 | 黑芝麻,1,MOL000712,21,primary_direct,adjudicated_TCMSP_relation_set_v1.1.0
10719,1,2,乌药 | 菊花,1,MOL010904,2,primary_direct,adjudicated_TCMSP_relation_set_v1.1.0
10721,1,1,金银花,1,MOL003078,1,primary_direct,adjudicated_TCMSP_relation_set_v1.1.0
10722,1,3,银杏叶 | 零陵香 | 鸡屎藤,1,MOL011577,3,primary_direct,adjudicated_TCMSP_relation_set_v1.1.0
10742,1,27,两面针 | 云芝 | 卷柏 | 土茯苓 | 垂盆草 | 大血藤 | 大青叶 | 川楝子 | 板蓝根 | 柿蒂 | 水红花子 | 满山红 | 灯盏细辛 | 牡荆子 | 瓦松 | 白薇 | 百部 | 肿节风 | 葶苈子 | 车前草 | 郁金 | 金沸草 | 金荞麦 | 钩藤 | 雷公藤 | 马兜铃 | 麦芽,1,MOL001807,27,primary_direct,adjudicated_TCMSP_relation_set_v1.1.0
10748,1,7,佛手 | 北刘寄奴 | 柴胡 | 艾叶 | 花椒 | 茵陈 | 葛花,1,MOL004617,7,primary_direct,adjudicated_TCMSP_relation_set_v1.1.0
10772,1,3,白茅根 | 芦根 | 薏苡仁,1,MOL001881,3,primary_direct,adjudicated_TCMSP_relation_set_v1.1.0
10787,1,1,金银花,1,MOL003123,1,primary_direct,adjudicated_TCMSP_relation_set_v1.1.0
10795,1,1,竹沥,1,MOL004476,1,primary_direct,adjudicated_TCMSP_relation_set_v1.1.0
10797,1,3,柴胡 | 菊花 | 蛇床子,1,MOL003613,3,primary_direct,adjudicated_TCMSP_relation_set_v1.1.0
10812,1,21,千年健 | 厚朴 | 小茴香 | 徐长卿 | 枇杷叶 | 桂枝 | 桑叶 | 独活 | 生姜 | 紫苏 | 羌活 | 肉桂 | 胡椒 | 芫荽 | 菊花 | 蔓荆子 | 金钱草 | 银杏叶 | 防风 | 香薷 | 鼠曲草,1,MOL000699,21,primary_direct,adjudicated_TCMSP_relation_set_v1.1.0
10820,1,4,柴胡 | 紫苏 | 蒿本 | 藁本,1,MOL004688,4,primary_direct,adjudicated_TCMSP_relation_set_v1.1.0
10823,1,1,丁香,1,MOL013223,1,primary_direct,adjudicated_TCMSP_relation_set_v1.1.0
10824,1,1,肉苁蓉,1,MOL008850,1,primary_direct,adjudicated_TCMSP_relation_set_v1.1.0
10864,1,7,天南星 | 川芎 | 柴胡 | 独活 | 芫荽 | 藁本 | 黑豆,1,MOL002187,7,primary_direct,adjudicated_TCMSP_relation_set_v1.1.0
10881,1,1,当归,1,MOL008282,1,primary_direct,adjudicated_TCMSP_relation_set_v1.1.0
10882,1,2,辣椒 | 黑芝麻,1,MOL008709,2,primary_direct,adjudicated_TCMSP_relation_set_v1.1.0
10886,1,1,沙棘,1,MOL010270,1,primary_direct,adjudicated_TCMSP_relation_set_v1.1.0
10907,1,2,佩兰 | 侧柏叶,1,MOL000606,2,primary_direct,adjudicated_TCMSP_relation_set_v1.1.0
10931,1,2,升麻 | 紫草,1,MOL007724,2,primary_direct,adjudicated_TCMSP_relation_set_v1.1.0
10959,1,1,紫苏子,1,MOL012886,1,primary_direct,adjudicated_TCMSP_relation_set_v1.1.0
10975,1,1,连翘,1,MOL003359,1,primary_direct,adjudicated_TCMSP_relation_set_v1.1.0
11000,1,2,玉米须 | 矮地茶,1,MOL010954,2,primary_direct,adjudicated_TCMSP_relation_set_v1.1.0
11005,1,121,三七 | 乌药 | 亚麻子 | 仙茅 | 伸筋草 | 余甘子 | 佛手 | 使君子 | 侧柏叶 | 党参 | 功劳木 | 化橘红 | 十大功劳叶 | 千金子 | 升麻 | 半枝莲 | 南瓜子 | 厚朴 | 商陆 | 四季青 | 土茯苓 | 地肤子 | 墓头回 | 夏枯草 | 天仙子 | 威灵仙 | 小茴香 | 山茱萸 | 川射干 | 川槿皮 | 巴戟天 | 巴豆 | 广枣 | 徐长卿 | 昆布 | 月季花 | 木棉花 | 木蝴蝶 | 木香 | 杜仲 | 枇杷叶 | 枸杞子 | 柏子仁 | 柴胡 | 栀子 | 桑叶 | 桑椹 | 楮实子 | 槟榔 | 橘核 | 檀香 | 款冬花 | 水飞蓟 | 沉香 | 沙棘 | 沙苑子 | 满山红 | 火麻仁 | 灯心草 | 灵芝 | 牛大力 | 牛膝 | 牛蒡子 | 猫爪草 | 玉米须 | 瓜蒌 | 甜瓜子 | 白芍 | 白芷 | 矮地茶 | 石菖蒲 | 砂仁 | 紫花地丁 | 紫苏 | 红参 | 红花 | 罗汉果 | 羌活 | 肉桂 | 肉豆蔻 | 胡椒 | 芫荽 | 苍耳子 | 苘麻子 | 苦杏仁 | 苦楝子 | 荆芥 | 荆芥穗 | 荔枝核 | 荷叶 | 葛花 | 葶苈子 | 蔓荆子 | 薏苡仁 | 薤白 | 蛇床子 | 西河柳 | 西红花 | 谷精草 | 贯叶金丝桃 | 赤芍 | 辛夷 | 辣椒 | 郁金 | 金莲花 | 金银花 | 银杏叶 | 锦灯笼 | 防风 | 附子 | 降香 | 零陵香 | 韭菜子 | 香加皮 | 香薷 | 马齿苋 | 高良姜 | 鸡屎藤 | 麻黄 | 黄芩 | 鼠曲草,1,MOL001393,121,primary_direct,adjudicated_TCMSP_relation_set_v1.1.0
11006,1,40,丹参 | 乳香 | 伸筋草 | 凌霄花 | 功劳木 | 土茯苓 | 墓头回 | 天山雪莲 | 威灵仙 | 山茱萸 | 急性子 | 木蝴蝶 | 木贼 | 枇杷叶 | 枸杞子 | 桂枝 | 桑叶 | 款冬花 | 沙棘 | 牛膝 | 牛蒡子 | 猫爪草 | 白前 | 白芷 | 紫苏 | 细辛 | 芫荽 | 苍耳子 | 苦杏仁 | 茺蔚子 | 薄荷 | 西河柳 | 西洋参 | 赤芍 | 辛夷 | 辣椒 | 银杏叶 | 零陵香 | 韭菜子 | 香薷,1,MOL000865,40,primary_direct,adjudicated_TCMSP_relation_set_v1.1.0
11087,1,1,华山参,1,MOL011088,1,primary_direct,adjudicated_TCMSP_relation_set_v1.1.0
11092,1,28,人参 | 侧柏叶 | 决明子 | 凌霄花 | 升麻 | 半枝莲 | 厚朴 | 天南星 | 徐长卿 | 木贼 | 枸杞子 | 柴胡 | 栀子 | 桑叶 | 梧桐子 | 火麻仁 | 牡丹皮 | 白芍 | 白芷 | 矮地茶 | 茺蔚子 | 葛花 | 葱白 | 蒿本 | 赤芍 | 银杏叶 | 香薷 | 黄柏,1,MOL000874,28,primary_direct,adjudicated_TCMSP_relation_set_v1.1.0
11124,1,2,竹沥 | 葛花,1,MOL004471,2,primary_direct,adjudicated_TCMSP_relation_set_v1.1.0
11126,1,1,韭菜子,1,MOL009150,1,primary_direct,adjudicated_TCMSP_relation_set_v1.1.0
11128,1,2,亚麻子 | 枇杷叶,1,MOL005706,2,primary_direct,adjudicated_TCMSP_relation_set_v1.1.0
11160,1,2,菊花 | 葛花,1,MOL011794,2,primary_direct,adjudicated_TCMSP_relation_set_v1.1.0
11173,1,4,矮地茶 | 羌活 | 蛇床子 | 麻黄,1,MOL003582,4,primary_direct,adjudicated_TCMSP_relation_set_v1.1.0
11176,1,2,沙棘 | 菊花,1,MOL010272,2,primary_direct,adjudicated_TCMSP_relation_set_v1.1.0
11229,1,3,牵牛子 | 甘草 | 薤白,1,MOL004967,3,primary_direct,adjudicated_TCMSP_relation_set_v1.1.0
11233,1,1,木贼,1,MOL011946,1,primary_direct,adjudicated_TCMSP_relation_set_v1.1.0
11251,1,6,广藿香 | 杜仲 | 檀香 | 竹节参 | 艾叶 | 麻黄,1,MOL005727,6,primary_direct,adjudicated_TCMSP_relation_set_v1.1.0
11265,1,2,檀香 | 麻黄,1,MOL007578,2,primary_direct,adjudicated_TCMSP_relation_set_v1.1.0
11269,1,1,杜仲叶,1,MOL012306,1,primary_direct,adjudicated_TCMSP_relation_set_v1.1.0
11287,1,4,山茱萸 | 木棉花 | 枇杷叶 | 火麻仁,1,MOL005022,4,primary_direct,adjudicated_TCMSP_relation_set_v1.1.0
11304,1,2,倒扣草 | 木棉花,1,MOL008296,2,primary_direct,adjudicated_TCMSP_relation_set_v1.1.0
11326,1,3,倒扣草 | 木棉花 | 菊花,1,MOL008307,3,primary_direct,adjudicated_TCMSP_relation_set_v1.1.0
11328,1,3,人参叶 | 徐长卿 | 银杏叶,1,MOL005605,3,primary_direct,adjudicated_TCMSP_relation_set_v1.1.0
11340,1,7,乳香 | 大黄 | 桂枝 | 肉桂 | 花椒 | 辛夷 | 银杏叶,1,MOL001237,7,primary_direct,adjudicated_TCMSP_relation_set_v1.1.0
11349,1,1,沙棘,1,MOL010246,1,primary_direct,adjudicated_TCMSP_relation_set_v1.1.0
11363,1,4,安息香 | 桂枝 | 肉桂 | 麻黄,1,MOL003525,4,primary_direct,adjudicated_TCMSP_relation_set_v1.1.0
11370,1,2,一枝黄花 | 桂枝,1,MOL012174,2,primary_direct,adjudicated_TCMSP_relation_set_v1.1.0
11387,1,4,木棉花 | 菊花 | 零陵香 | 麻黄,1,MOL008767,4,primary_direct,adjudicated_TCMSP_relation_set_v1.1.0
11396,1,3,倒扣草 | 木棉花 | 蒲黄,1,MOL006110,3,primary_direct,adjudicated_TCMSP_relation_set_v1.1.0
11406,1,1,安息香,1,MOL012183,1,primary_direct,adjudicated_TCMSP_relation_set_v1.1.0
11428,1,2,薄荷 | 辣椒,1,MOL008678,2,primary_direct,adjudicated_TCMSP_relation_set_v1.1.0
11455,1,4,柴胡 | 肉桂 | 银杏叶 | 麻黄,1,MOL003529,4,primary_direct,adjudicated_TCMSP_relation_set_v1.1.0
11460,1,3,徐长卿 | 芫荽 | 蒿本,1,MOL005613,3,primary_direct,adjudicated_TCMSP_relation_set_v1.1.0
11463,1,43,乳香 | 伸筋草 | 佛手 | 侧柏叶 | 凌霄花 | 前胡 | 北五味子 | 千斤拔 | 厚朴 | 川芎 | 干姜 | 木香 | 没药 | 牡荆叶 | 独活 | 玳玳花 | 生姜 | 百合 | 砂仁 | 紫苏 | 细辛 | 羌活 | 胡椒 | 艾叶 | 芫荽 | 苏合香 | 荆芥 | 菊花 | 蒿本 | 蔓荆子 | 薄荷 | 藁本 | 蛇床子 | 豆蔻 | 辛夷 | 郁金 | 防风 | 零陵香 | 香橼 | 香薷 | 高良姜 | 麻黄 | 黑老虎,1,MOL000264,43,primary_direct,adjudicated_TCMSP_relation_set_v1.1.0
11467,1,4,菊花 | 辣椒 | 青蒿 | 麻黄,1,MOL007420,4,primary_direct,adjudicated_TCMSP_relation_set_v1.1.0
11470,1,1,陈皮,1,MOL005824,1,primary_direct,adjudicated_TCMSP_relation_set_v1.1.0
11487,1,5,沉香 | 白附子 | 荷叶 | 香薷 | 黄芩,1,MOL007197,5,primary_direct,adjudicated_TCMSP_relation_set_v1.1.0
11503,1,1,竹沥,1,MOL004465,1,primary_direct,adjudicated_TCMSP_relation_set_v1.1.0
11512,1,1,沙棘,1,MOL010220,1,primary_direct,adjudicated_TCMSP_relation_set_v1.1.0
11514,1,1,荜茇,1,MOL001581,1,primary_direct,adjudicated_TCMSP_relation_set_v1.1.0
11517,1,2,乳香 | 木瓜,1,MOL001225,2,primary_direct,adjudicated_TCMSP_relation_set_v1.1.0
11523,1,1,侧柏叶,1,MOL002011,1,primary_direct,adjudicated_TCMSP_relation_set_v1.1.0
11529,1,1,玉米须,1,MOL013367,1,primary_direct,adjudicated_TCMSP_relation_set_v1.1.0
11542,1,1,甘草,1,MOL004847,1,primary_direct,adjudicated_TCMSP_relation_set_v1.1.0
11552,1,12,凌霄花 | 干姜 | 柴胡 | 檀香 | 牛蒡子 | 生姜 | 紫苏 | 菊花 | 薄荷 | 蚕沙 | 覆盆子 | 黑芝麻,1,MOL002484,12,primary_direct,adjudicated_TCMSP_relation_set_v1.1.0
11559,1,1,罗汉果,1,MOL010113,1,primary_direct,adjudicated_TCMSP_relation_set_v1.1.0
11569,1,1,丁香,1,MOL013217,1,primary_direct,adjudicated_TCMSP_relation_set_v1.1.0
11574,1,1,辣椒,1,MOL008660,1,primary_direct,adjudicated_TCMSP_relation_set_v1.1.0
11579,1,4,猫爪草 | 苦杏仁 | 马勃 | 黑豆,1,MOL009727,4,primary_direct,adjudicated_TCMSP_relation_set_v1.1.0
11582,1,5,川芎 | 沙棘 | 牵牛子 | 甘草 | 紫苏子,1,MOL002166,5,primary_direct,adjudicated_TCMSP_relation_set_v1.1.0
11584,1,1,高良姜,1,MOL002567,1,primary_direct,adjudicated_TCMSP_relation_set_v1.1.0
11594,1,7,杜仲叶 | 柴胡 | 玫瑰花 | 甘草 | 菊花 | 贯叶金丝桃 | 黑芝麻,1,MOL004589,7,primary_direct,adjudicated_TCMSP_relation_set_v1.1.0
11597,1,2,覆盆子 | 金银花,1,MOL003033,2,primary_direct,adjudicated_TCMSP_relation_set_v1.1.0
11598,1,1,芥子,1,MOL013024,1,primary_direct,adjudicated_TCMSP_relation_set_v1.1.0
11610,1,2,生姜 | 菊花,1,MOL006122,2,primary_direct,adjudicated_TCMSP_relation_set_v1.1.0
11617,1,3,大蒜 | 葱白 | 辣椒,1,MOL008358,3,primary_direct,adjudicated_TCMSP_relation_set_v1.1.0
11622,1,8,吴茱萸 | 灯心草 | 玫瑰花 | 生姜 | 罗汉果 | 葱白 | 银杏叶 | 零陵香,1,MOL003993,8,primary_direct,adjudicated_TCMSP_relation_set_v1.1.0
11635,1,46,丁香 | 三七 | 丹参 | 人参叶 | 伸筋草 | 党参 | 凌霄花 | 功劳木 | 千金子 | 半枝莲 | 天南星 | 天山雪莲 | 山茱萸 | 巴戟天 | 干姜 | 急性子 | 木棉花 | 枸杞子 | 柴胡 | 桂枝 | 桑叶 | 沙棘 | 牛膝 | 玉米须 | 玫瑰花 | 白前 | 紫苏 | 紫苏子 | 绞股蓝 | 罗汉果 | 胡椒 | 芫荽 | 苦杏仁 | 荔枝核 | 荷叶 | 西河柳 | 西红花 | 赤芍 | 辣椒 | 银杏叶 | 锦灯笼 | 零陵香 | 香薷 | 鸡屎藤 | 麻黄 | 鼠曲草,1,MOL001394,46,primary_direct,adjudicated_TCMSP_relation_set_v1.1.0
11665,1,1,人参叶,1,MOL012637,1,primary_direct,adjudicated_TCMSP_relation_set_v1.1.0
11675,1,4,前胡 | 紫花前胡 | 蔓荆子 | 银杏叶,1,MOL011548,4,primary_direct,adjudicated_TCMSP_relation_set_v1.1.0
11747,1,1,辣椒,1,MOL008664,1,primary_direct,adjudicated_TCMSP_relation_set_v1.1.0
11796,1,1,巴戟天,1,MOL009516,1,primary_direct,adjudicated_TCMSP_relation_set_v1.1.0
11850,1,10,两头尖 | 前胡 | 千年健 | 南蛇藤果 | 平贝母 | 泽泻 | 白蔹 | 荔枝核 | 荠菜 | 雷公藤,1,MOL000550,10,primary_direct,adjudicated_TCMSP_relation_set_v1.1.0
11874,1,1,月季花,1,MOL012789,1,primary_direct,adjudicated_TCMSP_relation_set_v1.1.0
11902,1,4,山茱萸 | 川芎 | 罗汉果 | 麻黄,1,MOL002167,4,primary_direct,adjudicated_TCMSP_relation_set_v1.1.0
11914,1,1,桃仁,1,MOL001332,1,primary_direct,adjudicated_TCMSP_relation_set_v1.1.0
11970,1,1,余甘子,1,MOL006779,1,primary_direct,adjudicated_TCMSP_relation_set_v1.1.0
11980,1,1,槟榔,1,MOL010486,1,primary_direct,adjudicated_TCMSP_relation_set_v1.1.0
12024,1,1,苦楝子,1,MOL010652,1,primary_direct,adjudicated_TCMSP_relation_set_v1.1.0
12025,1,1,砂仁,1,MOL007547,1,primary_direct,adjudicated_TCMSP_relation_set_v1.1.0
12038,1,1,天葵子,1,MOL011357,1,primary_direct,adjudicated_TCMSP_relation_set_v1.1.0
12048,1,2,牵牛子 | 甘草,1,MOL004973,2,primary_direct,adjudicated_TCMSP_relation_set_v1.1.0
12053,1,3,三七 | 大蓟 | 银杏叶,1,MOL005843,3,primary_direct,adjudicated_TCMSP_relation_set_v1.1.0
12097,1,10,三七 | 乌梅 | 仙茅 | 凌霄花 | 升麻 | 柴胡 | 白芷 | 罗汉果 | 银杏叶 | 黄柏,1,MOL004119,10,primary_direct,adjudicated_TCMSP_relation_set_v1.1.0
12100,1,8,川芎 | 木瓜 | 木蝴蝶 | 木贼 | 枇杷叶 | 芫花 | 菊花 | 黑豆,1,MOL002115,8,primary_direct,adjudicated_TCMSP_relation_set_v1.1.0
12101,1,2,当归 | 紫苏,1,MOL008292,2,primary_direct,adjudicated_TCMSP_relation_set_v1.1.0
12105,1,2,巴戟天 | 紫苏,1,MOL009552,2,primary_direct,adjudicated_TCMSP_relation_set_v1.1.0
12124,1,1,乳香,1,MOL001214,1,primary_direct,adjudicated_TCMSP_relation_set_v1.1.0
12160,1,2,木瓜 | 黑豆,1,MOL005119,2,primary_direct,adjudicated_TCMSP_relation_set_v1.1.0
12166,1,1,麻黄,1,MOL010752,1,primary_direct,adjudicated_TCMSP_relation_set_v1.1.0
12170,1,1,天南星,1,MOL013136,1,primary_direct,adjudicated_TCMSP_relation_set_v1.1.0
12173,1,1,八角茴香,1,MOL013204,1,primary_direct,adjudicated_TCMSP_relation_set_v1.1.0
12180,1,1,玉米须,1,MOL013372,1,primary_direct,adjudicated_TCMSP_relation_set_v1.1.0
12206,1,1,枳椇子,1,MOL013378,1,primary_direct,adjudicated_TCMSP_relation_set_v1.1.0
12235,1,1,矮地茶,1,MOL010979,1,primary_direct,adjudicated_TCMSP_relation_set_v1.1.0
12257,1,1,桔梗,1,MOL005991,1,primary_direct,adjudicated_TCMSP_relation_set_v1.1.0
12260,1,1,葱白,1,MOL011656,1,primary_direct,adjudicated_TCMSP_relation_set_v1.1.0
12266,1,1,覆盆子,1,MOL008443,1,primary_direct,adjudicated_TCMSP_relation_set_v1.1.0
12283,1,1,桑椹,1,MOL010299,1,primary_direct,adjudicated_TCMSP_relation_set_v1.1.0
12294,1,3,木瓜 | 罗汉果 | 辣椒,1,MOL005127,3,primary_direct,adjudicated_TCMSP_relation_set_v1.1.0
12296,1,3,桑椹 | 羌活 | 辣椒,1,MOL008679,3,primary_direct,adjudicated_TCMSP_relation_set_v1.1.0
12300,1,1,白芍,1,MOL001931,1,primary_direct,adjudicated_TCMSP_relation_set_v1.1.0
12304,1,1,荠菜,1,MOL013297,1,primary_direct,adjudicated_TCMSP_relation_set_v1.1.0
12321,1,1,葱白,1,MOL011673,1,primary_direct,adjudicated_TCMSP_relation_set_v1.1.0
12327,1,3,木贼 | 白芷 | 芫荽,1,MOL005798,3,primary_direct,adjudicated_TCMSP_relation_set_v1.1.0
12330,1,1,干姜,1,MOL002481,1,primary_direct,adjudicated_TCMSP_relation_set_v1.1.0
12331,1,1,海金沙,1,MOL002870,1,primary_direct,adjudicated_TCMSP_relation_set_v1.1.0
12332,1,1,南瓜子,1,MOL010879,1,primary_direct,adjudicated_TCMSP_relation_set_v1.1.0
12348,1,1,梅花,1,MOL010703,1,primary_direct,adjudicated_TCMSP_relation_set_v1.1.0
12368,1,2,枸杞子 | 菊花,1,MOL009608,2,primary_direct,adjudicated_TCMSP_relation_set_v1.1.0
12370,1,1,海金沙,1,MOL002872,1,primary_direct,adjudicated_TCMSP_relation_set_v1.1.0
12375,1,1,辣椒,1,MOL008710,1,primary_direct,adjudicated_TCMSP_relation_set_v1.1.0
12377,1,2,葱白 | 薤白,1,MOL007629,2,primary_direct,adjudicated_TCMSP_relation_set_v1.1.0
12388,1,27,丁香 | 佩兰 | 凌霄花 | 功劳木 | 天南星 | 山茱萸 | 枇杷叶 | 柴胡 | 桑叶 | 沙棘 | 牵牛子 | 独活 | 玫瑰花 | 生姜 | 白前 | 白芍 | 白附子 | 紫苏子 | 苦杏仁 | 苦楝皮 | 荜茇 | 覆盆子 | 赤芍 | 辣椒 | 零陵香 | 黄芩 | 黑芝麻,1,MOL000610,27,primary_direct,adjudicated_TCMSP_relation_set_v1.1.0
12389,1,41,人参 | 凌霄花 | 功劳木 | 南沙参 | 南蛇藤果 | 厚朴 | 大蓟 | 天南星 | 山茱萸 | 川芎 | 巴戟天 | 布渣叶 | 干姜 | 枸杞子 | 柴胡 | 桑叶 | 桑椹 | 款冬花 | 沙棘 | 满山红 | 牛膝 | 牛蒡子 | 独活 | 玉米须 | 玫瑰花 | 白前 | 细辛 | 罗布麻叶 | 罗汉果 | 芫荽 | 苦杏仁 | 茺蔚子 | 薄荷 | 西河柳 | 辣椒 | 金银花 | 银杏叶 | 零陵香 | 韭菜子 | 麻黄 | 鼠曲草,1,MOL000886,41,primary_direct,adjudicated_TCMSP_relation_set_v1.1.0
12391,1,52,三七 | 人参 | 人参叶 | 凌霄花 | 功劳木 | 升麻 | 南蛇藤果 | 土茯苓 | 天南星 | 安息香 | 山柰 | 山茱萸 | 川芎 | 昆布 | 木贼 | 枇杷叶 | 枸杞子 | 柴胡 | 栀子 | 桂枝 | 桑叶 | 桑椹 | 款冬花 | 沙棘 | 满山红 | 牛蒡子 | 牵牛子 | 独活 | 玉米须 | 玫瑰花 | 白芷 | 紫苏 | 细辛 | 肉桂 | 胡椒 | 芫荽 | 苍耳子 | 苦杏仁 | 茺蔚子 | 荜茇 | 荠菜 | 菊花 | 西河柳 | 辛夷 | 辣椒 | 锦灯笼 | 马鞭草 | 高良姜 | 鸡屎藤 | 黄芩 | 黑芝麻 | 鼠曲草,1,MOL000864,52,primary_direct,adjudicated_TCMSP_relation_set_v1.1.0
12395,1,16,丁香 | 南蛇藤果 | 山柰 | 巴戟天 | 徐长卿 | 枇杷叶 | 玉米须 | 白芷 | 紫苏子 | 红花 | 辣椒 | 锦灯笼 | 零陵香 | 香薷 | 鸡屎藤 | 鼠曲草,1,MOL002699,16,primary_direct,adjudicated_TCMSP_relation_set_v1.1.0
12396,1,1,人参,1,MOL005271,1,primary_direct,adjudicated_TCMSP_relation_set_v1.1.0
12397,1,5,牛蒡子 | 甘草 | 白芷 | 芫荽 | 赤芍,1,MOL004929,5,primary_direct,adjudicated_TCMSP_relation_set_v1.1.0
12398,1,56,丁香 | 三七 | 人参叶 | 伸筋草 | 党参 | 凌霄花 | 功劳木 | 千金子 | 半枝莲 | 南沙参 | 南蛇藤果 | 厚朴 | 大蓟 | 天山雪莲 | 山柰 | 山茱萸 | 巴戟天 | 干姜 | 徐长卿 | 枇杷叶 | 枸杞子 | 柴胡 | 桑叶 | 桑椹 | 沙棘 | 牛膝 | 牛蒡子 | 牵牛子 | 独活 | 玉米须 | 白前 | 白芍 | 白芷 | 白附子 | 紫苏 | 细辛 | 胡椒 | 芫荽 | 苍耳子 | 苦杏仁 | 茺蔚子 | 荜茇 | 葎草 | 葛花 | 西河柳 | 赤芍 | 辛夷 | 辣椒 | 银杏叶 | 锦灯笼 | 零陵香 | 香薷 | 鸡屎藤 | 麻黄 | 黄芩 | 鼠曲草,1,MOL000867,56,primary_direct,adjudicated_TCMSP_relation_set_v1.1.0
12462,1,1,矮地茶,1,MOL010951,1,primary_direct,adjudicated_TCMSP_relation_set_v1.1.0
12473,1,1,太子参,1,MOL011381,1,primary_direct,adjudicated_TCMSP_relation_set_v1.1.0
12489,1,1,黑芝麻,1,MOL009814,1,primary_direct,adjudicated_TCMSP_relation_set_v1.1.0
12507,1,1,山柰,1,MOL013339,1,primary_direct,adjudicated_TCMSP_relation_set_v1.1.0
12514,1,2,大蒜 | 葱白,1,MOL008370,2,primary_direct,adjudicated_TCMSP_relation_set_v1.1.0
12516,1,2,紫草 | 菊花,1,MOL007727,2,primary_direct,adjudicated_TCMSP_relation_set_v1.1.0
12530,1,12,人参 | 人参叶 | 华山参 | 小茴香 | 柴胡 | 槟榔 | 矮地茶 | 紫苏 | 羌活 | 芦荟 | 西河柳 | 银杏叶,1,MOL004647,12,primary_direct,adjudicated_TCMSP_relation_set_v1.1.0
12531,1,3,玫瑰花 | 白芷 | 罗汉果,1,MOL010149,3,primary_direct,adjudicated_TCMSP_relation_set_v1.1.0
12532,1,1,黑豆,1,MOL009736,1,primary_direct,adjudicated_TCMSP_relation_set_v1.1.0
12575,1,12,四季青 | 威灵仙 | 川楝子 | 布渣叶 | 常山 | 松花粉 | 水红花子 | 瓦松 | 葶苈子 | 陈皮 | 零陵香 | 黄药子,1,MOL002050,12,primary_direct,adjudicated_TCMSP_relation_set_v1.1.0
12581,1,1,芥子,1,MOL013031,1,primary_direct,adjudicated_TCMSP_relation_set_v1.1.0
12613,1,8,桂枝 | 沙棘 | 满山红 | 羌活 | 菊花 | 蒿本 | 藁本 | 麻黄,1,MOL010259,8,primary_direct,adjudicated_TCMSP_relation_set_v1.1.0
12741,1,3,凌霄花 | 常山 | 生姜,1,MOL008165,3,primary_direct,adjudicated_TCMSP_relation_set_v1.1.0
12785,1,2,当归 | 徐长卿,1,MOL005608,2,primary_direct,adjudicated_TCMSP_relation_set_v1.1.0
12820,1,1,牡丹皮,1,MOL007373,1,primary_direct,adjudicated_TCMSP_relation_set_v1.1.0
12860,1,1,厚朴,1,MOL005948,1,primary_direct,adjudicated_TCMSP_relation_set_v1.1.0
12867,1,4,仙茅 | 功劳木 | 木棉花 | 零陵香,1,MOL004170,4,primary_direct,adjudicated_TCMSP_relation_set_v1.1.0
12921,1,2,决明子 | 梧桐子,1,MOL006491,2,primary_direct,adjudicated_TCMSP_relation_set_v1.1.0
12988,1,1,陈皮,1,MOL005823,1,primary_direct,adjudicated_TCMSP_relation_set_v1.1.0
12997,1,2,木棉花 | 胖大海,1,MOL008778,2,primary_direct,adjudicated_TCMSP_relation_set_v1.1.0
13005,1,1,罗汉果,1,MOL010088,1,primary_direct,adjudicated_TCMSP_relation_set_v1.1.0
13010,1,3,乌梅 | 木瓜 | 银杏叶,1,MOL005114,3,primary_direct,adjudicated_TCMSP_relation_set_v1.1.0
13028,1,1,安息香,1,MOL012180,1,primary_direct,adjudicated_TCMSP_relation_set_v1.1.0
13030,1,1,川芎,1,MOL002168,1,primary_direct,adjudicated_TCMSP_relation_set_v1.1.0
13058,1,1,天冬,1,MOL003897,1,primary_direct,adjudicated_TCMSP_relation_set_v1.1.0
13143,1,2,广藿香 | 细辛,1,MOL005886,2,primary_direct,adjudicated_TCMSP_relation_set_v1.1.0
13165,1,1,白芷,1,MOL005783,1,primary_direct,adjudicated_TCMSP_relation_set_v1.1.0
13187,1,15,丁香 | 三七花 | 南沙参 | 干姜 | 柴胡 | 独活 | 玫瑰花 | 生姜 | 罗汉果 | 羌活 | 芫荽 | 茵陈 | 莪术 | 辛夷 | 防风,1,MOL000918,15,primary_direct,adjudicated_TCMSP_relation_set_v1.1.0
13190,1,4,款冬花 | 独活 | 玫瑰花 | 锦灯笼,1,MOL004790,4,primary_direct,adjudicated_TCMSP_relation_set_v1.1.0
13201,1,1,大蒜,1,MOL008373,1,primary_direct,adjudicated_TCMSP_relation_set_v1.1.0
13205,1,1,茺蔚子,1,MOL000881,1,primary_direct,adjudicated_TCMSP_relation_set_v1.1.0
13220,1,2,乌梅 | 黑豆,1,MOL009305,2,primary_direct,adjudicated_TCMSP_relation_set_v1.1.0
13229,1,1,功劳木,1,MOL013008,1,primary_direct,adjudicated_TCMSP_relation_set_v1.1.0
13237,1,2,人参叶 | 白附子,1,MOL012628,2,primary_direct,adjudicated_TCMSP_relation_set_v1.1.0
13250,1,12,余甘子 | 使君子 | 大皂荚 | 天南星 | 天山雪莲 | 月季花 | 柿蒂 | 泽漆 | 白芍 | 皂角刺 | 赤芍 | 青果,1,MOL001907,12,primary_direct,adjudicated_TCMSP_relation_set_v1.1.0
13256,1,3,人参叶 | 西河柳 | 银杏叶,1,MOL011600,3,primary_direct,adjudicated_TCMSP_relation_set_v1.1.0
13257,1,2,枇杷叶 | 西河柳,1,MOL012085,2,primary_direct,adjudicated_TCMSP_relation_set_v1.1.0
13258,1,3,人参叶 | 白附子 | 麻黄,1,MOL010766,3,primary_direct,adjudicated_TCMSP_relation_set_v1.1.0
13367,1,2,大蒜 | 葱白,1,MOL008355,2,primary_direct,adjudicated_TCMSP_relation_set_v1.1.0
13381,1,3,款冬花 | 独活 | 银杏叶,1,MOL004764,3,primary_direct,adjudicated_TCMSP_relation_set_v1.1.0
13403,1,1,马兜铃,1,MOL012398,1,primary_direct,adjudicated_TCMSP_relation_set_v1.1.0
13405,1,1,麻黄,1,MOL010767,1,primary_direct,adjudicated_TCMSP_relation_set_v1.1.0
13414,1,1,前胡,1,MOL013082,1,primary_direct,adjudicated_TCMSP_relation_set_v1.1.0
13415,1,1,威灵仙,1,MOL005587,1,primary_direct,adjudicated_TCMSP_relation_set_v1.1.0
13438,1,1,西河柳,1,MOL012089,1,primary_direct,adjudicated_TCMSP_relation_set_v1.1.0
13561,1,2,当归 | 牛膝,1,MOL008279,2,primary_direct,adjudicated_TCMSP_relation_set_v1.1.0
13566,1,2,木贼 | 细辛,1,MOL011947,2,primary_direct,adjudicated_TCMSP_relation_set_v1.1.0
13572,1,2,胡椒 | 麻黄,1,MOL002838,2,primary_direct,adjudicated_TCMSP_relation_set_v1.1.0
13588,1,2,桔梗 | 黄柏,1,MOL006000,2,primary_direct,adjudicated_TCMSP_relation_set_v1.1.0
13594,1,1,沙棘,1,MOL010216,1,primary_direct,adjudicated_TCMSP_relation_set_v1.1.0
13603,1,1,竹沥,1,MOL004469,1,primary_direct,adjudicated_TCMSP_relation_set_v1.1.0
13625,1,1,海藻,1,MOL010574,1,primary_direct,adjudicated_TCMSP_relation_set_v1.1.0
13629,1,2,佛手 | 山茱萸,1,MOL005491,2,primary_direct,adjudicated_TCMSP_relation_set_v1.1.0
13712,1,2,半夏 | 泽漆,1,MOL006938,2,primary_direct,adjudicated_TCMSP_relation_set_v1.1.0
13849,1,63,人参 | 仙茅 | 伸筋草 | 使君子 | 党参 | 冬葵果 | 化橘红 | 升麻 | 半夏 | 南瓜子 | 厚朴 | 天南星 | 天葵子 | 威灵仙 | 小茴香 | 巴戟天 | 干姜 | 徐长卿 | 月季花 | 木棉花 | 木蝴蝶 | 木鳖子 | 板蓝根 | 枸杞子 | 柴胡 | 楮实子 | 槟榔 | 檀香 | 款冬花 | 沉香 | 沙苑子 | 灵芝 | 熟地黄 | 牛蒡子 | 玉竹 | 白芍 | 白芷 | 矮地茶 | 紫苏 | 红参 | 红花 | 细辛 | 罗汉果 | 羌活 | 肿节风 | 芫荽 | 苍耳子 | 葛花 | 薤白 | 虎耳草 | 西河柳 | 西红花 | 谷精草 | 赤芍 | 辣椒 | 银杏叶 | 防风 | 零陵香 | 韭菜子 | 香加皮 | 马兜铃 | 麻黄 | 黄柏,1,MOL001396,63,primary_direct,adjudicated_TCMSP_relation_set_v1.1.0
13854,1,3,人参 | 凌霄花 | 罗汉果,1,MOL005381,3,primary_direct,adjudicated_TCMSP_relation_set_v1.1.0
13886,1,1,罗汉果,1,MOL010095,1,primary_direct,adjudicated_TCMSP_relation_set_v1.1.0
14069,1,3,木贼 | 栀子 | 沙棘,1,MOL010215,3,primary_direct,adjudicated_TCMSP_relation_set_v1.1.0
14071,1,1,罗汉果,1,MOL010112,1,primary_direct,adjudicated_TCMSP_relation_set_v1.1.0
14079,1,10,三七 | 三棱 | 凌霄花 | 升麻 | 土贝母 | 威灵仙 | 生姜 | 罗汉果 | 蒿本 | 蚕沙,1,MOL001304,10,primary_direct,adjudicated_TCMSP_relation_set_v1.1.0
14104,1,14,乌药 | 伸筋草 | 佩兰 | 柴胡 | 甘松 | 百合 | 细辛 | 羌活 | 芥子 | 菊花 | 覆盆子 | 辛夷 | 金钱草 | 香薷,1,MOL000601,14,primary_direct,adjudicated_TCMSP_relation_set_v1.1.0
14109,1,1,西洋参,1,MOL011447,1,primary_direct,adjudicated_TCMSP_relation_set_v1.1.0
14115,1,1,黑豆,1,MOL009724,1,primary_direct,adjudicated_TCMSP_relation_set_v1.1.0
14228,1,1,木瓜,1,MOL005134,1,primary_direct,adjudicated_TCMSP_relation_set_v1.1.0
14232,1,1,桑椹,1,MOL010307,1,primary_direct,adjudicated_TCMSP_relation_set_v1.1.0
14233,1,1,乌梅,1,MOL009306,1,primary_direct,adjudicated_TCMSP_relation_set_v1.1.0
14257,1,25,前胡 | 地耳草 | 天南星 | 木贼 | 枇杷叶 | 柴胡 | 桑叶 | 桔梗 | 楮实子 | 款冬花 | 独活 | 玫瑰花 | 番泻叶 | 紫花前胡 | 紫苏 | 紫苏子 | 芫荽 | 葶苈子 | 薄荷 | 蛇床子 | 西洋参 | 贯叶金丝桃 | 防风 | 黄芩 | 黑豆,1,MOL002378,25,primary_direct,adjudicated_TCMSP_relation_set_v1.1.0
14260,1,6,巴豆 | 桑叶 | 款冬花 | 独活 | 白芷 | 红花,1,MOL001622,6,primary_direct,adjudicated_TCMSP_relation_set_v1.1.0
14296,1,7,仙茅 | 凌霄花 | 川芎 | 淡豆豉 | 零陵香 | 麻黄 | 黄芩,1,MOL002202,7,primary_direct,adjudicated_TCMSP_relation_set_v1.1.0
14315,1,1,倒扣草,1,MOL008314,1,primary_direct,adjudicated_TCMSP_relation_set_v1.1.0
14340,1,2,太子参 | 银柴胡,1,MOL007685,2,primary_direct,adjudicated_TCMSP_relation_set_v1.1.0
14504,1,1,罗汉果,1,MOL010082,1,primary_direct,adjudicated_TCMSP_relation_set_v1.1.0
14505,1,9,凌霄花 | 柴胡 | 沙棘 | 牛膝 | 矮地茶 | 紫苏子 | 罗布麻叶 | 罗汉果 | 黄柏,1,MOL008653,9,primary_direct,adjudicated_TCMSP_relation_set_v1.1.0
14519,1,1,梅花,1,MOL010699,1,primary_direct,adjudicated_TCMSP_relation_set_v1.1.0
14529,1,16,升麻 | 川芎 | 木香 | 柴胡 | 火麻仁 | 生姜 | 细辛 | 胡椒 | 芫荽 | 菊花 | 蒿本 | 辛夷 | 郁金 | 防风 | 陈皮 | 麻黄,1,MOL002138,16,primary_direct,adjudicated_TCMSP_relation_set_v1.1.0
14749,1,1,黑老虎,1,MOL010565,1,primary_direct,adjudicated_TCMSP_relation_set_v1.1.0
14768,1,1,萹蓄,1,MOL013209,1,primary_direct,adjudicated_TCMSP_relation_set_v1.1.0
14918,1,2,川芎 | 黄柏,1,MOL002176,2,primary_direct,adjudicated_TCMSP_relation_set_v1.1.0
14985,1,12,丹参 | 木棉花 | 木蝴蝶 | 桑叶 | 沙棘 | 玫瑰花 | 红花 | 绿豆 | 莱菔子 | 葎草 | 蔓荆子 | 麦芽,1,MOL002771,12,primary_direct,adjudicated_TCMSP_relation_set_v1.1.0
14987,1,1,牵牛子,1,MOL005261,1,primary_direct,adjudicated_TCMSP_relation_set_v1.1.0
14989,1,1,芦荟,1,MOL005060,1,primary_direct,adjudicated_TCMSP_relation_set_v1.1.0
15068,1,7,三棱 | 吴茱萸 | 威灵仙 | 川芎 | 当归 | 独活 | 金钱草,1,MOL001306,7,primary_direct,adjudicated_TCMSP_relation_set_v1.1.0
15076,1,6,人参 | 党参 | 沙棘 | 满山红 | 白芷 | 肉苁蓉,1,MOL005270,6,primary_direct,adjudicated_TCMSP_relation_set_v1.1.0
15100,1,1,木蝴蝶,1,MOL013057,1,primary_direct,adjudicated_TCMSP_relation_set_v1.1.0
15109,1,2,仙茅 | 灯盏细辛,1,MOL004167,2,primary_direct,adjudicated_TCMSP_relation_set_v1.1.0
15145,1,1,木贼,1,MOL011943,1,primary_direct,adjudicated_TCMSP_relation_set_v1.1.0
15246,1,1,大蒜,1,MOL008361,1,primary_direct,adjudicated_TCMSP_relation_set_v1.1.0
15264,1,1,功劳木,1,MOL013002,1,primary_direct,adjudicated_TCMSP_relation_set_v1.1.0
15265,1,2,人参叶 | 山茱萸,1,MOL005517,2,primary_direct,adjudicated_TCMSP_relation_set_v1.1.0
15266,1,3,山茱萸 | 柴胡 | 紫苏子,1,MOL004590,3,primary_direct,adjudicated_TCMSP_relation_set_v1.1.0
15267,1,4,山茱萸 | 辣椒 | 金银花 | 银杏叶,1,MOL003080,4,primary_direct,adjudicated_TCMSP_relation_set_v1.1.0
15269,1,5,人参 | 木贼 | 款冬花 | 玉米须 | 辣椒,1,MOL005278,5,primary_direct,adjudicated_TCMSP_relation_set_v1.1.0
15304,1,3,枇杷叶 | 西河柳 | 银柴胡,1,MOL007686,3,primary_direct,adjudicated_TCMSP_relation_set_v1.1.0
15305,1,1,白附子,1,MOL012923,1,primary_direct,adjudicated_TCMSP_relation_set_v1.1.0
15308,1,1,桔梗,1,MOL006020,1,primary_direct,adjudicated_TCMSP_relation_set_v1.1.0
15394,1,3,吴茱萸 | 蚕沙 | 辣椒,1,MOL003966,3,primary_direct,adjudicated_TCMSP_relation_set_v1.1.0
15395,1,2,辣椒 | 金银花,1,MOL003031,2,primary_direct,adjudicated_TCMSP_relation_set_v1.1.0
15410,1,1,紫苏子,1,MOL012878,1,primary_direct,adjudicated_TCMSP_relation_set_v1.1.0
15421,1,1,川芎,1,MOL002097,1,primary_direct,adjudicated_TCMSP_relation_set_v1.1.0
15440,1,1,杜仲叶,1,MOL012302,1,primary_direct,adjudicated_TCMSP_relation_set_v1.1.0
15478,1,1,菊苣,1,MOL008544,1,primary_direct,adjudicated_TCMSP_relation_set_v1.1.0
15480,1,1,木香,1,MOL010827,1,primary_direct,adjudicated_TCMSP_relation_set_v1.1.0
15504,1,4,杜仲叶 | 枇杷叶 | 牵牛子 | 紫苏,1,MOL005268,4,primary_direct,adjudicated_TCMSP_relation_set_v1.1.0
15506,1,1,党参,1,MOL008394,1,primary_direct,adjudicated_TCMSP_relation_set_v1.1.0
15595,1,2,白芷 | 红花,1,MOL002784,2,primary_direct,adjudicated_TCMSP_relation_set_v1.1.0
15600,1,13,人参叶 | 干姜 | 木贼 | 枇杷叶 | 桑叶 | 牛膝 | 牡荆叶 | 独活 | 细辛 | 芫荽 | 茺蔚子 | 菊花 | 零陵香,1,MOL000863,13,primary_direct,adjudicated_TCMSP_relation_set_v1.1.0
15605,1,1,陈皮,1,MOL005829,1,primary_direct,adjudicated_TCMSP_relation_set_v1.1.0
15606,1,6,枳椇子 | 柏子仁 | 楮实子 | 紫苏子 | 胖大海 | 锦灯笼,1,MOL007233,6,primary_direct,adjudicated_TCMSP_relation_set_v1.1.0
15607,1,1,胖大海,1,MOL010209,1,primary_direct,adjudicated_TCMSP_relation_set_v1.1.0
15608,1,3,玫瑰花 | 葛花 | 青果,1,MOL006705,3,primary_direct,adjudicated_TCMSP_relation_set_v1.1.0
15611,1,3,紫苏子 | 葛花 | 金莲花,1,MOL007270,3,primary_direct,adjudicated_TCMSP_relation_set_v1.1.0
15612,1,7,天南星 | 急性子 | 紫苏子 | 胖大海 | 葶苈子 | 金莲花 | 锦灯笼,1,MOL003924,7,primary_direct,adjudicated_TCMSP_relation_set_v1.1.0
15619,1,1,莱菔子,1,MOL010666,1,primary_direct,adjudicated_TCMSP_relation_set_v1.1.0
15653,1,2,甘草 | 麻黄,1,MOL004969,2,primary_direct,adjudicated_TCMSP_relation_set_v1.1.0
15713,1,1,荷叶,1,MOL007200,1,primary_direct,adjudicated_TCMSP_relation_set_v1.1.0
15956,1,1,核桃仁,1,MOL009118,1,primary_direct,adjudicated_TCMSP_relation_set_v1.1.0
16054,1,1,当归,1,MOL008275,1,primary_direct,adjudicated_TCMSP_relation_set_v1.1.0
16066,1,1,天葵子,1,MOL011366,1,primary_direct,adjudicated_TCMSP_relation_set_v1.1.0
16078,1,1,火麻仁,1,MOL005026,1,primary_direct,adjudicated_TCMSP_relation_set_v1.1.0
16136,1,3,功劳木 | 巴戟天 | 茺蔚子,1,MOL000882,3,primary_direct,adjudicated_TCMSP_relation_set_v1.1.0
16238,1,1,木棉花,1,MOL008768,1,primary_direct,adjudicated_TCMSP_relation_set_v1.1.0
16251,1,4,徐长卿 | 枇杷叶 | 百部 | 零陵香,1,MOL005612,4,primary_direct,adjudicated_TCMSP_relation_set_v1.1.0
16255,1,1,沙棘,1,MOL010260,1,primary_direct,adjudicated_TCMSP_relation_set_v1.1.0
16270,1,2,牵牛子 | 白芷,1,MOL005245,2,primary_direct,adjudicated_TCMSP_relation_set_v1.1.0
16315,1,2,大蒜 | 薤白,1,MOL007620,2,primary_direct,adjudicated_TCMSP_relation_set_v1.1.0
16522,1,1,金莲花,1,MOL007271,1,primary_direct,adjudicated_TCMSP_relation_set_v1.1.0
16590,1,4,大蒜 | 薤白 | 辣椒 | 韭菜子,1,MOL007627,4,primary_direct,adjudicated_TCMSP_relation_set_v1.1.0
16592,1,3,绞股蓝 | 葱白 | 薤白,1,MOL007646,3,primary_direct,adjudicated_TCMSP_relation_set_v1.1.0
16617,1,1,沙棘,1,MOL010258,1,primary_direct,adjudicated_TCMSP_relation_set_v1.1.0
16666,1,16,功劳木 | 升麻 | 满山红 | 生姜 | 白芷 | 积雪草 | 紫苏 | 细辛 | 肉苁蓉 | 芫荽 | 苦杏仁 | 荆芥 | 薄荷 | 连钱草 | 鹅不食草 | 麻黄,1,MOL007330,16,primary_direct,adjudicated_TCMSP_relation_set_v1.1.0
16668,1,1,木贼,1,MOL011942,1,primary_direct,adjudicated_TCMSP_relation_set_v1.1.0
16694,1,3,侧柏叶 | 艾叶 | 荆芥,1,MOL002021,3,primary_direct,adjudicated_TCMSP_relation_set_v1.1.0
16732,1,2,木棉花 | 枇杷叶,1,MOL008774,2,primary_direct,adjudicated_TCMSP_relation_set_v1.1.0
16741,1,2,芥子 | 葶苈子,1,MOL003918,2,primary_direct,adjudicated_TCMSP_relation_set_v1.1.0
16754,1,2,延胡索 | 马尾莲,1,MOL004211,2,primary_direct,adjudicated_TCMSP_relation_set_v1.1.0
16833,1,1,锦灯笼,1,MOL007234,1,primary_direct,adjudicated_TCMSP_relation_set_v1.1.0
16871,1,2,凤仙透骨草 | 急性子,1,MOL004795,2,primary_direct,adjudicated_TCMSP_relation_set_v1.1.0
16928,1,2,玄参 | 金莲花,1,MOL007272,2,primary_direct,adjudicated_TCMSP_relation_set_v1.1.0
17095,1,7,乳香 | 华山参 | 当归 | 枇杷叶 | 款冬花 | 荜茇 | 辣椒,1,MOL001224,7,primary_direct,adjudicated_TCMSP_relation_set_v1.1.0
17130,1,1,白头翁,1,MOL001994,1,primary_direct,adjudicated_TCMSP_relation_set_v1.1.0
17355,1,4,木棉花 | 沉香 | 满山红 | 高良姜,1,MOL002538,4,primary_direct,adjudicated_TCMSP_relation_set_v1.1.0
17429,1,1,胡椒,1,MOL002842,1,primary_direct,adjudicated_TCMSP_relation_set_v1.1.0
17525,1,2,木瓜 | 菊花,1,MOL005123,2,primary_direct,adjudicated_TCMSP_relation_set_v1.1.0
17691,1,2,枇杷叶 | 银杏叶,1,MOL011565,2,primary_direct,adjudicated_TCMSP_relation_set_v1.1.0
17697,1,8,凌霄花 | 沙棘 | 白芷 | 紫苏 | 艾叶 | 芫荽 | 零陵香 | 香薷,1,MOL005732,8,primary_direct,adjudicated_TCMSP_relation_set_v1.1.0
17739,1,4,川芎 | 桂枝 | 苦杏仁 | 零陵香,1,MOL002193,4,primary_direct,adjudicated_TCMSP_relation_set_v1.1.0
17756,1,1,厚朴,1,MOL005952,1,primary_direct,adjudicated_TCMSP_relation_set_v1.1.0
17768,1,1,葱白,1,MOL011636,1,primary_direct,adjudicated_TCMSP_relation_set_v1.1.0
17897,1,2,枳实 | 白芷,1,MOL013430,2,primary_direct,adjudicated_TCMSP_relation_set_v1.1.0
17927,1,1,当归,1,MOL008274,1,primary_direct,adjudicated_TCMSP_relation_set_v1.1.0
18027,1,2,人参叶 | 玫瑰花,1,MOL010709,2,primary_direct,adjudicated_TCMSP_relation_set_v1.1.0
18170,1,1,葶苈子,1,MOL003923,1,primary_direct,adjudicated_TCMSP_relation_set_v1.1.0
18502,1,1,柴胡,1,MOL004662,1,primary_direct,adjudicated_TCMSP_relation_set_v1.1.0
18554,1,6,常山 | 广藿香 | 菊花 | 葎草 | 金银花 | 麻黄,1,MOL003083,6,primary_direct,adjudicated_TCMSP_relation_set_v1.1.0
18591,1,1,独活,1,MOL004771,1,primary_direct,adjudicated_TCMSP_relation_set_v1.1.0
18597,1,2,桂枝 | 芥子,1,MOL013023,2,primary_direct,adjudicated_TCMSP_relation_set_v1.1.0
18635,1,2,金银花 | 鸡屎藤,1,MOL003089,2,primary_direct,adjudicated_TCMSP_relation_set_v1.1.0
18852,1,1,罗布麻叶,1,MOL008655,1,primary_direct,adjudicated_TCMSP_relation_set_v1.1.0
19137,1,1,桑椹,1,MOL010295,1,primary_direct,adjudicated_TCMSP_relation_set_v1.1.0
19233,1,3,无患子 | 柴胡 | 瓜蒌,1,MOL004690,3,primary_direct,adjudicated_TCMSP_relation_set_v1.1.0
19244,1,2,槟榔 | 淫羊藿,1,MOL004365,2,primary_direct,adjudicated_TCMSP_relation_set_v1.1.0
19310,1,6,大蒜 | 罗汉果 | 荠菜 | 莱菔子 | 葱白 | 薤白,1,MOL007628,6,primary_direct,adjudicated_TCMSP_relation_set_v1.1.0
19350,1,1,仙茅,1,MOL004153,1,primary_direct,adjudicated_TCMSP_relation_set_v1.1.0
19462,1,1,吴茱萸,1,MOL003981,1,primary_direct,adjudicated_TCMSP_relation_set_v1.1.0
19602,1,42,凌霄花 | 千斤拔 | 升麻 | 半枝莲 | 南沙参 | 厚朴 | 天南星 | 川芎 | 巴戟天 | 徐长卿 | 木香 | 柴胡 | 栀子 | 桑寄生 | 沙棘 | 满山红 | 火麻仁 | 灵芝 | 牛蒡子 | 牵牛子 | 玉竹 | 甘草 | 白芷 | 紫花地丁 | 紫苏 | 羌活 | 芫荽 | 苦杏仁 | 苦楝子 | 茺蔚子 | 菊花 | 菟丝子 | 蒲黄 | 蚕沙 | 西河柳 | 辣椒 | 银杏叶 | 防风 | 韭菜子 | 鹅不食草 | 麻黄 | 黄柏,1,MOL000668,42,primary_direct,adjudicated_TCMSP_relation_set_v1.1.0
19709,1,1,竹沥,1,MOL004485,1,primary_direct,adjudicated_TCMSP_relation_set_v1.1.0
20111,1,1,莱菔子,1,MOL010668,1,primary_direct,adjudicated_TCMSP_relation_set_v1.1.0
20136,1,1,常山,1,MOL008181,1,primary_direct,adjudicated_TCMSP_relation_set_v1.1.0
20197,1,1,徐长卿,1,MOL005606,1,primary_direct,adjudicated_TCMSP_relation_set_v1.1.0
20263,1,4,天南星 | 巴戟天 | 杜仲叶 | 肉桂,1,MOL003528,4,primary_direct,adjudicated_TCMSP_relation_set_v1.1.0
20392,1,1,沙棘,1,MOL010268,1,primary_direct,adjudicated_TCMSP_relation_set_v1.1.0
20449,1,4,华山参 | 赤小豆 | 鸡屎藤 | 黑豆,1,MOL007856,4,primary_direct,adjudicated_TCMSP_relation_set_v1.1.0
20492,1,1,艾叶,1,MOL005715,1,primary_direct,adjudicated_TCMSP_relation_set_v1.1.0
20508,1,1,莱菔子,1,MOL010683,1,primary_direct,adjudicated_TCMSP_relation_set_v1.1.0
20524,1,1,辣椒,1,MOL008676,1,primary_direct,adjudicated_TCMSP_relation_set_v1.1.0
20525,1,3,南鹤虱 | 石菖蒲 | 荜澄茄,1,MOL003554,3,primary_direct,adjudicated_TCMSP_relation_set_v1.1.0
20660,1,1,西洋参,1,MOL011385,1,primary_direct,adjudicated_TCMSP_relation_set_v1.1.0
20746,1,1,党参,1,MOL008387,1,primary_direct,adjudicated_TCMSP_relation_set_v1.1.0
20861,1,3,威灵仙 | 当归 | 辣椒,1,MOL005590,3,primary_direct,adjudicated_TCMSP_relation_set_v1.1.0
20908,1,1,高良姜,1,MOL002577,1,primary_direct,adjudicated_TCMSP_relation_set_v1.1.0
20970,1,1,大蒜,1,MOL008360,1,primary_direct,adjudicated_TCMSP_relation_set_v1.1.0
21204,1,3,紫苏子 | 金银花 | 银杏叶,1,MOL003053,3,primary_direct,adjudicated_TCMSP_relation_set_v1.1.0
21205,1,8,丁香 | 三七 | 厚朴 | 斑蝥 | 枸杞子 | 防风 | 零陵香 | 马兜铃,1,MOL001863,8,primary_direct,adjudicated_TCMSP_relation_set_v1.1.0
21457,1,1,罗布麻叶,1,MOL008651,1,primary_direct,adjudicated_TCMSP_relation_set_v1.1.0
21459,1,1,冬葵果,1,MOL008346,1,primary_direct,adjudicated_TCMSP_relation_set_v1.1.0
21648,1,2,大黄 | 麻黄,1,MOL002287,2,primary_direct,adjudicated_TCMSP_relation_set_v1.1.0
21859,1,1,天南星,1,MOL013160,1,primary_direct,adjudicated_TCMSP_relation_set_v1.1.0
22015,1,1,当归,1,MOL008263,1,primary_direct,adjudicated_TCMSP_relation_set_v1.1.0
22016,1,1,罗汉果,1,MOL010099,1,primary_direct,adjudicated_TCMSP_relation_set_v1.1.0
22156,1,1,酸枣仁,1,MOL001531,1,primary_direct,adjudicated_TCMSP_relation_set_v1.1.0
22179,1,1,乌药,1,MOL010907,1,primary_direct,adjudicated_TCMSP_relation_set_v1.1.0
22201,1,1,金银花,1,MOL003058,1,primary_direct,adjudicated_TCMSP_relation_set_v1.1.0
22210,1,1,菊苣,1,MOL008538,1,primary_direct,adjudicated_TCMSP_relation_set_v1.1.0
22218,1,1,荠菜,1,MOL013298,1,primary_direct,adjudicated_TCMSP_relation_set_v1.1.0
22227,1,5,芫荽 | 荆芥 | 薄荷 | 防风 | 麻黄,1,MOL011860,5,primary_direct,adjudicated_TCMSP_relation_set_v1.1.0
22278,1,2,威灵仙 | 当归,1,MOL005589,2,primary_direct,adjudicated_TCMSP_relation_set_v1.1.0
22327,1,1,玫瑰花,1,MOL010727,1,primary_direct,adjudicated_TCMSP_relation_set_v1.1.0
22383,1,2,葱白 | 薤白,1,MOL007630,2,primary_direct,adjudicated_TCMSP_relation_set_v1.1.0
22873,1,3,木瓜 | 苦楝子 | 辣椒,1,MOL005128,3,primary_direct,adjudicated_TCMSP_relation_set_v1.1.0
23151,1,1,倒扣草,1,MOL008323,1,primary_direct,adjudicated_TCMSP_relation_set_v1.1.0
23205,1,2,杜仲 | 鹅不食草,1,MOL009042,2,primary_direct,adjudicated_TCMSP_relation_set_v1.1.0
23217,1,6,大蓟 | 天山雪莲 | 板蓝根 | 牛蒡子 | 红花 | 荜茇,1,MOL001565,6,primary_direct,adjudicated_TCMSP_relation_set_v1.1.0
23235,1,1,鸡屎藤,1,MOL010598,1,primary_direct,adjudicated_TCMSP_relation_set_v1.1.0
23267,1,1,延胡索,1,MOL004212,1,primary_direct,adjudicated_TCMSP_relation_set_v1.1.0
23327,1,2,天竺黄 | 枸杞子,1,MOL009658,2,primary_direct,adjudicated_TCMSP_relation_set_v1.1.0
23433,1,1,胖大海,1,MOL010204,1,primary_direct,adjudicated_TCMSP_relation_set_v1.1.0
23459,1,1,木贼,1,MOL011945,1,primary_direct,adjudicated_TCMSP_relation_set_v1.1.0
23497,1,1,猫爪草,1,MOL011316,1,primary_direct,adjudicated_TCMSP_relation_set_v1.1.0
23518,1,17,人参 | 党参 | 吴茱萸 | 天南星 | 川芎 | 急性子 | 木棉花 | 板蓝根 | 枳椇子 | 柴胡 | 楮实子 | 紫苏子 | 红芪 | 菊花 | 葛花 | 西河柳 | 黑豆,1,MOL001819,17,primary_direct,adjudicated_TCMSP_relation_set_v1.1.0
23752,1,1,仙茅,1,MOL004130,1,primary_direct,adjudicated_TCMSP_relation_set_v1.1.0
24055,1,1,麻黄,1,MOL010764,1,primary_direct,adjudicated_TCMSP_relation_set_v1.1.0
24115,1,1,高良姜,1,MOL002548,1,primary_direct,adjudicated_TCMSP_relation_set_v1.1.0
24135,1,2,金银花 | 零陵香,1,MOL003017,2,primary_direct,adjudicated_TCMSP_relation_set_v1.1.0
24310,1,2,绿豆 | 金莲花,1,MOL007275,2,primary_direct,adjudicated_TCMSP_relation_set_v1.1.0
24316,1,1,大枣,1,MOL012951,1,primary_direct,adjudicated_TCMSP_relation_set_v1.1.0
24513,1,1,绞股蓝,1,MOL009876,1,primary_direct,adjudicated_TCMSP_relation_set_v1.1.0
25311,1,5,沙棘 | 白芷 | 芫荽 | 苦楝子 | 零陵香,1,MOL005797,5,primary_direct,adjudicated_TCMSP_relation_set_v1.1.0
25371,1,1,冬葵果,1,MOL008327,1,primary_direct,adjudicated_TCMSP_relation_set_v1.1.0
25403,1,1,麻黄,1,MOL010754,1,primary_direct,adjudicated_TCMSP_relation_set_v1.1.0
25611,1,1,黑老虎,1,MOL010568,1,primary_direct,adjudicated_TCMSP_relation_set_v1.1.0
25913,1,16,党参 | 天山雪莲 | 布渣叶 | 木香 | 款冬花 | 牛蒡子 | 玫瑰花 | 红花 | 细辛 | 芫荽 | 荜茇 | 葛花 | 辣椒 | 金银花 | 银杏叶 | 鬼针草,1,MOL001620,16,primary_direct,adjudicated_TCMSP_relation_set_v1.1.0
25915,1,3,冬瓜皮 | 白芷 | 黑芝麻,1,MOL007883,3,primary_direct,adjudicated_TCMSP_relation_set_v1.1.0
26057,1,1,枇杷叶,1,MOL012553,1,primary_direct,adjudicated_TCMSP_relation_set_v1.1.0
26257,1,1,杜仲叶,1,MOL012315,1,primary_direct,adjudicated_TCMSP_relation_set_v1.1.0
26305,1,6,前胡 | 独活 | 白芷 | 紫花前胡 | 羌活 | 防风,1,MOL004793,6,primary_direct,adjudicated_TCMSP_relation_set_v1.1.0
26312,1,1,冬葵果,1,MOL008339,1,primary_direct,adjudicated_TCMSP_relation_set_v1.1.0
26334,1,1,黑芝麻,1,MOL009811,1,primary_direct,adjudicated_TCMSP_relation_set_v1.1.0
26447,1,20,升麻 | 厚朴 | 徐长卿 | 柴胡 | 桑寄生 | 沙棘 | 生姜 | 番泻叶 | 积雪草 | 紫花地丁 | 细辛 | 罗布麻叶 | 荆芥 | 荆芥穗 | 菊花 | 薄荷 | 辣椒 | 金钱草 | 麻黄 | 黄芩,1,MOL000715,20,primary_direct,adjudicated_TCMSP_relation_set_v1.1.0
26548,1,1,天葵子,1,MOL011351,1,primary_direct,adjudicated_TCMSP_relation_set_v1.1.0
26690,1,1,人参,1,MOL005370,1,primary_direct,adjudicated_TCMSP_relation_set_v1.1.0
26808,1,4,冬瓜皮 | 凌霄花 | 白芷 | 黑芝麻,1,MOL007888,4,primary_direct,adjudicated_TCMSP_relation_set_v1.1.0
27694,1,1,莲子心,1,MOL009162,1,primary_direct,adjudicated_TCMSP_relation_set_v1.1.0
28226,1,1,西河柳,1,MOL012098,1,primary_direct,adjudicated_TCMSP_relation_set_v1.1.0
28237,1,1,川芎,1,MOL002118,1,primary_direct,adjudicated_TCMSP_relation_set_v1.1.0
28474,1,1,玫瑰花,1,MOL010724,1,primary_direct,adjudicated_TCMSP_relation_set_v1.1.0
28539,1,1,降香,1,MOL002965,1,primary_direct,adjudicated_TCMSP_relation_set_v1.1.0
28578,1,1,茜草,1,MOL006142,1,primary_direct,adjudicated_TCMSP_relation_set_v1.1.0
28782,1,12,丹参 | 半夏 | 天竺黄 | 山药 | 檀香 | 牛蒡子 | 瓜蒌 | 白术 | 竹沥 | 绿豆 | 芡实 | 黄芪,1,MOL000054,12,primary_direct,adjudicated_TCMSP_relation_set_v1.1.0
28813,1,3,罗汉果 | 葱白 | 银杏叶,1,MOL010080,3,primary_direct,adjudicated_TCMSP_relation_set_v1.1.0
29435,1,4,桑叶 | 桑椹 | 桑白皮 | 蚕沙,1,MOL004729,4,primary_direct,adjudicated_TCMSP_relation_set_v1.1.0
29995,1,1,银杏叶,1,MOL011561,1,primary_direct,adjudicated_TCMSP_relation_set_v1.1.0
30019,1,1,鸡屎藤,1,MOL010609,1,primary_direct,adjudicated_TCMSP_relation_set_v1.1.0
30874,1,2,款冬花 | 白芷,1,MOL010000,2,primary_direct,adjudicated_TCMSP_relation_set_v1.1.0
30875,1,3,款冬花 | 荜茇 | 西河柳,1,MOL001596,3,primary_direct,adjudicated_TCMSP_relation_set_v1.1.0
30942,1,1,当归,1,MOL008277,1,primary_direct,adjudicated_TCMSP_relation_set_v1.1.0
31039,1,1,水红花子,1,MOL012768,1,primary_direct,adjudicated_TCMSP_relation_set_v1.1.0
31161,1,1,黑芝麻,1,MOL009847,1,primary_direct,adjudicated_TCMSP_relation_set_v1.1.0
31211,1,4,北五味子 | 干姜 | 生姜 | 高良姜,1,MOL002516,4,primary_direct,adjudicated_TCMSP_relation_set_v1.1.0
31214,1,1,红花,1,MOL002679,1,primary_direct,adjudicated_TCMSP_relation_set_v1.1.0
31226,1,1,梅花,1,MOL010697,1,primary_direct,adjudicated_TCMSP_relation_set_v1.1.0
31231,1,2,八角茴香 | 小茴香,1,MOL013203,2,primary_direct,adjudicated_TCMSP_relation_set_v1.1.0
31234,1,2,桂枝 | 肉桂,1,MOL003524,2,primary_direct,adjudicated_TCMSP_relation_set_v1.1.0
31242,1,5,当归 | 竹沥 | 罗布麻叶 | 葛花 | 黄柏,1,MOL004474,5,primary_direct,adjudicated_TCMSP_relation_set_v1.1.0
31244,1,10,八角茴香 | 北刘寄奴 | 小茴香 | 山柰 | 枇杷叶 | 桂枝 | 砂仁 | 肉桂 | 胡椒 | 蒿本,1,MOL002836,10,primary_direct,adjudicated_TCMSP_relation_set_v1.1.0
31247,1,1,高良姜,1,MOL002574,1,primary_direct,adjudicated_TCMSP_relation_set_v1.1.0
31249,1,2,猫爪草 | 白芷,1,MOL011321,2,primary_direct,adjudicated_TCMSP_relation_set_v1.1.0
31251,1,2,木棉花 | 猫爪草,1,MOL008771,2,primary_direct,adjudicated_TCMSP_relation_set_v1.1.0
31252,1,4,冬瓜皮 | 凌霄花 | 白芷 | 黑芝麻,1,MOL007884,4,primary_direct,adjudicated_TCMSP_relation_set_v1.1.0
31253,1,80,一枝黄花 | 乌药 | 佩兰 | 侧柏叶 | 八角茴香 | 冰片 | 凌霄花 | 北五味子 | 千年健 | 南鹤虱 | 厚朴 | 吴茱萸 | 地枫皮 | 夏枯草 | 小茴香 | 川芎 | 常山 | 干姜 | 当归 | 断血流 | 木香 | 枇杷叶 | 枳壳 | 枳实 | 柴胡 | 桂枝 | 梅花 | 槟榔 | 橘叶 | 橘红 | 橘络 | 没药 | 满山红 | 牡荆叶 | 独活 | 玳玳花 | 生姜 | 白芷 | 石菖蒲 | 砂仁 | 紫苏 | 细辛 | 羌活 | 肉桂 | 胡椒 | 艾叶 | 芫荽 | 花椒 | 苍耳子 | 苏合香 | 荆芥 | 荆芥穗 | 荜澄茄 | 荜茇 | 莪术 | 菊花 | 蒿本 | 薄荷 | 藁本 | 蛇床子 | 覆盆子 | 豆蔻 | 贯叶金丝桃 | 辛夷 | 连翘 | 郁金 | 防风 | 青皮 | 青蒿 | 香橼 | 香茅 | 香薷 | 马兜铃 | 高良姜 | 鬼针草 | 鱼腥草 | 麻黄 | 黄柏 | 黑老虎 | 黑芝麻,1,MOL000197,80,primary_direct,adjudicated_TCMSP_relation_set_v1.1.0
31256,1,7,山茱萸 | 木瓜 | 羌活 | 肉桂 | 荔枝核 | 莱菔子 | 菊花,1,MOL003527,7,primary_direct,adjudicated_TCMSP_relation_set_v1.1.0
31258,1,1,葱白,1,MOL011647,1,primary_direct,adjudicated_TCMSP_relation_set_v1.1.0
31260,1,12,凌霄花 | 山茱萸 | 枇杷叶 | 桑叶 | 桑椹 | 牛蒡子 | 玫瑰花 | 紫苏 | 菊花 | 辣椒 | 银杏叶 | 黑芝麻,1,MOL003877,12,primary_direct,adjudicated_TCMSP_relation_set_v1.1.0
31264,1,1,木瓜,1,MOL005132,1,primary_direct,adjudicated_TCMSP_relation_set_v1.1.0
31265,1,4,沙棘 | 芫荽 | 苦楝子 | 辣椒,1,MOL008713,4,primary_direct,adjudicated_TCMSP_relation_set_v1.1.0
31266,1,1,南蛇藤果,1,MOL003491,1,primary_direct,adjudicated_TCMSP_relation_set_v1.1.0
31272,1,6,木贼 | 白芷 | 罗汉果 | 茺蔚子 | 葱白 | 麻黄,1,MOL000871,6,primary_direct,adjudicated_TCMSP_relation_set_v1.1.0
31276,1,5,桑叶 | 梅花 | 菊花 | 鸡屎藤 | 黑芝麻,1,MOL009844,5,primary_direct,adjudicated_TCMSP_relation_set_v1.1.0
31283,1,10,功劳木 | 天山雪莲 | 巴豆 | 木棉花 | 枸杞子 | 沙棘 | 牛大力 | 芫荽 | 西河柳 | 银杏叶,1,MOL001496,10,primary_direct,adjudicated_TCMSP_relation_set_v1.1.0
31284,1,22,人参 | 党参 | 川射干 | 急性子 | 板蓝根 | 枳椇子 | 柏子仁 | 柴胡 | 楮实子 | 砂仁 | 紫苏子 | 羌活 | 胖大海 | 菊花 | 葛花 | 西河柳 | 西红花 | 败酱草 | 赤芍 | 金银花 | 黄芩 | 黑豆,1,MOL001392,22,primary_direct,adjudicated_TCMSP_relation_set_v1.1.0
31285,1,3,款冬花 | 独活 | 菊花,1,MOL004787,3,primary_direct,adjudicated_TCMSP_relation_set_v1.1.0
31289,1,62,伸筋草 | 八角莲 | 凌霄花 | 前胡 | 千金子 | 升麻 | 南沙参 | 南蛇藤果 | 川芎 | 巴戟天 | 当归 | 徐长卿 | 杜仲叶 | 枇杷叶 | 柴胡 | 栀子 | 桑叶 | 桑寄生 | 梅花 | 款冬花 | 沙棘 | 满山红 | 灵芝 | 牛蒡子 | 独活 | 玉竹 | 玉米须 | 玳玳花 | 白前 | 白芷 | 白薇 | 瞿麦 | 紫花前胡 | 紫苏 | 紫苏子 | 红花 | 细辛 | 罗布麻叶 | 罗汉果 | 芥子 | 芫荽 | 苍耳子 | 苦杏仁 | 苦楝子 | 茺蔚子 | 草果 | 荠菜 | 莱菔子 | 菊花 | 葎草 | 蛇床子 | 西河柳 | 西红花 | 辣椒 | 郁金 | 金荞麦 | 金钱草 | 金银花 | 银杏叶 | 防风 | 韭菜子 | 麻黄,1,MOL000116,62,primary_direct,adjudicated_TCMSP_relation_set_v1.1.0
31291,1,14,厚朴 | 月季花 | 杜仲叶 | 桂枝 | 沙棘 | 牡荆叶 | 玉米须 | 玫瑰花 | 白芷 | 芫荽 | 苦楝子 | 葱白 | 辣椒 | 零陵香,1,MOL005976,14,primary_direct,adjudicated_TCMSP_relation_set_v1.1.0
31307,1,1,白毛藤,1,MOL006859,1,primary_direct,adjudicated_TCMSP_relation_set_v1.1.0
31344,1,1,巴戟天,1,MOL009563,1,primary_direct,adjudicated_TCMSP_relation_set_v1.1.0
31357,1,2,大蓟 | 黄芩,1,MOL005841,2,primary_direct,adjudicated_TCMSP_relation_set_v1.1.0
31402,1,1,白鲜皮,1,MOL006267,1,primary_direct,adjudicated_TCMSP_relation_set_v1.1.0
31404,1,32,三七 | 人参叶 | 南蛇藤果 | 山茱萸 | 巴戟天 | 广藿香 | 木香 | 枇杷叶 | 桑椹 | 槟榔 | 檀香 | 沉香 | 沙棘 | 浮萍 | 牛蒡子 | 甘草 | 紫苏 | 胡椒 | 芫荽 | 苦杏仁 | 荔枝核 | 荠菜 | 葎草 | 葱白 | 薄荷 | 西河柳 | 诃子 | 赤芍 | 银杏叶 | 银柴胡 | 零陵香 | 黑芝麻,1,MOL002850,32,primary_direct,adjudicated_TCMSP_relation_set_v1.1.0
31405,1,1,白芍,1,MOL001895,1,primary_direct,adjudicated_TCMSP_relation_set_v1.1.0
31411,1,1,罂粟壳,1,MOL009327,1,primary_direct,adjudicated_TCMSP_relation_set_v1.1.0
31415,1,1,荜澄茄,1,MOL013195,1,primary_direct,adjudicated_TCMSP_relation_set_v1.1.0
31423,1,4,枇杷叶 | 白芷 | 银杏叶 | 零陵香,1,MOL005805,4,primary_direct,adjudicated_TCMSP_relation_set_v1.1.0
31493,1,1,麻黄,1,MOL010778,1,primary_direct,adjudicated_TCMSP_relation_set_v1.1.0
31553,1,1,水飞蓟,1,MOL007450,1,primary_direct,adjudicated_TCMSP_relation_set_v1.1.0
31677,1,1,满山红,1,MOL012428,1,primary_direct,adjudicated_TCMSP_relation_set_v1.1.0
32045,1,2,当归 | 蒿本,1,MOL008276,2,primary_direct,adjudicated_TCMSP_relation_set_v1.1.0
32209,1,2,巴戟天 | 茜草,1,MOL006148,2,primary_direct,adjudicated_TCMSP_relation_set_v1.1.0
32594,1,2,牛膝 | 辣椒,1,MOL008671,2,primary_direct,adjudicated_TCMSP_relation_set_v1.1.0
32743,1,1,大蒜,1,MOL008369,1,primary_direct,adjudicated_TCMSP_relation_set_v1.1.0
32893,1,1,竹沥,1,MOL004467,1,primary_direct,adjudicated_TCMSP_relation_set_v1.1.0
32898,1,1,玫瑰花,1,MOL010732,1,primary_direct,adjudicated_TCMSP_relation_set_v1.1.0
33037,1,1,银杏叶,1,MOL011591,1,primary_direct,adjudicated_TCMSP_relation_set_v1.1.0
33109,1,4,川贝母 | 薄荷 | 赤芍 | 鹅不食草,1,MOL009569,4,primary_direct,adjudicated_TCMSP_relation_set_v1.1.0
33166,1,2,木贼 | 牛膝,1,MOL011944,2,primary_direct,adjudicated_TCMSP_relation_set_v1.1.0
33588,1,1,柴胡,1,MOL004618,1,primary_direct,adjudicated_TCMSP_relation_set_v1.1.0
33637,1,1,罗布麻叶,1,MOL008650,1,primary_direct,adjudicated_TCMSP_relation_set_v1.1.0
33712,1,1,独活,1,MOL004769,1,primary_direct,adjudicated_TCMSP_relation_set_v1.1.0
33792,1,1,白附子,1,MOL012927,1,primary_direct,adjudicated_TCMSP_relation_set_v1.1.0
33936,1,1,柴胡,1,MOL004663,1,primary_direct,adjudicated_TCMSP_relation_set_v1.1.0
33937,1,3,生姜 | 豆蔻 | 高良姜,1,MOL000253,3,primary_direct,adjudicated_TCMSP_relation_set_v1.1.0
34167,1,2,槟榔 | 鹿衔草,1,MOL000555,2,primary_direct,adjudicated_TCMSP_relation_set_v1.1.0
34222,1,1,乌敛莓,1,MOL008036,1,primary_direct,adjudicated_TCMSP_relation_set_v1.1.0
34225,1,1,西红花,1,MOL001378,1,primary_direct,adjudicated_TCMSP_relation_set_v1.1.0
34296,1,1,薤白,1,MOL007608,1,primary_direct,adjudicated_TCMSP_relation_set_v1.1.0
34303,1,1,红花,1,MOL002738,1,primary_direct,adjudicated_TCMSP_relation_set_v1.1.0
34627,1,1,马兜铃,1,MOL012408,1,primary_direct,adjudicated_TCMSP_relation_set_v1.1.0
35860,1,1,柴胡,1,MOL004619,1,primary_direct,adjudicated_TCMSP_relation_set_v1.1.0
36247,1,2,功劳木 | 牛蒡子,1,MOL013001,2,primary_direct,adjudicated_TCMSP_relation_set_v1.1.0
36744,1,3,蒿本 | 藁本 | 银杏叶,1,MOL011546,3,primary_direct,adjudicated_TCMSP_relation_set_v1.1.0
37153,1,1,干姜,1,MOL002519,1,primary_direct,adjudicated_TCMSP_relation_set_v1.1.0
37439,1,1,苎麻根,1,MOL004544,1,primary_direct,adjudicated_TCMSP_relation_set_v1.1.0
38762,1,9,南沙参 | 天山雪莲 | 巴戟天 | 木贼 | 牛大力 | 猫爪草 | 玉米须 | 芫荽 | 鸡屎藤,1,MOL001497,9,primary_direct,adjudicated_TCMSP_relation_set_v1.1.0
39539,1,1,黑豆,1,MOL009696,1,primary_direct,adjudicated_TCMSP_relation_set_v1.1.0
40091,1,1,莲子心,1,MOL009161,1,primary_direct,adjudicated_TCMSP_relation_set_v1.1.0
40463,1,1,肉豆蔻,1,MOL009259,1,primary_direct,adjudicated_TCMSP_relation_set_v1.1.0
41013,1,1,紫草,1,MOL007725,1,primary_direct,adjudicated_TCMSP_relation_set_v1.1.0
41169,1,2,大枣 | 白药子,1,MOL006986,2,primary_direct,adjudicated_TCMSP_relation_set_v1.1.0
41223,1,1,辣椒,1,MOL008727,1,primary_direct,adjudicated_TCMSP_relation_set_v1.1.0
42151,1,2,木瓜 | 银杏叶,1,MOL005111,2,primary_direct,adjudicated_TCMSP_relation_set_v1.1.0
42738,1,1,贯众,1,MOL002618,1,primary_direct,adjudicated_TCMSP_relation_set_v1.1.0
45056,1,2,番泻叶 | 薄荷,1,MOL002364,2,primary_direct,adjudicated_TCMSP_relation_set_v1.1.0
45070,1,1,大皂荚,1,MOL012997,1,primary_direct,adjudicated_TCMSP_relation_set_v1.1.0
50591,1,3,板蓝根 | 蓼大青叶 | 青黛,1,MOL001827,3,primary_direct,adjudicated_TCMSP_relation_set_v1.1.0
51106,1,1,北豆根,1,MOL012919,1,primary_direct,adjudicated_TCMSP_relation_set_v1.1.0
60961,1,20,半边莲 | 土贝母 | 川芎 | 川贝母 | 平贝母 | 板蓝根 | 枸骨叶 | 款冬花 | 牛蒡子 | 白蔹 | 红花 | 薤白 | 防风 | 香薷 | 马勃 | 马钱子 | 鸡骨草 | 鸭跖草 | 麦芽 | 龙葵,1,MOL001787,20,primary_direct,adjudicated_TCMSP_relation_set_v1.1.0
60979,1,1,枸杞子,1,MOL009675,1,primary_direct,adjudicated_TCMSP_relation_set_v1.1.0
61007,1,2,山茱萸 | 沉香,1,MOL005561,2,primary_direct,adjudicated_TCMSP_relation_set_v1.1.0
61020,1,3,常山 | 羌活 | 金银花,1,MOL003090,3,primary_direct,adjudicated_TCMSP_relation_set_v1.1.0
61030,1,1,木瓜,1,MOL005124,1,primary_direct,adjudicated_TCMSP_relation_set_v1.1.0
61041,1,15,凌霄花 | 吴茱萸 | 枇杷叶 | 枸杞子 | 桑叶 | 桑寄生 | 罗布麻叶 | 苍耳子 | 菊花 | 西红花 | 覆盆子 | 辣椒 | 银杏叶 | 零陵香 | 麻黄,1,MOL000720,15,primary_direct,adjudicated_TCMSP_relation_set_v1.1.0
61048,1,2,高良姜 | 麻黄,1,MOL002530,2,primary_direct,adjudicated_TCMSP_relation_set_v1.1.0
61123,1,8,柴胡 | 白芷 | 砂仁 | 紫苏 | 细辛 | 蔓荆子 | 银杏叶 | 鸡屎藤,1,MOL007553,8,primary_direct,adjudicated_TCMSP_relation_set_v1.1.0
61124,1,2,南蛇藤果 | 零陵香,1,MOL003500,2,primary_direct,adjudicated_TCMSP_relation_set_v1.1.0
61177,1,4,冬瓜皮 | 玉竹 | 白芷 | 紫苏,1,MOL007887,4,primary_direct,adjudicated_TCMSP_relation_set_v1.1.0
61211,1,1,石菖蒲,1,MOL003567,1,primary_direct,adjudicated_TCMSP_relation_set_v1.1.0
61229,1,3,丁香 | 安息香 | 柴胡,1,MOL004650,3,primary_direct,adjudicated_TCMSP_relation_set_v1.1.0
61235,1,1,艾叶,1,MOL005730,1,primary_direct,adjudicated_TCMSP_relation_set_v1.1.0
61303,1,7,人参叶 | 吴茱萸 | 巴戟天 | 枸骨叶 | 玫瑰花 | 麻黄 | 黄柏,1,MOL003992,7,primary_direct,adjudicated_TCMSP_relation_set_v1.1.0
61304,1,1,罗汉果,1,MOL010128,1,primary_direct,adjudicated_TCMSP_relation_set_v1.1.0
61346,1,9,柴胡 | 牡荆叶 | 玉竹 | 紫苏 | 苦楝子 | 荆芥 | 荆芥穗 | 辣椒 | 麻黄,1,MOL008661,9,primary_direct,adjudicated_TCMSP_relation_set_v1.1.0
61362,1,9,桂枝 | 紫苏 | 芫荽 | 荆芥 | 荆芥穗 | 菊花 | 蒿本 | 薄荷 | 麻黄,1,MOL011848,9,primary_direct,adjudicated_TCMSP_relation_set_v1.1.0
61386,1,1,地耳草,1,MOL007873,1,primary_direct,adjudicated_TCMSP_relation_set_v1.1.0
61455,1,1,满山红,1,MOL012438,1,primary_direct,adjudicated_TCMSP_relation_set_v1.1.0
61464,1,1,沙棘,1,MOL010223,1,primary_direct,adjudicated_TCMSP_relation_set_v1.1.0
61466,1,1,辣椒,1,MOL008706,1,primary_direct,adjudicated_TCMSP_relation_set_v1.1.0
61503,1,4,大黄 | 桑叶 | 玉米须 | 蒲黄,1,MOL002301,4,primary_direct,adjudicated_TCMSP_relation_set_v1.1.0
61592,1,1,木瓜,1,MOL005116,1,primary_direct,adjudicated_TCMSP_relation_set_v1.1.0
61738,1,5,枇杷叶 | 柴胡 | 紫苏 | 金钱草 | 麻黄,1,MOL007934,5,primary_direct,adjudicated_TCMSP_relation_set_v1.1.0
61743,1,1,罗汉果,1,MOL010104,1,primary_direct,adjudicated_TCMSP_relation_set_v1.1.0
61814,1,1,当归,1,MOL008291,1,primary_direct,adjudicated_TCMSP_relation_set_v1.1.0
61926,1,1,大蒜,1,MOL008363,1,primary_direct,adjudicated_TCMSP_relation_set_v1.1.0
62142,1,1,肉苁蓉,1,MOL008878,1,primary_direct,adjudicated_TCMSP_relation_set_v1.1.0
62322,1,1,生姜,1,MOL006121,1,primary_direct,adjudicated_TCMSP_relation_set_v1.1.0
62325,1,1,常山,1,MOL008186,1,primary_direct,adjudicated_TCMSP_relation_set_v1.1.0
62335,1,1,荆芥,1,MOL011846,1,primary_direct,adjudicated_TCMSP_relation_set_v1.1.0
62348,1,5,云芝 | 关黄柏 | 桑椹 | 菊花 | 黄柏,1,MOL002647,5,primary_direct,adjudicated_TCMSP_relation_set_v1.1.0
62351,1,1,芥子,1,MOL013025,1,primary_direct,adjudicated_TCMSP_relation_set_v1.1.0
62374,1,4,八角莲 | 菊花 | 西红花 | 黄柏,1,MOL001377,4,primary_direct,adjudicated_TCMSP_relation_set_v1.1.0
62385,1,12,佩兰 | 厚朴 | 柴胡 | 桑叶 | 生姜 | 羌活 | 胡椒 | 菊花 | 蛇床子 | 赤芍 | 辛夷 | 青果,1,MOL000607,12,primary_direct,adjudicated_TCMSP_relation_set_v1.1.0
62434,1,3,大蒜 | 薤白 | 辣椒,1,MOL007643,3,primary_direct,adjudicated_TCMSP_relation_set_v1.1.0
62465,1,9,厚朴 | 安息香 | 徐长卿 | 桂枝 | 紫苏 | 防己 | 零陵香 | 高良姜 | 黄柏,1,MOL002334,9,primary_direct,adjudicated_TCMSP_relation_set_v1.1.0
62695,1,1,玉米须,1,MOL013362,1,primary_direct,adjudicated_TCMSP_relation_set_v1.1.0
62946,1,1,半夏,1,MOL006932,1,primary_direct,adjudicated_TCMSP_relation_set_v1.1.0
63112,1,3,大青叶 | 常山 | 板蓝根,1,MOL001764,3,primary_direct,adjudicated_TCMSP_relation_set_v1.1.0
64048,1,2,大青叶 | 板蓝根,1,MOL001802,2,primary_direct,adjudicated_TCMSP_relation_set_v1.1.0
64678,1,1,黑芝麻,1,MOL009838,1,primary_direct,adjudicated_TCMSP_relation_set_v1.1.0
64689,1,3,山药 | 罗汉果 | 黄精,1,MOL005441,3,primary_direct,adjudicated_TCMSP_relation_set_v1.1.0
64782,1,2,麻黄 | 麻黄根,1,MOL009189,2,primary_direct,adjudicated_TCMSP_relation_set_v1.1.0
64945,1,81,丹参 | 乌梅 | 仙鹤草 | 倒扣草 | 凌霄花 | 凤眼草 | 前胡 | 半枝莲 | 四季青 | 夏枯草 | 大枣 | 太子参 | 女贞子 | 委陵菜 | 山楂叶 | 山茱萸 | 断血流 | 景天三七 | 月季花 | 木瓜 | 木鳖子 | 杜仲 | 松节 | 枇杷叶 | 枸骨叶 | 柿蒂 | 栀子 | 桑叶 | 桑白皮 | 椿皮 | 沙棘 | 泽兰 | 满山红 | 漏芦 | 牛黄 | 猕猴桃根 | 玄参 | 玉米须 | 甘松 | 甘草 | 白头翁 | 白花蛇舌草 | 石榴皮 | 石见穿 | 秦皮 | 积雪草 | 紫苏 | 紫草 | 红芪 | 续断 | 翻白草 | 苦丁茶 | 苦杏仁 | 荆芥 | 荆芥穗 | 蕤仁 | 薄荷 | 西河柳 | 覆盆子 | 败酱草 | 路路通 | 车前草 | 连翘 | 连钱草 | 郁李仁 | 野菊花 | 金樱子 | 金莲花 | 金银花 | 钩藤 | 零陵香 | 雷公藤 | 香加皮 | 香薷 | 马钱子 | 马鞭草 | 鸡屎藤 | 鸡骨草 | 鹿衔草 | 麻黄 | 龙胆,1,MOL000511,81,primary_direct,adjudicated_TCMSP_relation_set_v1.1.0
64950,1,1,昆布,1,MOL010613,1,primary_direct,adjudicated_TCMSP_relation_set_v1.1.0
64959,1,1,半夏,1,MOL006967,1,primary_direct,adjudicated_TCMSP_relation_set_v1.1.0
64960,1,1,板蓝根,1,MOL001742,1,primary_direct,adjudicated_TCMSP_relation_set_v1.1.0
64961,1,8,党参 | 半夏 | 天南星 | 枳椇子 | 款冬花 | 洋金花 | 蒺藜 | 鸭跖草,1,MOL006844,8,primary_direct,adjudicated_TCMSP_relation_set_v1.1.0
64971,1,29,使君子 | 八角茴香 | 土荆皮 | 地枫皮 | 地榆 | 地耳草 | 大枣 | 委陵菜 | 木瓜 | 木香 | 杜仲 | 枇杷叶 | 柿蒂 | 桑白皮 | 槲寄生 | 牡丹皮 | 甘草 | 白头翁 | 白芍 | 胡芦巴 | 苎麻根 | 苦丁茶 | 苦杏仁 | 西河柳 | 连翘 | 连钱草 | 酸枣仁 | 雷公藤 | 黄芪,1,MOL000211,29,primary_direct,adjudicated_TCMSP_relation_set_v1.1.0
64981,1,4,了哥王根 | 牛蒡子 | 络石藤 | 连翘,1,MOL000523,4,primary_direct,adjudicated_TCMSP_relation_set_v1.1.0
64982,1,11,丹参 | 半夏 | 半枝莲 | 木蝴蝶 | 柴胡 | 槐角 | 牛膝 | 红花 | 赤芍 | 车前草 | 马尾莲,1,MOL002776,11,primary_direct,adjudicated_TCMSP_relation_set_v1.1.0
65041,1,4,三七 | 半夏 | 广枣 | 黄芪,1,MOL000384,4,primary_direct,adjudicated_TCMSP_relation_set_v1.1.0
65055,1,2,木贼 | 葱白,1,MOL011634,2,primary_direct,adjudicated_TCMSP_relation_set_v1.1.0
65056,1,2,山茱萸 | 金荞麦,1,MOL005467,2,primary_direct,adjudicated_TCMSP_relation_set_v1.1.0
65057,1,2,枇杷叶 | 独活,1,MOL004774,2,primary_direct,adjudicated_TCMSP_relation_set_v1.1.0
65064,1,3,余甘子 | 枇杷叶 | 白果,1,MOL006821,3,primary_direct,adjudicated_TCMSP_relation_set_v1.1.0
65067,1,2,禹州漏芦 | 红花,1,MOL002770,2,primary_direct,adjudicated_TCMSP_relation_set_v1.1.0
65080,1,1,川牛膝,1,MOL012294,1,primary_direct,adjudicated_TCMSP_relation_set_v1.1.0
65084,1,5,余甘子 | 大黄 | 枳椇子 | 银杏叶 | 雷公藤,1,MOL002249,5,primary_direct,adjudicated_TCMSP_relation_set_v1.1.0
65085,1,1,巴豆,1,MOL001630,1,primary_direct,adjudicated_TCMSP_relation_set_v1.1.0
65090,1,6,北沙参 | 橘红 | 白芷 | 羌活 | 芫荽 | 蛇床子,1,MOL001954,6,primary_direct,adjudicated_TCMSP_relation_set_v1.1.0
65156,1,1,金沸草,1,MOL013017,1,primary_direct,adjudicated_TCMSP_relation_set_v1.1.0
65252,1,3,枸杞子 | 紫苏子 | 锦灯笼,1,MOL009681,3,primary_direct,adjudicated_TCMSP_relation_set_v1.1.0
65373,1,3,北沙参 | 连翘 | 骨碎补,1,MOL001938,3,primary_direct,adjudicated_TCMSP_relation_set_v1.1.0
65724,1,9,乳香 | 凌霄花 | 前胡 | 当归 | 柴胡 | 砂仁 | 紫花前胡 | 芫荽 | 荆芥穗,1,MOL001273,9,primary_direct,adjudicated_TCMSP_relation_set_v1.1.0
65728,1,1,枸杞子,1,MOL009679,1,primary_direct,adjudicated_TCMSP_relation_set_v1.1.0
65736,1,1,积雪草,1,MOL007313,1,primary_direct,adjudicated_TCMSP_relation_set_v1.1.0
66065,1,4,前胡 | 矮地茶 | 胡黄连 | 虎耳草,1,MOL002816,4,primary_direct,adjudicated_TCMSP_relation_set_v1.1.0
66083,1,1,矮地茶,1,MOL010997,1,primary_direct,adjudicated_TCMSP_relation_set_v1.1.0
66093,1,3,川芎 | 柴胡 | 蒿本,1,MOL002107,3,primary_direct,adjudicated_TCMSP_relation_set_v1.1.0
66172,1,1,葱白,1,MOL011660,1,primary_direct,adjudicated_TCMSP_relation_set_v1.1.0
66282,1,3,大蒜 | 薤白 | 韭菜子,1,MOL007619,3,primary_direct,adjudicated_TCMSP_relation_set_v1.1.0
66308,1,3,柴胡 | 红花 | 黄芪,1,MOL000382,3,primary_direct,adjudicated_TCMSP_relation_set_v1.1.0
66540,1,4,猫爪草 | 菊花 | 葱白 | 麻黄,1,MOL011319,4,primary_direct,adjudicated_TCMSP_relation_set_v1.1.0
66548,1,1,蛇床子,1,MOL003584,1,primary_direct,adjudicated_TCMSP_relation_set_v1.1.0
66654,1,4,余甘子 | 老鹳草 | 胡芦巴 | 青果,1,MOL005072,4,primary_direct,adjudicated_TCMSP_relation_set_v1.1.0
66743,1,1,枸杞子,1,MOL009657,1,primary_direct,adjudicated_TCMSP_relation_set_v1.1.0
66841,1,11,北五味子 | 当归 | 柴胡 | 桑叶 | 甘草 | 白芷 | 紫苏 | 蒿本 | 薄荷 | 辛夷 | 青蒿,1,MOL004723,11,primary_direct,adjudicated_TCMSP_relation_set_v1.1.0
66948,1,2,威灵仙 | 猫爪草,1,MOL005601,2,primary_direct,adjudicated_TCMSP_relation_set_v1.1.0
67069,1,1,铁线透骨草,1,MOL005568,1,primary_direct,adjudicated_TCMSP_relation_set_v1.1.0
67179,1,19,乳香 | 侧柏叶 | 冰片 | 北刘寄奴 | 杜仲 | 栀子 | 桑叶 | 灵芝 | 生姜 | 益智 | 益母草 | 瞿麦 | 荜茇 | 莪术 | 西红花 | 连翘 | 金银花 | 马兜铃 | 鬼针草,1,MOL000920,19,primary_direct,adjudicated_TCMSP_relation_set_v1.1.0
67524,1,3,丹参 | 白芷 | 羌活,1,MOL007089,3,primary_direct,adjudicated_TCMSP_relation_set_v1.1.0
67525,1,2,细辛 | 荜茇,1,MOL001615,2,primary_direct,adjudicated_TCMSP_relation_set_v1.1.0
67526,1,2,满山红 | 白芷,1,MOL012429,2,primary_direct,adjudicated_TCMSP_relation_set_v1.1.0
68051,1,1,葎草,1,MOL007337,1,primary_direct,adjudicated_TCMSP_relation_set_v1.1.0
68057,1,5,木瓜 | 桑叶 | 菊花 | 零陵香 | 麻黄,1,MOL005110,5,primary_direct,adjudicated_TCMSP_relation_set_v1.1.0
68071,1,2,甘草 | 胡椒,1,MOL002844,2,primary_direct,adjudicated_TCMSP_relation_set_v1.1.0
68073,1,1,郁金,1,MOL004297,1,primary_direct,adjudicated_TCMSP_relation_set_v1.1.0
68077,1,4,化橘红 | 枳实 | 陈皮 | 青皮,1,MOL005814,4,primary_direct,adjudicated_TCMSP_relation_set_v1.1.0
68079,1,10,两面针 | 前胡 | 天山雪莲 | 枳实 | 独活 | 白芷 | 石上柏 | 石菖蒲 | 防风 | 马齿苋,1,MOL003561,10,primary_direct,adjudicated_TCMSP_relation_set_v1.1.0
68081,1,11,丹参 | 前胡 | 北沙参 | 栀子 | 橘红 | 满山红 | 独活 | 白芷 | 紫花前胡 | 羌活 | 防风,1,MOL001942,11,primary_direct,adjudicated_TCMSP_relation_set_v1.1.0
68082,1,2,独活 | 防风,1,MOL004775,2,primary_direct,adjudicated_TCMSP_relation_set_v1.1.0
68085,1,4,两面针 | 常山 | 白鲜皮 | 黄柏,1,MOL002653,4,primary_direct,adjudicated_TCMSP_relation_set_v1.1.0
68108,1,3,佛手 | 木棉花 | 芫荽,1,MOL008780,3,primary_direct,adjudicated_TCMSP_relation_set_v1.1.0
68126,1,3,华山参 | 梅花 | 黄柏,1,MOL011089,3,primary_direct,adjudicated_TCMSP_relation_set_v1.1.0
68128,1,25,人参 | 人参叶 | 八角茴香 | 北五味子 | 姜黄 | 干姜 | 木香 | 桂枝 | 灯心草 | 牡荆叶 | 独活 | 砂仁 | 细辛 | 羌活 | 艾叶 | 荜茇 | 西河柳 | 西洋参 | 辛夷 | 郁金 | 银杏叶 | 防风 | 香薷 | 马鞭草 | 麻黄,1,MOL000968,25,primary_direct,adjudicated_TCMSP_relation_set_v1.1.0
68140,1,2,紫苏 | 高良姜,1,MOL002537,2,primary_direct,adjudicated_TCMSP_relation_set_v1.1.0
68141,1,6,枸杞子 | 红花 | 羌活 | 豨莶草 | 贯叶金丝桃 | 鸡屎藤,1,MOL002783,6,primary_direct,adjudicated_TCMSP_relation_set_v1.1.0
68146,1,2,倒扣草 | 银杏叶,1,MOL008317,2,primary_direct,adjudicated_TCMSP_relation_set_v1.1.0
68148,1,7,丁香 | 厚朴 | 桂枝 | 梅花 | 胡椒 | 银杏叶 | 零陵香,1,MOL002839,7,primary_direct,adjudicated_TCMSP_relation_set_v1.1.0
68231,1,1,甘松,1,MOL010532,1,primary_direct,adjudicated_TCMSP_relation_set_v1.1.0
68252,1,5,绞股蓝 | 葎草 | 零陵香 | 香薷 | 鹅不食草,1,MOL007338,5,primary_direct,adjudicated_TCMSP_relation_set_v1.1.0
68261,1,3,板蓝根 | 穿山龙 | 绵萆薢,1,MOL000135,3,primary_direct,adjudicated_TCMSP_relation_set_v1.1.0
68262,1,4,两面针 | 秦皮 | 荆芥 | 麻黄,1,MOL005080,4,primary_direct,adjudicated_TCMSP_relation_set_v1.1.0
68289,1,3,细辛 | 荜茇 | 黑芝麻,1,MOL001595,3,primary_direct,adjudicated_TCMSP_relation_set_v1.1.0
68313,1,3,石上柏 | 麦芽 | 麻黄,1,MOL007559,3,primary_direct,adjudicated_TCMSP_relation_set_v1.1.0
68316,1,8,丁香 | 桑叶 | 紫苏 | 芫荽 | 花椒 | 辛夷 | 郁金 | 防风,1,MOL004294,8,primary_direct,adjudicated_TCMSP_relation_set_v1.1.0
68346,1,2,艾叶 | 青蒿,1,MOL005726,2,primary_direct,adjudicated_TCMSP_relation_set_v1.1.0
68352,1,1,土茯苓,1,MOL013127,1,primary_direct,adjudicated_TCMSP_relation_set_v1.1.0
68381,1,2,紫苏 | 芫荽,1,MOL006232,2,primary_direct,adjudicated_TCMSP_relation_set_v1.1.0
68486,1,2,白芷 | 花椒,1,MOL005795,2,primary_direct,adjudicated_TCMSP_relation_set_v1.1.0
68490,1,1,梅花,1,MOL010701,1,primary_direct,adjudicated_TCMSP_relation_set_v1.1.0
69068,1,1,马勃,1,MOL013040,1,primary_direct,adjudicated_TCMSP_relation_set_v1.1.0
69113,1,1,瓜蒌,1,MOL007168,1,primary_direct,adjudicated_TCMSP_relation_set_v1.1.0
69144,1,1,川芎,1,MOL002134,1,primary_direct,adjudicated_TCMSP_relation_set_v1.1.0
69313,1,1,芫荽,1,MOL012148,1,primary_direct,adjudicated_TCMSP_relation_set_v1.1.0
69378,1,1,玫瑰花,1,MOL010715,1,primary_direct,adjudicated_TCMSP_relation_set_v1.1.0
69381,1,1,鸡血藤,1,MOL000464,1,primary_direct,adjudicated_TCMSP_relation_set_v1.1.0
69421,1,6,半夏 | 南瓜子 | 吴茱萸 | 山茱萸 | 板蓝根 | 柴胡,1,MOL001816,6,primary_direct,adjudicated_TCMSP_relation_set_v1.1.0
69424,1,2,黑芝麻 | 黑豆,1,MOL009725,2,primary_direct,adjudicated_TCMSP_relation_set_v1.1.0
69425,1,1,三七,1,MOL007471,1,primary_direct,adjudicated_TCMSP_relation_set_v1.1.0
69475,1,1,沉香,1,MOL010515,1,primary_direct,adjudicated_TCMSP_relation_set_v1.1.0
69502,1,3,白芷 | 蛇床子 | 防风,1,MOL003588,3,primary_direct,adjudicated_TCMSP_relation_set_v1.1.0
69505,1,3,功劳木 | 桑白皮 | 雷公藤,1,MOL012680,3,primary_direct,adjudicated_TCMSP_relation_set_v1.1.0
69600,1,3,半枝莲 | 柴胡 | 香加皮,1,MOL005649,3,primary_direct,adjudicated_TCMSP_relation_set_v1.1.0
69609,1,1,紫苏子,1,MOL012900,1,primary_direct,adjudicated_TCMSP_relation_set_v1.1.0
69644,1,1,南沙参,1,MOL003445,1,primary_direct,adjudicated_TCMSP_relation_set_v1.1.0
69667,1,2,杜仲叶 | 桂枝,1,MOL010554,2,primary_direct,adjudicated_TCMSP_relation_set_v1.1.0
69687,1,1,白薇,1,MOL006929,1,primary_direct,adjudicated_TCMSP_relation_set_v1.1.0
69705,1,1,黄药子,1,MOL009771,1,primary_direct,adjudicated_TCMSP_relation_set_v1.1.0
69825,1,2,厚朴 | 细辛,1,MOL005949,2,primary_direct,adjudicated_TCMSP_relation_set_v1.1.0
69861,1,1,木贼,1,MOL011948,1,primary_direct,adjudicated_TCMSP_relation_set_v1.1.0
69867,1,2,板蓝根 | 甘草,1,MOL001737,2,primary_direct,adjudicated_TCMSP_relation_set_v1.1.0
69894,1,10,半边莲 | 地锦草 | 槲寄生 | 灯盏细辛 | 猕猴桃根 | 甘遂 | 紫花地丁 | 茄根 | 茵陈 | 鸡屎藤,1,MOL000339,10,primary_direct,adjudicated_TCMSP_relation_set_v1.1.0
70020,1,1,肉豆蔻,1,MOL009268,1,primary_direct,adjudicated_TCMSP_relation_set_v1.1.0
70133,1,2,火麻仁 | 蒿本,1,MOL005025,2,primary_direct,adjudicated_TCMSP_relation_set_v1.1.0
70135,1,1,厚朴,1,MOL005958,1,primary_direct,adjudicated_TCMSP_relation_set_v1.1.0
70214,1,2,猫爪草 | 黄芩,1,MOL011322,2,primary_direct,adjudicated_TCMSP_relation_set_v1.1.0
70258,1,1,罗汉果,1,MOL010096,1,primary_direct,adjudicated_TCMSP_relation_set_v1.1.0
70337,1,1,川芎,1,MOL002196,1,primary_direct,adjudicated_TCMSP_relation_set_v1.1.0
70694,1,1,辣椒,1,MOL008733,1,primary_direct,adjudicated_TCMSP_relation_set_v1.1.0
70719,1,2,天南星 | 黄芪,1,MOL000372,2,primary_direct,adjudicated_TCMSP_relation_set_v1.1.0
70721,1,1,干姜,1,MOL002457,1,primary_direct,adjudicated_TCMSP_relation_set_v1.1.0
70722,1,1,苦楝子,1,MOL010651,1,primary_direct,adjudicated_TCMSP_relation_set_v1.1.0
70797,1,1,南瓜子,1,MOL010884,1,primary_direct,adjudicated_TCMSP_relation_set_v1.1.0
70813,1,2,禹州漏芦 | 芥子,1,MOL012831,2,primary_direct,adjudicated_TCMSP_relation_set_v1.1.0
70825,1,1,沉香,1,MOL010522,1,primary_direct,adjudicated_TCMSP_relation_set_v1.1.0
70962,1,6,北刘寄奴 | 桑寄生 | 荆芥 | 薄荷 | 麻黄 | 黄芩,1,MOL000717,6,primary_direct,adjudicated_TCMSP_relation_set_v1.1.0
70972,1,1,天南星,1,MOL013148,1,primary_direct,adjudicated_TCMSP_relation_set_v1.1.0
70991,1,1,倒扣草,1,MOL008309,1,primary_direct,adjudicated_TCMSP_relation_set_v1.1.0
71082,1,1,天花粉,1,MOL006760,1,primary_direct,adjudicated_TCMSP_relation_set_v1.1.0
71398,1,1,辣椒,1,MOL008730,1,primary_direct,adjudicated_TCMSP_relation_set_v1.1.0
71552,1,1,沙棘,1,MOL010252,1,primary_direct,adjudicated_TCMSP_relation_set_v1.1.0
72259,1,2,桑叶 | 蚕沙,1,MOL004736,2,primary_direct,adjudicated_TCMSP_relation_set_v1.1.0
72276,1,8,余甘子 | 土茯苓 | 枇杷叶 | 白果 | 苦丁茶 | 葱白 | 骨碎补 | 麻黄根,1,MOL006505,8,primary_direct,adjudicated_TCMSP_relation_set_v1.1.0
72277,1,6,余甘子 | 水红花子 | 罗布麻叶 | 赤小豆 | 银杏叶 | 雷公藤,1,MOL006791,6,primary_direct,adjudicated_TCMSP_relation_set_v1.1.0
72281,1,9,半边莲 | 木棉花 | 枳壳 | 禹州漏芦 | 荆芥穗 | 薤白 | 金钱草 | 防己 | 香橼,1,MOL002341,9,primary_direct,adjudicated_TCMSP_relation_set_v1.1.0
72282,1,1,荠菜,1,MOL013300,1,primary_direct,adjudicated_TCMSP_relation_set_v1.1.0
72300,1,3,厚朴 | 地枫皮 | 罗汉果,1,MOL000210,3,primary_direct,adjudicated_TCMSP_relation_set_v1.1.0
72301,1,2,延胡索 | 香附,1,MOL004071,2,primary_direct,adjudicated_TCMSP_relation_set_v1.1.0
72303,1,2,八角茴香 | 厚朴,1,MOL005955,2,primary_direct,adjudicated_TCMSP_relation_set_v1.1.0
72304,1,3,淡豆豉 | 葛花 | 银杏叶,1,MOL011593,3,primary_direct,adjudicated_TCMSP_relation_set_v1.1.0
72307,1,7,两面针 | 百部 | 细辛 | 荜茇 | 菟丝子 | 银杏叶 | 龙胆,1,MOL001558,7,primary_direct,adjudicated_TCMSP_relation_set_v1.1.0
72326,1,19,北沙参 | 千金子 | 大枣 | 川槿皮 | 木通 | 木香 | 杜仲 | 板蓝根 | 枳椇子 | 桔梗 | 槐花 | 牡丹皮 | 胡芦巴 | 苦丁茶 | 西河柳 | 连钱草 | 酸枣仁 | 零陵香 | 鬼箭羽,1,MOL001551,19,primary_direct,adjudicated_TCMSP_relation_set_v1.1.0
72341,1,1,肉苁蓉,1,MOL008871,1,primary_direct,adjudicated_TCMSP_relation_set_v1.1.0
72344,1,7,化橘红 | 枳壳 | 枳实 | 陈皮 | 雷公藤 | 青皮 | 鹅不食草,1,MOL005828,7,primary_direct,adjudicated_TCMSP_relation_set_v1.1.0
72435,1,1,八角莲,1,MOL001710,1,primary_direct,adjudicated_TCMSP_relation_set_v1.1.0
72537,1,1,决明子,1,MOL006466,1,primary_direct,adjudicated_TCMSP_relation_set_v1.1.0
72734,1,1,茜草,1,MOL006174,1,primary_direct,adjudicated_TCMSP_relation_set_v1.1.0
72740,1,1,灯心草,1,MOL007906,1,primary_direct,adjudicated_TCMSP_relation_set_v1.1.0
72819,1,3,关黄柏 | 防己 | 黄柏,1,MOL002331,3,primary_direct,adjudicated_TCMSP_relation_set_v1.1.0
72860,1,1,仙茅,1,MOL004132,1,primary_direct,adjudicated_TCMSP_relation_set_v1.1.0
72936,1,1,骨碎补,1,MOL009090,1,primary_direct,adjudicated_TCMSP_relation_set_v1.1.0
73067,1,1,红芪,1,MOL011076,1,primary_direct,adjudicated_TCMSP_relation_set_v1.1.0
73117,1,1,杜仲,1,MOL009047,1,primary_direct,adjudicated_TCMSP_relation_set_v1.1.0
73145,1,33,两面针 | 余甘子 | 凌霄花 | 凤眼草 | 半边莲 | 南蛇藤果 | 墨旱莲 | 夏枯草 | 委陵菜 | 川木通 | 急性子 | 枸杞子 | 桑叶 | 椿皮 | 槲寄生 | 沙棘 | 没药 | 相思子 | 紫菀 | 络石藤 | 艾叶 | 苦丁茶 | 菊花 | 菟丝子 | 西河柳 | 赤芍 | 金果揽 | 雷公藤 | 青果 | 香加皮 | 马齿苋 | 鼠曲草 | 龙胆,1,MOL000361,33,primary_direct,adjudicated_TCMSP_relation_set_v1.1.0
73160,1,11,大枣 | 大血藤 | 大黄 | 布渣叶 | 广枣 | 草果 | 荷叶 | 赤小豆 | 金荞麦 | 银杏叶 | 黄药子,1,MOL000096,11,primary_direct,adjudicated_TCMSP_relation_set_v1.1.0
73170,1,21,余甘子 | 凌霄花 | 垂盆草 | 委陵菜 | 小茴香 | 山茱萸 | 桑白皮 | 沙棘 | 没药 | 砂仁 | 秦艽 | 艾叶 | 苦丁茶 | 菊花 | 菊苣 | 路路通 | 青果 | 香加皮 | 马钱子 | 马齿苋 | 龙胆,1,MOL000520,21,primary_direct,adjudicated_TCMSP_relation_set_v1.1.0
73174,1,3,三棱 | 天山雪莲 | 牛蒡子,1,MOL001298,3,primary_direct,adjudicated_TCMSP_relation_set_v1.1.0
73191,1,4,前胡 | 独活 | 紫花前胡 | 羌活,1,MOL004792,4,primary_direct,adjudicated_TCMSP_relation_set_v1.1.0
73192,1,2,矮地茶 | 虎耳草,1,MOL010965,2,primary_direct,adjudicated_TCMSP_relation_set_v1.1.0
73193,1,15,凌霄花 | 地榆 | 大血藤 | 女贞子 | 委陵菜 | 枇杷叶 | 漏芦 | 矮地茶 | 紫苏 | 紫草 | 翻白草 | 苎麻根 | 覆盆子 | 金樱子 | 马鞭草,1,MOL005855,15,primary_direct,adjudicated_TCMSP_relation_set_v1.1.0
73205,1,1,甘草,1,MOL004935,1,primary_direct,adjudicated_TCMSP_relation_set_v1.1.0
73207,1,1,商陆,1,MOL003796,1,primary_direct,adjudicated_TCMSP_relation_set_v1.1.0
73219,1,2,山茱萸 | 木棉花,1,MOL005488,2,primary_direct,adjudicated_TCMSP_relation_set_v1.1.0
73285,1,1,木香,1,MOL010836,1,primary_direct,adjudicated_TCMSP_relation_set_v1.1.0
73294,1,1,灵芝,1,MOL011241,1,primary_direct,adjudicated_TCMSP_relation_set_v1.1.0
73299,1,19,两头尖 | 凌霄花 | 墓头回 | 威灵仙 | 川木通 | 无患子 | 无患子皮 | 木通 | 栀子 | 桑叶 | 白头翁 | 白芍 | 紫菀 | 续断 | 苎麻根 | 金樱子 | 金银花 | 预知子 | 香加皮,1,MOL000551,19,primary_direct,adjudicated_TCMSP_relation_set_v1.1.0
73309,1,5,墨旱莲 | 大皂荚 | 猪牙皂 | 皂角刺 | 紫菀,1,MOL003396,5,primary_direct,adjudicated_TCMSP_relation_set_v1.1.0
73398,1,1,甘草,1,MOL005002,1,primary_direct,adjudicated_TCMSP_relation_set_v1.1.0
73399,1,12,了哥王根 | 半边莲 | 杜仲 | 杜仲叶 | 板蓝根 | 洋金花 | 白头翁 | 肉苁蓉 | 菟丝子 | 连翘 | 骨碎补 | 龙葵,1,MOL001842,12,primary_direct,adjudicated_TCMSP_relation_set_v1.1.0
73400,1,8,人参 | 北豆根 | 木通 | 白头翁 | 穿心莲 | 肉苁蓉 | 草苁蓉 | 黄柏,1,MOL001965,8,primary_direct,adjudicated_TCMSP_relation_set_v1.1.0
73402,1,1,茯苓,1,MOL000287,1,primary_direct,adjudicated_TCMSP_relation_set_v1.1.0
73466,1,1,巴戟天,1,MOL009553,1,primary_direct,adjudicated_TCMSP_relation_set_v1.1.0
73467,1,2,山茱萸 | 马鞭草,1,MOL005544,2,primary_direct,adjudicated_TCMSP_relation_set_v1.1.0
73484,1,1,牵牛子,1,MOL005266,1,primary_direct,adjudicated_TCMSP_relation_set_v1.1.0
73493,1,2,木香 | 枇杷叶,1,MOL010820,2,primary_direct,adjudicated_TCMSP_relation_set_v1.1.0
73498,1,2,三七 | 绞股蓝,1,MOL007504,2,primary_direct,adjudicated_TCMSP_relation_set_v1.1.0
73549,1,4,大青叶 | 板蓝根 | 蓼大青叶 | 青黛,1,MOL001808,4,primary_direct,adjudicated_TCMSP_relation_set_v1.1.0
73599,1,2,三七 | 人参,1,MOL007500,2,primary_direct,adjudicated_TCMSP_relation_set_v1.1.0
73635,1,1,槲寄生,1,MOL000350,1,primary_direct,adjudicated_TCMSP_relation_set_v1.1.0
73641,1,5,凌霄花 | 枇杷叶 | 枸骨叶 | 诃子 | 预知子,1,MOL007254,5,primary_direct,adjudicated_TCMSP_relation_set_v1.1.0
73659,1,15,凌霄花 | 大枣 | 委陵菜 | 山楂叶 | 山茱萸 | 枇杷叶 | 猕猴桃根 | 苎麻根 | 荆芥 | 西河柳 | 覆盆子 | 诃子 | 金樱子 | 青叶胆 | 麻黄,1,MOL005559,15,primary_direct,adjudicated_TCMSP_relation_set_v1.1.0
73687,1,1,马钱子,1,MOL003415,1,primary_direct,adjudicated_TCMSP_relation_set_v1.1.0
73705,1,1,金莲花,1,MOL007269,1,primary_direct,adjudicated_TCMSP_relation_set_v1.1.0
73714,1,1,艾叶,1,MOL005731,1,primary_direct,adjudicated_TCMSP_relation_set_v1.1.0
73917,1,1,木贼,1,MOL011951,1,primary_direct,adjudicated_TCMSP_relation_set_v1.1.0
73937,1,1,南蛇藤果,1,MOL003498,1,primary_direct,adjudicated_TCMSP_relation_set_v1.1.0
73955,1,1,藁本,1,MOL011776,1,primary_direct,adjudicated_TCMSP_relation_set_v1.1.0
74096,1,1,梅花,1,MOL010706,1,primary_direct,adjudicated_TCMSP_relation_set_v1.1.0
74107,1,1,高良姜,1,MOL002569,1,primary_direct,adjudicated_TCMSP_relation_set_v1.1.0
74112,1,2,乌梅 | 茯苓,1,MOL000299,2,primary_direct,adjudicated_TCMSP_relation_set_v1.1.0
74172,1,1,常山,1,MOL008175,1,primary_direct,adjudicated_TCMSP_relation_set_v1.1.0
74346,1,1,败酱草,1,MOL001673,1,primary_direct,adjudicated_TCMSP_relation_set_v1.1.0
74400,1,2,吴茱萸 | 细辛,1,MOL003979,2,primary_direct,adjudicated_TCMSP_relation_set_v1.1.0
74458,1,1,麻黄,1,MOL010775,1,primary_direct,adjudicated_TCMSP_relation_set_v1.1.0
74477,1,1,蛇床子,1,MOL003625,1,primary_direct,adjudicated_TCMSP_relation_set_v1.1.0
74530,1,1,大蒜,1,MOL008351,1,primary_direct,adjudicated_TCMSP_relation_set_v1.1.0
74610,1,2,辣椒 | 银杏叶,1,MOL008674,2,primary_direct,adjudicated_TCMSP_relation_set_v1.1.0
74611,1,1,荷叶,1,MOL007202,1,primary_direct,adjudicated_TCMSP_relation_set_v1.1.0
74681,1,1,姜黄,1,MOL000969,1,primary_direct,adjudicated_TCMSP_relation_set_v1.1.0
74711,1,3,党参 | 天冬 | 竹沥,1,MOL003895,3,primary_direct,adjudicated_TCMSP_relation_set_v1.1.0
74715,1,1,麦芽,1,MOL010865,1,primary_direct,adjudicated_TCMSP_relation_set_v1.1.0
74732,1,4,急性子 | 紫苏子 | 胖大海 | 黄芩,1,MOL008615,4,primary_direct,adjudicated_TCMSP_relation_set_v1.1.0
74741,1,2,芫荽 | 葱白,1,MOL011669,2,primary_direct,adjudicated_TCMSP_relation_set_v1.1.0
74840,1,6,天竺黄 | 水飞蓟 | 绿豆 | 芡实 | 葎草 | 蚕沙,1,MOL004743,6,primary_direct,adjudicated_TCMSP_relation_set_v1.1.0
74896,1,1,山楂叶,1,MOL008886,1,primary_direct,adjudicated_TCMSP_relation_set_v1.1.0
75129,1,1,葱白,1,MOL011641,1,primary_direct,adjudicated_TCMSP_relation_set_v1.1.0
75142,1,2,大风子 | 石上柏,1,MOL007570,2,primary_direct,adjudicated_TCMSP_relation_set_v1.1.0
75222,1,1,四季青,1,MOL008002,1,primary_direct,adjudicated_TCMSP_relation_set_v1.1.0
75249,1,2,海金沙 | 陈皮,1,MOL002868,2,primary_direct,adjudicated_TCMSP_relation_set_v1.1.0
75364,1,1,甘草,1,MOL004946,1,primary_direct,adjudicated_TCMSP_relation_set_v1.1.0
75424,1,1,吴茱萸,1,MOL003987,1,primary_direct,adjudicated_TCMSP_relation_set_v1.1.0
75425,1,1,荷叶,1,MOL007208,1,primary_direct,adjudicated_TCMSP_relation_set_v1.1.0
75427,1,6,人参 | 百合 | 百部 | 肉豆蔻 | 葱白 | 辛夷,1,MOL005315,6,primary_direct,adjudicated_TCMSP_relation_set_v1.1.0
75454,1,1,马兜铃,1,MOL012399,1,primary_direct,adjudicated_TCMSP_relation_set_v1.1.0
75552,1,1,大蒜,1,MOL008359,1,primary_direct,adjudicated_TCMSP_relation_set_v1.1.0
75565,1,1,槟榔,1,MOL010490,1,primary_direct,adjudicated_TCMSP_relation_set_v1.1.0
75640,1,2,北刘寄奴 | 生姜,1,MOL008134,2,primary_direct,adjudicated_TCMSP_relation_set_v1.1.0
75644,1,1,草乌,1,MOL004751,1,primary_direct,adjudicated_TCMSP_relation_set_v1.1.0
75704,1,5,半夏 | 槟榔 | 白薇 | 紫苏 | 西红花,1,MOL001385,5,primary_direct,adjudicated_TCMSP_relation_set_v1.1.0
75818,1,1,山楂叶,1,MOL008887,1,primary_direct,adjudicated_TCMSP_relation_set_v1.1.0
76015,1,1,紫苏,1,MOL006203,1,primary_direct,adjudicated_TCMSP_relation_set_v1.1.0
76081,1,1,荜茇,1,MOL001591,1,primary_direct,adjudicated_TCMSP_relation_set_v1.1.0
76581,1,2,白果 | 银杏叶,1,MOL011045,2,primary_direct,adjudicated_TCMSP_relation_set_v1.1.0
76662,1,1,川芎,1,MOL002162,1,primary_direct,adjudicated_TCMSP_relation_set_v1.1.0
76719,1,1,厚朴,1,MOL005950,1,primary_direct,adjudicated_TCMSP_relation_set_v1.1.0
76751,1,1,竹沥,1,MOL004473,1,primary_direct,adjudicated_TCMSP_relation_set_v1.1.0
76851,1,1,紫花地丁,1,MOL004455,1,primary_direct,adjudicated_TCMSP_relation_set_v1.1.0
76935,1,2,女贞子 | 紫苏,1,MOL005180,2,primary_direct,adjudicated_TCMSP_relation_set_v1.1.0
76955,1,2,大青叶 | 板蓝根,1,MOL001766,2,primary_direct,adjudicated_TCMSP_relation_set_v1.1.0
77039,1,1,草乌,1,MOL004754,1,primary_direct,adjudicated_TCMSP_relation_set_v1.1.0
77054,1,1,紫苏子,1,MOL012887,1,primary_direct,adjudicated_TCMSP_relation_set_v1.1.0
77224,1,1,南沙参,1,MOL003446,1,primary_direct,adjudicated_TCMSP_relation_set_v1.1.0
77225,1,1,川芎,1,MOL002106,1,primary_direct,adjudicated_TCMSP_relation_set_v1.1.0
77243,1,2,西河柳 | 银杏叶,1,MOL012086,2,primary_direct,adjudicated_TCMSP_relation_set_v1.1.0
77487,1,1,月季花,1,MOL012801,1,primary_direct,adjudicated_TCMSP_relation_set_v1.1.0
77506,1,2,斑蝥 | 肉桂,1,MOL001853,2,primary_direct,adjudicated_TCMSP_relation_set_v1.1.0
77547,1,4,木瓜 | 柴胡 | 葛花 | 鸡骨草,1,MOL004666,4,primary_direct,adjudicated_TCMSP_relation_set_v1.1.0
77667,1,1,枸杞子,1,MOL009605,1,primary_direct,adjudicated_TCMSP_relation_set_v1.1.0
77844,1,4,淫羊藿 | 独活 | 细辛 | 辛夷,1,MOL004364,4,primary_direct,adjudicated_TCMSP_relation_set_v1.1.0
77907,1,3,凌霄花 | 常山 | 罗汉果,1,MOL008185,3,primary_direct,adjudicated_TCMSP_relation_set_v1.1.0
77921,1,1,常山,1,MOL008198,1,primary_direct,adjudicated_TCMSP_relation_set_v1.1.0
78006,1,1,独活,1,MOL004765,1,primary_direct,adjudicated_TCMSP_relation_set_v1.1.0
78016,1,1,葶苈子,1,MOL003934,1,primary_direct,adjudicated_TCMSP_relation_set_v1.1.0
78147,1,3,白芍 | 矮地茶 | 零陵香,1,MOL001891,3,primary_direct,adjudicated_TCMSP_relation_set_v1.1.0
78249,1,11,伸筋草 | 千年健 | 厚朴 | 断血流 | 松节 | 没药 | 羌活 | 胡椒 | 苍术 | 覆盆子 | 陈皮,1,MOL000168,11,primary_direct,adjudicated_TCMSP_relation_set_v1.1.0
78293,1,1,南沙参,1,MOL003468,1,primary_direct,adjudicated_TCMSP_relation_set_v1.1.0
78321,1,1,葶苈子,1,MOL003926,1,primary_direct,adjudicated_TCMSP_relation_set_v1.1.0
78429,1,1,绞股蓝,1,MOL009997,1,primary_direct,adjudicated_TCMSP_relation_set_v1.1.0
78435,1,2,鬼箭羽 | 黄柏,1,MOL008451,2,primary_direct,adjudicated_TCMSP_relation_set_v1.1.0
78673,1,1,倒扣草,1,MOL008298,1,primary_direct,adjudicated_TCMSP_relation_set_v1.1.0
78790,1,2,厚朴 | 薄荷,1,MOL005965,2,primary_direct,adjudicated_TCMSP_relation_set_v1.1.0
78887,1,1,桂枝,1,MOL010561,1,primary_direct,adjudicated_TCMSP_relation_set_v1.1.0
79025,1,2,板蓝根 | 柴胡,1,MOL001731,2,primary_direct,adjudicated_TCMSP_relation_set_v1.1.0
79045,1,1,大蒜,1,MOL008348,1,primary_direct,adjudicated_TCMSP_relation_set_v1.1.0
79089,1,1,大蒜,1,MOL008374,1,primary_direct,adjudicated_TCMSP_relation_set_v1.1.0
79096,1,1,麻黄,1,MOL010749,1,primary_direct,adjudicated_TCMSP_relation_set_v1.1.0
79117,1,1,荔枝核,1,MOL010694,1,primary_direct,adjudicated_TCMSP_relation_set_v1.1.0
79197,1,1,川乌,1,MOL002091,1,primary_direct,adjudicated_TCMSP_relation_set_v1.1.0
79378,1,1,紫苏子,1,MOL012885,1,primary_direct,adjudicated_TCMSP_relation_set_v1.1.0
79518,1,1,玉竹,1,MOL010410,1,primary_direct,adjudicated_TCMSP_relation_set_v1.1.0
79582,1,1,沙棘,1,MOL010256,1,primary_direct,adjudicated_TCMSP_relation_set_v1.1.0
79730,1,2,化橘红 | 枳实,1,MOL013279,2,primary_direct,adjudicated_TCMSP_relation_set_v1.1.0
79738,1,1,云芝,1,MOL012805,1,primary_direct,adjudicated_TCMSP_relation_set_v1.1.0
79828,1,5,大蒜 | 葱白 | 薤白 | 韭菜子 | 香附,1,MOL004046,5,primary_direct,adjudicated_TCMSP_relation_set_v1.1.0
79983,1,2,紫苏 | 葎草,1,MOL007339,2,primary_direct,adjudicated_TCMSP_relation_set_v1.1.0
79985,1,1,枇杷叶,1,MOL012567,1,primary_direct,adjudicated_TCMSP_relation_set_v1.1.0
80048,1,7,沙棘 | 生姜 | 羌活 | 蒿本 | 藁本 | 辛夷 | 香附,1,MOL004031,7,primary_direct,adjudicated_TCMSP_relation_set_v1.1.0
80103,1,2,巴戟天 | 茜草,1,MOL006147,2,primary_direct,adjudicated_TCMSP_relation_set_v1.1.0
80131,1,1,鹿衔草,1,MOL000562,1,primary_direct,adjudicated_TCMSP_relation_set_v1.1.0
80165,1,1,牛膝,1,MOL012470,1,primary_direct,adjudicated_TCMSP_relation_set_v1.1.0
80309,1,1,巴戟天,1,MOL009514,1,primary_direct,adjudicated_TCMSP_relation_set_v1.1.0
80642,1,3,板蓝根 | 熟地黄 | 罗汉果,1,MOL001768,3,primary_direct,adjudicated_TCMSP_relation_set_v1.1.0
80790,1,3,甘松 | 葎草 | 麻黄,1,MOL007340,3,primary_direct,adjudicated_TCMSP_relation_set_v1.1.0
80792,1,3,细辛 | 香薷 | 鹅不食草,1,MOL012106,3,primary_direct,adjudicated_TCMSP_relation_set_v1.1.0
80922,1,4,仙茅 | 淫羊藿 | 红花 | 细辛,1,MOL002689,4,primary_direct,adjudicated_TCMSP_relation_set_v1.1.0
81136,1,1,桑椹,1,MOL010287,1,primary_direct,adjudicated_TCMSP_relation_set_v1.1.0
81203,1,1,没药,1,MOL001102,1,primary_direct,adjudicated_TCMSP_relation_set_v1.1.0
81263,1,2,生姜 | 老鹳草,1,MOL005075,2,primary_direct,adjudicated_TCMSP_relation_set_v1.1.0
81277,1,1,满山红,1,MOL012424,1,primary_direct,adjudicated_TCMSP_relation_set_v1.1.0
81569,1,1,肉苁蓉,1,MOL008869,1,primary_direct,adjudicated_TCMSP_relation_set_v1.1.0
81570,1,1,黑豆,1,MOL009693,1,primary_direct,adjudicated_TCMSP_relation_set_v1.1.0
81597,1,1,黑豆,1,MOL009687,1,primary_direct,adjudicated_TCMSP_relation_set_v1.1.0
81722,1,6,北五味子 | 柴胡 | 细辛 | 豆蔻 | 辛夷 | 连翘,1,MOL000233,6,primary_direct,adjudicated_TCMSP_relation_set_v1.1.0
81750,1,1,云芝,1,MOL012806,1,primary_direct,adjudicated_TCMSP_relation_set_v1.1.0
81844,1,1,辣椒,1,MOL008731,1,primary_direct,adjudicated_TCMSP_relation_set_v1.1.0
82140,1,2,紫苏 | 葱白,1,MOL011652,2,primary_direct,adjudicated_TCMSP_relation_set_v1.1.0
82200,1,1,鸡冠花,1,MOL006082,1,primary_direct,adjudicated_TCMSP_relation_set_v1.1.0
82227,1,17,三七 | 丹参 | 乳香 | 姜黄 | 广藿香 | 桑叶 | 生姜 | 白芷 | 紫苏 | 羌活 | 肉豆蔻 | 芫荽 | 茺蔚子 | 莪术 | 香薷 | 鱼腥草 | 鸡血藤,1,MOL000485,17,primary_direct,adjudicated_TCMSP_relation_set_v1.1.0
82229,1,5,夏枯草 | 肉桂 | 胡椒 | 辛夷 | 青蒿,1,MOL002841,5,primary_direct,adjudicated_TCMSP_relation_set_v1.1.0
82452,1,1,桑椹,1,MOL010294,1,primary_direct,adjudicated_TCMSP_relation_set_v1.1.0
82480,1,2,砂仁 | 蔓荆子,1,MOL007556,2,primary_direct,adjudicated_TCMSP_relation_set_v1.1.0
82755,1,11,升麻 | 大血藤 | 天葵子 | 女贞子 | 山慈菇 | 玄参 | 益母草 | 臭梧桐 | 连翘 | 金莲花 | 黄连,1,MOL000141,11,primary_direct,adjudicated_TCMSP_relation_set_v1.1.0
83182,1,1,人参,1,MOL005389,1,primary_direct,adjudicated_TCMSP_relation_set_v1.1.0
83247,1,1,紫苏子,1,MOL012881,1,primary_direct,adjudicated_TCMSP_relation_set_v1.1.0
83489,1,2,枳实 | 薄荷,1,MOL011620,2,primary_direct,adjudicated_TCMSP_relation_set_v1.1.0
83528,1,2,艾叶 | 菊花,1,MOL005713,2,primary_direct,adjudicated_TCMSP_relation_set_v1.1.0
83810,1,1,满山红,1,MOL012416,1,primary_direct,adjudicated_TCMSP_relation_set_v1.1.0
83887,1,2,天竺黄 | 桑叶,1,MOL010336,2,primary_direct,adjudicated_TCMSP_relation_set_v1.1.0
84532,1,3,积雪草 | 羌活 | 菊花,1,MOL007325,3,primary_direct,adjudicated_TCMSP_relation_set_v1.1.0
84682,1,1,火麻仁,1,MOL005023,1,primary_direct,adjudicated_TCMSP_relation_set_v1.1.0
84740,1,7,关黄柏 | 当归 | 沙棘 | 牛膝 | 蒲黄 | 黄柏 | 黄芪,1,MOL000383,7,primary_direct,adjudicated_TCMSP_relation_set_v1.1.0
84849,1,1,罗汉果,1,MOL010094,1,primary_direct,adjudicated_TCMSP_relation_set_v1.1.0
84880,1,2,枇杷叶 | 白芍,1,MOL001897,2,primary_direct,adjudicated_TCMSP_relation_set_v1.1.0
85150,1,1,急性子,1,MOL008613,1,primary_direct,adjudicated_TCMSP_relation_set_v1.1.0
85567,1,5,川芎 | 菊花 | 辛夷 | 香薷 | 麻黄,1,MOL002125,5,primary_direct,adjudicated_TCMSP_relation_set_v1.1.0
85568,1,2,川芎 | 香薷,1,MOL002177,2,primary_direct,adjudicated_TCMSP_relation_set_v1.1.0
86895,1,14,侧柏叶 | 北五味子 | 南沙参 | 当归 | 柴胡 | 灵芝 | 白芷 | 紫苏 | 细辛 | 羌活 | 蒿本 | 覆盆子 | 防风 | 陈皮,1,MOL002029,14,primary_direct,adjudicated_TCMSP_relation_set_v1.1.0
86950,1,1,白术,1,MOL000070,1,primary_direct,adjudicated_TCMSP_relation_set_v1.1.0
87014,1,1,马钱子,1,MOL003427,1,primary_direct,adjudicated_TCMSP_relation_set_v1.1.0
87017,1,1,大蒜,1,MOL008349,1,primary_direct,adjudicated_TCMSP_relation_set_v1.1.0
87074,1,1,辣椒,1,MOL008659,1,primary_direct,adjudicated_TCMSP_relation_set_v1.1.0
87079,1,1,葶苈子,1,MOL003917,1,primary_direct,adjudicated_TCMSP_relation_set_v1.1.0
87370,1,2,荆芥 | 麻黄,1,MOL011835,2,primary_direct,adjudicated_TCMSP_relation_set_v1.1.0
87568,1,1,黑芝麻,1,MOL009833,1,primary_direct,adjudicated_TCMSP_relation_set_v1.1.0
87691,1,6,山茱萸 | 续断 | 败酱草 | 金银花 | 马钱子 | 龙胆,1,MOL001680,6,primary_direct,adjudicated_TCMSP_relation_set_v1.1.0
87839,1,7,丁香 | 佛手 | 前胡 | 枇杷叶 | 紫花前胡 | 菊花 | 马兜铃,1,MOL012400,7,primary_direct,adjudicated_TCMSP_relation_set_v1.1.0
88295,1,1,麻黄,1,MOL010743,1,primary_direct,adjudicated_TCMSP_relation_set_v1.1.0
88298,1,6,山茱萸 | 生姜 | 细辛 | 苍耳子 | 菊花 | 香薷,1,MOL005534,6,primary_direct,adjudicated_TCMSP_relation_set_v1.1.0
88301,1,15,干姜 | 柴胡 | 桂枝 | 没药 | 甘松 | 白芷 | 砂仁 | 细辛 | 艾叶 | 芫荽 | 菊花 | 藁本 | 防风 | 香附 | 麻黄,1,MOL001121,15,primary_direct,adjudicated_TCMSP_relation_set_v1.1.0
88302,1,6,灵芝 | 生姜 | 细辛 | 芫荽 | 菊花 | 辛夷,1,MOL011310,6,primary_direct,adjudicated_TCMSP_relation_set_v1.1.0
88389,1,1,沉香,1,MOL010514,1,primary_direct,adjudicated_TCMSP_relation_set_v1.1.0
88556,1,1,艾叶,1,MOL005733,1,primary_direct,adjudicated_TCMSP_relation_set_v1.1.0
88692,1,2,干姜 | 薄荷,1,MOL002471,2,primary_direct,adjudicated_TCMSP_relation_set_v1.1.0
88708,1,3,秦艽 | 马鞭草 | 龙胆,1,MOL000646,3,primary_direct,adjudicated_TCMSP_relation_set_v1.1.0
88944,1,2,人参 | 虎杖,1,MOL005290,2,primary_direct,adjudicated_TCMSP_relation_set_v1.1.0
89047,1,4,延胡索 | 马尾莲 | 黄柏 | 黄连,1,MOL002900,4,primary_direct,adjudicated_TCMSP_relation_set_v1.1.0
89594,1,4,墨旱莲 | 木贼 | 罗汉果 | 蚕沙,1,MOL003403,4,primary_direct,adjudicated_TCMSP_relation_set_v1.1.0
89640,1,4,秦艽 | 金银花 | 马钱子 | 龙胆,1,MOL000655,4,primary_direct,adjudicated_TCMSP_relation_set_v1.1.0
89664,1,1,吴茱萸,1,MOL003953,1,primary_direct,adjudicated_TCMSP_relation_set_v1.1.0
89728,1,1,大蒜,1,MOL008368,1,primary_direct,adjudicated_TCMSP_relation_set_v1.1.0
89755,1,2,冬葵果 | 辣椒,1,MOL008329,2,primary_direct,adjudicated_TCMSP_relation_set_v1.1.0
90350,1,1,柴胡,1,MOL004670,1,primary_direct,adjudicated_TCMSP_relation_set_v1.1.0
90351,1,6,当归 | 柴胡 | 蒿本 | 蛇床子 | 香附 | 麻黄,1,MOL003587,6,primary_direct,adjudicated_TCMSP_relation_set_v1.1.0
90969,1,7,乳香 | 厚朴 | 威灵仙 | 川芎 | 柴胡 | 细辛 | 荷叶,1,MOL001223,7,primary_direct,adjudicated_TCMSP_relation_set_v1.1.0
91457,1,30,乌药 | 凌霄花 | 北刘寄奴 | 十大功劳叶 | 千斤拔 | 升麻 | 厚朴 | 土茯苓 | 地枫皮 | 干姜 | 木香 | 柴胡 | 沉香 | 满山红 | 牡荆叶 | 甘松 | 生姜 | 白术 | 矮地茶 | 羌活 | 芫荽 | 苍术 | 莪术 | 菊花 | 辛夷 | 郁金 | 银杏叶 | 防风 | 鹅不食草 | 麻黄,1,MOL000032,30,primary_direct,adjudicated_TCMSP_relation_set_v1.1.0
91458,1,8,密蒙花 | 杜仲 | 杜仲叶 | 熟地黄 | 玄参 | 车前子 | 车前草 | 马鞭草,1,MOL003735,8,primary_direct,adjudicated_TCMSP_relation_set_v1.1.0
91472,1,31,党参 | 关黄柏 | 威灵仙 | 川木通 | 布渣叶 | 广藿香 | 拳参 | 木通 | 柿蒂 | 桑叶 | 橘红 | 海金沙 | 玉米须 | 白茅根 | 皂角刺 | 矮地茶 | 紫菀 | 艾叶 | 葎草 | 薏苡仁 | 赤芍 | 连钱草 | 雷丸 | 雷公藤 | 青蒿 | 马齿苋 | 鬼箭羽 | 鸡屎藤 | 鸡血藤 | 鸭跖草 | 黄柏,1,MOL000508,31,primary_direct,adjudicated_TCMSP_relation_set_v1.1.0
91477,1,1,鼠曲草,1,MOL013112,1,primary_direct,adjudicated_TCMSP_relation_set_v1.1.0
91520,1,5,密蒙花 | 熟地黄 | 胡黄连 | 车前子 | 黄芩,1,MOL002819,5,primary_direct,adjudicated_TCMSP_relation_set_v1.1.0
91536,1,1,肉豆蔻,1,MOL009261,1,primary_direct,adjudicated_TCMSP_relation_set_v1.1.0
91588,1,1,附子,1,MOL002430,1,primary_direct,adjudicated_TCMSP_relation_set_v1.1.0
92094,1,2,桑叶 | 楮实子,1,MOL010419,2,primary_direct,adjudicated_TCMSP_relation_set_v1.1.0
92097,1,4,党参 | 太子参 | 苦丁茶 | 鹅不食草,1,MOL006554,4,primary_direct,adjudicated_TCMSP_relation_set_v1.1.0
92101,1,1,茜草,1,MOL006159,1,primary_direct,adjudicated_TCMSP_relation_set_v1.1.0
92113,1,3,山药 | 枸杞子 | 金盏菊花,1,MOL005439,3,primary_direct,adjudicated_TCMSP_relation_set_v1.1.0
92122,1,2,八角莲 | 石榴皮,1,MOL001717,2,primary_direct,adjudicated_TCMSP_relation_set_v1.1.0
92123,1,3,三七 | 胡黄连 | 麻黄,1,MOL002817,3,primary_direct,adjudicated_TCMSP_relation_set_v1.1.0
92135,1,1,仙鹤草,1,MOL006184,1,primary_direct,adjudicated_TCMSP_relation_set_v1.1.0
92138,1,24,侧柏叶 | 八角茴香 | 厚朴 | 吴茱萸 | 山茱萸 | 川芎 | 干姜 | 木香 | 没药 | 玳玳花 | 甘松 | 生姜 | 白术 | 砂仁 | 紫苏 | 细辛 | 羌活 | 艾叶 | 苍术 | 荷叶 | 辛夷 | 郁金 | 金银花 | 鼠曲草,1,MOL000034,24,primary_direct,adjudicated_TCMSP_relation_set_v1.1.0
92155,1,4,石韦 | 蕤仁 | 贯众 | 骨碎补,1,MOL002606,4,primary_direct,adjudicated_TCMSP_relation_set_v1.1.0
92156,1,8,一枝黄花 | 佩兰 | 地锦草 | 桑叶 | 槲寄生 | 白薇 | 络石藤 | 菊花,1,MOL000362,8,primary_direct,adjudicated_TCMSP_relation_set_v1.1.0
92157,1,8,地锦草 | 山豆根 | 枸杞子 | 桑叶 | 泽漆 | 络石藤 | 香加皮 | 鹅不食草,1,MOL000530,8,primary_direct,adjudicated_TCMSP_relation_set_v1.1.0
92158,1,8,南沙参 | 木棉花 | 板蓝根 | 牛大力 | 艾叶 | 葛根 | 葛花 | 黄芪,1,MOL000441,8,primary_direct,adjudicated_TCMSP_relation_set_v1.1.0
92201,1,3,独活 | 羌活 | 蛇床子,1,MOL003609,3,primary_direct,adjudicated_TCMSP_relation_set_v1.1.0
92221,1,62,丹参 | 乌药 | 乳香 | 仙鹤草 | 伸筋草 | 倒扣草 | 冰片 | 前胡 | 千年健 | 千金子 | 南鹤虱 | 厚朴 | 吴茱萸 | 地枫皮 | 寻骨风 | 小茴香 | 山柰 | 川芎 | 干姜 | 断血流 | 木香 | 松节 | 枳实 | 柴胡 | 桂枝 | 梅花 | 橘叶 | 橘络 | 没药 | 牡荆叶 | 玳玳花 | 白术 | 石菖蒲 | 砂仁 | 紫花前胡 | 细辛 | 绞股蓝 | 羌活 | 肉桂 | 艾叶 | 芫荽 | 苏合香 | 茺蔚子 | 莪术 | 蔓荆子 | 薄荷 | 藁本 | 蛇床子 | 豆蔻 | 辛夷 | 连翘 | 郁金 | 金银花 | 防己 | 青果 | 青蒿 | 香薷 | 香附 | 马兜铃 | 鬼针草 | 鱼腥草 | 黑老虎,1,MOL000019,62,primary_direct,adjudicated_TCMSP_relation_set_v1.1.0
92231,1,23,一枝黄花 | 三七 | 丹参 | 北五味子 | 川芎 | 断血流 | 桂枝 | 椿皮 | 生姜 | 白芷 | 砂仁 | 紫苏 | 细辛 | 羌活 | 芫荽 | 荆芥 | 菊花 | 蒿本 | 蔓荆子 | 薄荷 | 辛夷 | 防风 | 麻黄,1,MOL002153,23,primary_direct,adjudicated_TCMSP_relation_set_v1.1.0
92313,1,30,一枝黄花 | 丁香 | 八角茴香 | 化橘红 | 吴茱萸 | 山柰 | 广藿香 | 柴胡 | 桂枝 | 椿皮 | 生姜 | 紫苏 | 羌活 | 艾叶 | 花椒 | 荆芥 | 荆芥穗 | 菊花 | 蒿本 | 薄荷 | 藁本 | 西河柳 | 覆盆子 | 辛夷 | 金钱草 | 银杏叶 | 防风 | 香薷 | 香附 | 麻黄,1,MOL003937,30,primary_direct,adjudicated_TCMSP_relation_set_v1.1.0
92729,1,6,山茱萸 | 桑叶 | 番泻叶 | 绿豆 | 葎草 | 辣椒,1,MOL002373,6,primary_direct,adjudicated_TCMSP_relation_set_v1.1.0
92746,1,1,蒺藜,1,MOL008577,1,primary_direct,adjudicated_TCMSP_relation_set_v1.1.0
92762,1,9,厚朴 | 土茯苓 | 柴胡 | 满山红 | 生姜 | 羌活 | 西河柳 | 辛夷 | 麻黄,1,MOL004713,9,primary_direct,adjudicated_TCMSP_relation_set_v1.1.0
92763,1,1,百合,1,MOL009457,1,primary_direct,adjudicated_TCMSP_relation_set_v1.1.0
92776,1,11,巴戟天 | 干姜 | 生姜 | 紫苏 | 莪术 | 菊花 | 辛夷 | 郁金 | 金银花 | 零陵香 | 香薷,1,MOL000895,11,primary_direct,adjudicated_TCMSP_relation_set_v1.1.0
92783,1,1,紫草,1,MOL007721,1,primary_direct,adjudicated_TCMSP_relation_set_v1.1.0
92785,1,5,党参 | 凤眼草 | 南沙参 | 椿皮 | 菊苣,1,MOL003487,5,primary_direct,adjudicated_TCMSP_relation_set_v1.1.0
92794,1,3,猫眼草 | 薄荷 | 骨碎补,1,MOL009072,3,primary_direct,adjudicated_TCMSP_relation_set_v1.1.0
92802,1,5,一枝黄花 | 枸骨叶 | 苦丁茶 | 连钱草 | 马钱子,1,MOL006556,5,primary_direct,adjudicated_TCMSP_relation_set_v1.1.0
92803,1,2,泽兰 | 相思子,1,MOL001446,2,primary_direct,adjudicated_TCMSP_relation_set_v1.1.0
92812,1,14,丁香 | 三七 | 当归 | 檀香 | 沉香 | 满山红 | 牡荆叶 | 肉苁蓉 | 艾叶 | 花椒 | 荔枝核 | 菊花 | 西红花 | 金银花,1,MOL001388,14,primary_direct,adjudicated_TCMSP_relation_set_v1.1.0
92824,1,3,大黄 | 沙棘 | 百部,1,MOL002299,3,primary_direct,adjudicated_TCMSP_relation_set_v1.1.0
92825,1,1,绞股蓝,1,MOL009992,1,primary_direct,adjudicated_TCMSP_relation_set_v1.1.0
92826,1,1,番泻叶,1,MOL002369,1,primary_direct,adjudicated_TCMSP_relation_set_v1.1.0
92874,1,16,丁香 | 枇杷叶 | 没药 | 生姜 | 紫苏 | 红花 | 细辛 | 艾叶 | 芫荽 | 苍耳子 | 荆芥 | 菊花 | 藁本 | 防风 | 马鞭草 | 麻黄,1,MOL001129,16,primary_direct,adjudicated_TCMSP_relation_set_v1.1.0
92979,1,1,川乌,1,MOL002087,1,primary_direct,adjudicated_TCMSP_relation_set_v1.1.0
93009,1,42,乌敛莓 | 乌药 | 乳香 | 北五味子 | 南鹤虱 | 厚朴 | 土茯苓 | 地枫皮 | 女贞子 | 山柰 | 川芎 | 巴戟天 | 干姜 | 柴胡 | 桂枝 | 满山红 | 牡荆叶 | 生姜 | 细辛 | 羌活 | 芫荽 | 花椒 | 苍耳子 | 菊花 | 蒿本 | 蔓荆子 | 藁本 | 蛇床子 | 豆蔻 | 辛夷 | 郁金 | 金银花 | 银柴胡 | 防风 | 零陵香 | 青蒿 | 马兜铃 | 高良姜 | 鱼腥草 | 鸡屎藤 | 麻黄 | 黑老虎,1,MOL000196,42,primary_direct,adjudicated_TCMSP_relation_set_v1.1.0
93039,1,1,密蒙花,1,MOL006676,1,primary_direct,adjudicated_TCMSP_relation_set_v1.1.0
93135,1,5,干姜 | 没药 | 生姜 | 荔枝核 | 郁金,1,MOL002513,5,primary_direct,adjudicated_TCMSP_relation_set_v1.1.0
93317,1,9,山柰 | 牡荆叶 | 独活 | 百合 | 砂仁 | 花椒 | 薄荷 | 覆盆子 | 青蒿,1,MOL004788,9,primary_direct,adjudicated_TCMSP_relation_set_v1.1.0
93320,1,1,玄参,1,MOL007666,1,primary_direct,adjudicated_TCMSP_relation_set_v1.1.0
94144,1,1,苏合香,1,MOL003790,1,primary_direct,adjudicated_TCMSP_relation_set_v1.1.0
94149,1,1,延胡索,1,MOL004191,1,primary_direct,adjudicated_TCMSP_relation_set_v1.1.0
94162,1,1,丹参,1,MOL007149,1,primary_direct,adjudicated_TCMSP_relation_set_v1.1.0
94175,1,1,杜仲,1,MOL009031,1,primary_direct,adjudicated_TCMSP_relation_set_v1.1.0
94221,1,10,凌霄花 | 石菖蒲 | 细辛 | 芫荽 | 荆芥 | 菊花 | 薄荷 | 辛夷 | 青蒿 | 鸡血藤,1,MOL000473,10,primary_direct,adjudicated_TCMSP_relation_set_v1.1.0
94225,1,5,党参 | 地锦草 | 漏芦 | 禹州漏芦 | 菊苣,1,MOL006322,5,primary_direct,adjudicated_TCMSP_relation_set_v1.1.0
94253,1,6,人参 | 大枣 | 山茱萸 | 杜仲 | 艾叶 | 苦杏仁,1,MOL005386,6,primary_direct,adjudicated_TCMSP_relation_set_v1.1.0
94275,1,18,三七 | 人参 | 党参 | 吴茱萸 | 广藿香 | 沉香 | 生姜 | 砂仁 | 禹州漏芦 | 紫苏 | 细辛 | 羌活 | 肉桂 | 荆芥 | 蒿本 | 藁本 | 高良姜 | 麻黄,1,MOL002526,18,primary_direct,adjudicated_TCMSP_relation_set_v1.1.0
94334,1,2,广藿香 | 细辛,1,MOL005901,2,primary_direct,adjudicated_TCMSP_relation_set_v1.1.0
94378,1,2,生姜 | 贯众,1,MOL002624,2,primary_direct,adjudicated_TCMSP_relation_set_v1.1.0
94664,1,1,辣椒,1,MOL008708,1,primary_direct,adjudicated_TCMSP_relation_set_v1.1.0
94750,1,1,红参,1,MOL012342,1,primary_direct,adjudicated_TCMSP_relation_set_v1.1.0
94766,1,1,海藻,1,MOL010582,1,primary_direct,adjudicated_TCMSP_relation_set_v1.1.0
94870,1,1,地枫皮,1,MOL000213,1,primary_direct,adjudicated_TCMSP_relation_set_v1.1.0
95086,1,1,安息香,1,MOL012190,1,primary_direct,adjudicated_TCMSP_relation_set_v1.1.0
95259,1,1,山药,1,MOL005447,1,primary_direct,adjudicated_TCMSP_relation_set_v1.1.0
95289,1,2,细辛 | 辛夷,1,MOL012116,2,primary_direct,adjudicated_TCMSP_relation_set_v1.1.0
95687,1,1,沙棘,1,MOL010277,1,primary_direct,adjudicated_TCMSP_relation_set_v1.1.0
95693,1,1,牡丹皮,1,MOL007372,1,primary_direct,adjudicated_TCMSP_relation_set_v1.1.0
95779,1,1,北五味子,1,MOL008936,1,primary_direct,adjudicated_TCMSP_relation_set_v1.1.0
95997,1,1,三七,1,MOL007468,1,primary_direct,adjudicated_TCMSP_relation_set_v1.1.0
96038,1,2,杜仲 | 益母草,1,MOL001429,2,primary_direct,adjudicated_TCMSP_relation_set_v1.1.0
96191,1,2,巴戟天 | 鸡屎藤,1,MOL009565,2,primary_direct,adjudicated_TCMSP_relation_set_v1.1.0
96368,1,1,灵芝,1,MOL011145,1,primary_direct,adjudicated_TCMSP_relation_set_v1.1.0
96403,1,1,荜茇,1,MOL001567,1,primary_direct,adjudicated_TCMSP_relation_set_v1.1.0
96506,1,2,甘草 | 胡芦巴,1,MOL004939,2,primary_direct,adjudicated_TCMSP_relation_set_v1.1.0
96943,1,1,人参,1,MOL005356,1,primary_direct,adjudicated_TCMSP_relation_set_v1.1.0
97142,1,1,穿心莲,1,MOL008239,1,primary_direct,adjudicated_TCMSP_relation_set_v1.1.0
97165,1,1,瓜蒌,1,MOL007178,1,primary_direct,adjudicated_TCMSP_relation_set_v1.1.0
97214,1,3,北刘寄奴 | 板蓝根 | 菊花,1,MOL001733,3,primary_direct,adjudicated_TCMSP_relation_set_v1.1.0
97257,1,1,板蓝根,1,MOL001758,1,primary_direct,adjudicated_TCMSP_relation_set_v1.1.0
97448,1,1,菊苣,1,MOL008532,1,primary_direct,adjudicated_TCMSP_relation_set_v1.1.0
97560,1,1,芦荟,1,MOL005055,1,primary_direct,adjudicated_TCMSP_relation_set_v1.1.0
97597,1,1,两面针,1,MOL005102,1,primary_direct,adjudicated_TCMSP_relation_set_v1.1.0
98523,1,1,苦参,1,MOL006591,1,primary_direct,adjudicated_TCMSP_relation_set_v1.1.0
98608,1,6,两面针 | 前胡 | 白芷 | 羌活 | 防风 | 黄柏,1,MOL002644,6,primary_direct,adjudicated_TCMSP_relation_set_v1.1.0
98912,1,1,板蓝根,1,MOL001756,1,primary_direct,adjudicated_TCMSP_relation_set_v1.1.0
98914,1,2,北五味子 | 紫草,1,MOL007719,2,primary_direct,adjudicated_TCMSP_relation_set_v1.1.0
99300,1,1,茜草,1,MOL006161,1,primary_direct,adjudicated_TCMSP_relation_set_v1.1.0
99337,1,1,桑白皮,1,MOL012681,1,primary_direct,adjudicated_TCMSP_relation_set_v1.1.0
99477,1,2,桑叶 | 牡丹皮,1,MOL003881,2,primary_direct,adjudicated_TCMSP_relation_set_v1.1.0
99610,1,1,商陆,1,MOL003794,1,primary_direct,adjudicated_TCMSP_relation_set_v1.1.0
99641,1,1,两面针,1,MOL005086,1,primary_direct,adjudicated_TCMSP_relation_set_v1.1.0
99649,1,5,板蓝根 | 番泻叶 | 瞿麦 | 苎麻根 | 虎杖,1,MOL001829,5,primary_direct,adjudicated_TCMSP_relation_set_v1.1.0
99651,1,1,断血流,1,MOL005848,1,primary_direct,adjudicated_TCMSP_relation_set_v1.1.0
99693,1,2,前胡 | 桑叶,1,MOL013083,2,primary_direct,adjudicated_TCMSP_relation_set_v1.1.0
100313,1,1,肉豆蔻,1,MOL009257,1,primary_direct,adjudicated_TCMSP_relation_set_v1.1.0
100332,1,10,北刘寄奴 | 杜仲 | 牛大力 | 菊花 | 萹蓄 | 蚕沙 | 西河柳 | 车前草 | 辣椒 | 鸭跖草,1,MOL001500,10,primary_direct,adjudicated_TCMSP_relation_set_v1.1.0
100492,1,1,八角莲,1,MOL001699,1,primary_direct,adjudicated_TCMSP_relation_set_v1.1.0
100526,1,1,蝉蜕,1,MOL011683,1,primary_direct,adjudicated_TCMSP_relation_set_v1.1.0
100528,1,3,牛蒡子 | 络石藤 | 连翘,1,MOL000522,3,primary_direct,adjudicated_TCMSP_relation_set_v1.1.0
100572,1,1,木香,1,MOL010831,1,primary_direct,adjudicated_TCMSP_relation_set_v1.1.0
100630,1,1,香加皮,1,MOL005692,1,primary_direct,adjudicated_TCMSP_relation_set_v1.1.0
100633,1,1,附子,1,MOL002398,1,primary_direct,adjudicated_TCMSP_relation_set_v1.1.0
100659,1,1,矮地茶,1,MOL010973,1,primary_direct,adjudicated_TCMSP_relation_set_v1.1.0
100753,1,1,番泻叶,1,MOL002359,1,primary_direct,adjudicated_TCMSP_relation_set_v1.1.0
100771,1,1,厚朴,1,MOL005972,1,primary_direct,adjudicated_TCMSP_relation_set_v1.1.0
100801,1,1,灯心草,1,MOL007910,1,primary_direct,adjudicated_TCMSP_relation_set_v1.1.0
101211,1,1,鹿衔草,1,MOL000563,1,primary_direct,adjudicated_TCMSP_relation_set_v1.1.0
101257,1,3,京大戟 | 甘遂 | 雷丸,1,MOL002596,3,primary_direct,adjudicated_TCMSP_relation_set_v1.1.0
101301,1,1,延胡索,1,MOL004195,1,primary_direct,adjudicated_TCMSP_relation_set_v1.1.0
101341,1,1,瓦松,1,MOL007599,1,primary_direct,adjudicated_TCMSP_relation_set_v1.1.0
101364,1,1,南沙参,1,MOL003448,1,primary_direct,adjudicated_TCMSP_relation_set_v1.1.0
101405,1,4,浙贝母 | 石菖蒲 | 芦根 | 雷公藤,1,MOL003171,4,primary_direct,adjudicated_TCMSP_relation_set_v1.1.0
101612,1,3,两面针 | 没药 | 细辛,1,MOL000986,3,primary_direct,adjudicated_TCMSP_relation_set_v1.1.0
101746,1,1,黑芝麻,1,MOL009834,1,primary_direct,adjudicated_TCMSP_relation_set_v1.1.0
101749,1,2,海风藤 | 辛夷,1,MOL000313,2,primary_direct,adjudicated_TCMSP_relation_set_v1.1.0
101761,1,6,一枝黄花 | 冰片 | 川槿皮 | 苦丁茶 | 菊花 | 金盏菊花,1,MOL006091,6,primary_direct,adjudicated_TCMSP_relation_set_v1.1.0
101807,1,1,当归,1,MOL008286,1,primary_direct,adjudicated_TCMSP_relation_set_v1.1.0
101977,1,16,北五味子 | 干姜 | 木香 | 玫瑰花 | 玳玳花 | 生姜 | 紫苏子 | 细辛 | 艾叶 | 芫荽 | 豆蔻 | 辛夷 | 辣椒 | 金银花 | 香茅 | 麻黄,1,MOL000267,16,primary_direct,adjudicated_TCMSP_relation_set_v1.1.0
102023,1,1,麻黄,1,MOL010785,1,primary_direct,adjudicated_TCMSP_relation_set_v1.1.0
102024,1,3,荆芥 | 蛇床子 | 麻黄,1,MOL003594,3,primary_direct,adjudicated_TCMSP_relation_set_v1.1.0
104361,1,1,墨旱莲,1,MOL003399,1,primary_direct,adjudicated_TCMSP_relation_set_v1.1.0
104654,1,1,倒扣草,1,MOL008310,1,primary_direct,adjudicated_TCMSP_relation_set_v1.1.0
105118,1,1,丹参,1,MOL007061,1,primary_direct,adjudicated_TCMSP_relation_set_v1.1.0
105119,1,1,丹参,1,MOL007037,1,primary_direct,adjudicated_TCMSP_relation_set_v1.1.0
105727,1,1,天葵子,1,MOL011355,1,primary_direct,adjudicated_TCMSP_relation_set_v1.1.0
107428,1,1,黄药子,1,MOL009779,1,primary_direct,adjudicated_TCMSP_relation_set_v1.1.0
107526,1,15,土贝母 | 大枣 | 天竺黄 | 小通草 | 桑枝 | 沙棘 | 泽泻 | 瓜蒌 | 绞股蓝 | 绿豆 | 通草 | 金樱子 | 金荞麦 | 金银花 | 香附,1,MOL000734,15,primary_direct,adjudicated_TCMSP_relation_set_v1.1.0
107561,1,11,乌敛莓 | 乌药 | 乳香 | 厚朴 | 地枫皮 | 淫羊藿 | 胡椒 | 花椒 | 薄荷 | 覆盆子 | 麻黄,1,MOL000205,11,primary_direct,adjudicated_TCMSP_relation_set_v1.1.0
107568,1,1,玳玳花,1,MOL010527,1,primary_direct,adjudicated_TCMSP_relation_set_v1.1.0
107689,1,1,砂仁,1,MOL007532,1,primary_direct,adjudicated_TCMSP_relation_set_v1.1.0
107848,1,6,杜仲 | 栀子 | 玄参 | 白花蛇舌草 | 车前子 | 鸡屎藤,1,MOL004557,6,primary_direct,adjudicated_TCMSP_relation_set_v1.1.0
107905,1,1,余甘子,1,MOL006820,1,primary_direct,adjudicated_TCMSP_relation_set_v1.1.0
107936,1,3,白鲜皮 | 黄柏 | 黄连,1,MOL002664,3,primary_direct,adjudicated_TCMSP_relation_set_v1.1.0
107971,1,5,川牛膝 | 淡豆豉 | 葛根 | 葛花 | 黑豆,1,MOL009720,5,primary_direct,adjudicated_TCMSP_relation_set_v1.1.0
107982,1,2,生姜 | 辣椒,1,MOL008698,2,primary_direct,adjudicated_TCMSP_relation_set_v1.1.0
108064,1,1,龙胆,1,MOL003134,1,primary_direct,adjudicated_TCMSP_relation_set_v1.1.0
108104,1,1,前胡,1,MOL013107,1,primary_direct,adjudicated_TCMSP_relation_set_v1.1.0
108125,1,1,紫菀,1,MOL010468,1,primary_direct,adjudicated_TCMSP_relation_set_v1.1.0
108168,1,2,木通 | 马兜铃,1,MOL010804,2,primary_direct,adjudicated_TCMSP_relation_set_v1.1.0
108213,1,2,白茅根 | 黄芪,1,MOL000387,2,primary_direct,adjudicated_TCMSP_relation_set_v1.1.0
108625,1,1,南沙参,1,MOL003447,1,primary_direct,adjudicated_TCMSP_relation_set_v1.1.0
109010,1,2,巴戟天 | 赤芍,1,MOL006991,2,primary_direct,adjudicated_TCMSP_relation_set_v1.1.0
111050,1,1,绿豆,1,MOL007345,1,primary_direct,adjudicated_TCMSP_relation_set_v1.1.0
111220,1,1,款冬花,1,MOL010041,1,primary_direct,adjudicated_TCMSP_relation_set_v1.1.0
111274,1,1,佛手,1,MOL013257,1,primary_direct,adjudicated_TCMSP_relation_set_v1.1.0
111470,1,1,西红花,1,MOL001381,1,primary_direct,adjudicated_TCMSP_relation_set_v1.1.0
111509,1,1,厚朴,1,MOL005959,1,primary_direct,adjudicated_TCMSP_relation_set_v1.1.0
111664,1,1,荷叶,1,MOL007221,1,primary_direct,adjudicated_TCMSP_relation_set_v1.1.0
111739,1,1,冬葵果,1,MOL008338,1,primary_direct,adjudicated_TCMSP_relation_set_v1.1.0
113640,1,1,冬葵果,1,MOL008340,1,primary_direct,adjudicated_TCMSP_relation_set_v1.1.0
114627,1,1,骨碎补,1,MOL009088,1,primary_direct,adjudicated_TCMSP_relation_set_v1.1.0
114703,1,3,党参 | 柴胡 | 西洋参,1,MOL004623,3,primary_direct,adjudicated_TCMSP_relation_set_v1.1.0
114776,1,13,夏枯草 | 山楂叶 | 檀香 | 水红花子 | 相思子 | 胡芦巴 | 蔓荆子 | 败酱草 | 香茅 | 鸡血藤 | 鸭跖草 | 麦芽 | 龙胆,1,MOL000498,13,primary_direct,adjudicated_TCMSP_relation_set_v1.1.0
114829,1,10,三七 | 垂盆草 | 板蓝根 | 淫羊藿 | 漏芦 | 甘草 | 红芪 | 葛花 | 降香 | 黄精,1,MOL001792,10,primary_direct,adjudicated_TCMSP_relation_set_v1.1.0
114917,1,2,丹参 | 前胡,1,MOL007157,2,primary_direct,adjudicated_TCMSP_relation_set_v1.1.0
115012,1,8,山豆根 | 槐花 | 胡芦巴 | 花生衣 | 苦参 | 葛根 | 鸡骨草 | 黑豆,1,MOL003641,8,primary_direct,adjudicated_TCMSP_relation_set_v1.1.0
115049,1,2,凤尾草 | 龙葵,1,MOL006347,2,primary_direct,adjudicated_TCMSP_relation_set_v1.1.0
115067,1,1,山慈菇,1,MOL007986,1,primary_direct,adjudicated_TCMSP_relation_set_v1.1.0
115247,1,1,牵牛子,1,MOL005257,1,primary_direct,adjudicated_TCMSP_relation_set_v1.1.0
115250,1,2,牛大力 | 鹅不食草,1,MOL001508,2,primary_direct,adjudicated_TCMSP_relation_set_v1.1.0
117158,1,1,海藻,1,MOL010575,1,primary_direct,adjudicated_TCMSP_relation_set_v1.1.0
117440,1,1,桃仁,1,MOL001372,1,primary_direct,adjudicated_TCMSP_relation_set_v1.1.0
117443,1,2,柴胡 | 荜澄茄,1,MOL013187,2,primary_direct,adjudicated_TCMSP_relation_set_v1.1.0
117549,1,1,满山红,1,MOL012418,1,primary_direct,adjudicated_TCMSP_relation_set_v1.1.0
117754,1,2,辣椒 | 防风,1,MOL008743,2,primary_direct,adjudicated_TCMSP_relation_set_v1.1.0
118495,1,1,云芝,1,MOL012807,1,primary_direct,adjudicated_TCMSP_relation_set_v1.1.0
118529,1,1,薤白,1,MOL007649,1,primary_direct,adjudicated_TCMSP_relation_set_v1.1.0
119034,1,5,前胡 | 委陵菜 | 枸骨叶 | 积雪草 | 葎草,1,MOL007253,5,primary_direct,adjudicated_TCMSP_relation_set_v1.1.0
119039,1,1,佩兰,1,MOL000593,1,primary_direct,adjudicated_TCMSP_relation_set_v1.1.0
119205,1,5,了哥王根 | 牛蒡子 | 石上柏 | 络石藤 | 连翘,1,MOL000537,5,primary_direct,adjudicated_TCMSP_relation_set_v1.1.0
119242,1,11,广藿香 | 灯盏细辛 | 矮地茶 | 葎草 | 赤芍 | 金沸草 | 雷丸 | 青蒿 | 鬼箭羽 | 鸡屎藤 | 鸡血藤,1,MOL000463,11,primary_direct,adjudicated_TCMSP_relation_set_v1.1.0
119258,1,2,土茯苓 | 菝葜,1,MOL004575,2,primary_direct,adjudicated_TCMSP_relation_set_v1.1.0
119268,1,2,海桐皮 | 牵牛子,1,MOL000457,2,primary_direct,adjudicated_TCMSP_relation_set_v1.1.0
119301,1,1,亚麻子,1,MOL005708,1,primary_direct,adjudicated_TCMSP_relation_set_v1.1.0
119307,1,5,三七 | 人参 | 人参叶 | 红参 | 西洋参,1,MOL005344,5,primary_direct,adjudicated_TCMSP_relation_set_v1.1.0
119444,1,2,川牛膝 | 白毛夏枯草,1,MOL012288,2,primary_direct,adjudicated_TCMSP_relation_set_v1.1.0
119458,1,1,八角莲,1,MOL001698,1,primary_direct,adjudicated_TCMSP_relation_set_v1.1.0
119586,1,1,芫荽,1,MOL012152,1,primary_direct,adjudicated_TCMSP_relation_set_v1.1.0
119908,1,2,天山雪莲 | 草乌,1,MOL004752,2,primary_direct,adjudicated_TCMSP_relation_set_v1.1.0
120290,1,1,贯众,1,MOL002621,1,primary_direct,adjudicated_TCMSP_relation_set_v1.1.0
120678,1,1,艾叶,1,MOL005742,1,primary_direct,adjudicated_TCMSP_relation_set_v1.1.0
120699,1,1,浙贝母,1,MOL004450,1,primary_direct,adjudicated_TCMSP_relation_set_v1.1.0
120700,1,1,马勃,1,MOL013041,1,primary_direct,adjudicated_TCMSP_relation_set_v1.1.0
120734,1,1,夏天无,1,MOL000780,1,primary_direct,adjudicated_TCMSP_relation_set_v1.1.0
120742,1,1,金沸草,1,MOL013016,1,primary_direct,adjudicated_TCMSP_relation_set_v1.1.0
121667,1,1,茯苓,1,MOL000304,1,primary_direct,adjudicated_TCMSP_relation_set_v1.1.0
121677,1,7,厚朴 | 枸杞子 | 肉桂 | 菊花 | 银杏叶 | 零陵香 | 黄芩,1,MOL003535,7,primary_direct,adjudicated_TCMSP_relation_set_v1.1.0
121712,1,3,三七 | 人参 | 西洋参,1,MOL005319,3,primary_direct,adjudicated_TCMSP_relation_set_v1.1.0
121738,1,1,鸡屎藤,1,MOL010599,1,primary_direct,adjudicated_TCMSP_relation_set_v1.1.0
122045,1,1,乳香,1,MOL001257,1,primary_direct,adjudicated_TCMSP_relation_set_v1.1.0
122159,1,2,山药 | 海风藤,1,MOL000322,2,primary_direct,adjudicated_TCMSP_relation_set_v1.1.0
122484,1,2,木香 | 百合,1,MOL009489,2,primary_direct,adjudicated_TCMSP_relation_set_v1.1.0
122485,1,4,柴胡 | 生姜 | 芫荽 | 辛夷,1,MOL004680,4,primary_direct,adjudicated_TCMSP_relation_set_v1.1.0
122635,1,4,大黄 | 百合 | 虎杖 | 连翘,1,MOL003353,4,primary_direct,adjudicated_TCMSP_relation_set_v1.1.0
122640,1,1,鱼腥草,1,MOL004359,1,primary_direct,adjudicated_TCMSP_relation_set_v1.1.0
122667,1,1,八角莲,1,MOL001716,1,primary_direct,adjudicated_TCMSP_relation_set_v1.1.0
122724,1,2,南蛇藤果 | 雷公藤,1,MOL003186,2,primary_direct,adjudicated_TCMSP_relation_set_v1.1.0
122738,1,3,枇杷叶 | 金荞麦 | 骨碎补,1,MOL007283,3,primary_direct,adjudicated_TCMSP_relation_set_v1.1.0
122841,1,2,决明子 | 贯众,1,MOL002608,2,primary_direct,adjudicated_TCMSP_relation_set_v1.1.0
122844,1,12,八角茴香 | 大枣 | 大皂荚 | 山茱萸 | 白头翁 | 皂角刺 | 肿节风 | 葎草 | 路路通 | 连翘 | 金樱子 | 鼠曲草,1,MOL001996,12,primary_direct,adjudicated_TCMSP_relation_set_v1.1.0
122850,1,7,土茯苓 | 木棉花 | 枳椇子 | 水红花子 | 菊花 | 菝葜 | 麻黄根,1,MOL004569,7,primary_direct,adjudicated_TCMSP_relation_set_v1.1.0
122881,1,1,木鳖子,1,MOL012371,1,primary_direct,adjudicated_TCMSP_relation_set_v1.1.0
123123,1,1,金银花,1,MOL003007,1,primary_direct,adjudicated_TCMSP_relation_set_v1.1.0
123388,1,1,薤白,1,MOL007622,1,primary_direct,adjudicated_TCMSP_relation_set_v1.1.0
123494,1,2,薤白 | 韭菜子,1,MOL007632,2,primary_direct,adjudicated_TCMSP_relation_set_v1.1.0
124021,1,3,余甘子 | 大黄 | 泽漆,1,MOL006832,3,primary_direct,adjudicated_TCMSP_relation_set_v1.1.0
124034,1,3,酸枣仁 | 青叶胆 | 麻黄,1,MOL001541,3,primary_direct,adjudicated_TCMSP_relation_set_v1.1.0
124039,1,2,白鲜皮 | 苦楝皮,1,MOL006258,2,primary_direct,adjudicated_TCMSP_relation_set_v1.1.0
124049,1,1,甘草,1,MOL004910,1,primary_direct,adjudicated_TCMSP_relation_set_v1.1.0
124052,1,2,甘草 | 苦杏仁,1,MOL004908,2,primary_direct,adjudicated_TCMSP_relation_set_v1.1.0
124062,1,2,巴戟天 | 茜草,1,MOL006158,2,primary_direct,adjudicated_TCMSP_relation_set_v1.1.0
124211,1,1,黄芩,1,MOL002927,1,primary_direct,adjudicated_TCMSP_relation_set_v1.1.0
124258,1,2,菊花 | 骨碎补,1,MOL009066,2,primary_direct,adjudicated_TCMSP_relation_set_v1.1.0
124879,1,1,天花粉,1,MOL006761,1,primary_direct,adjudicated_TCMSP_relation_set_v1.1.0
125296,1,1,沉香,1,MOL010494,1,primary_direct,adjudicated_TCMSP_relation_set_v1.1.0
125468,1,7,倒扣草 | 南鹤虱 | 巴豆 | 牛蒡子 | 牵牛子 | 白芷 | 辣椒,1,MOL001639,7,primary_direct,adjudicated_TCMSP_relation_set_v1.1.0
125776,1,1,刀豆,1,MOL010525,1,primary_direct,adjudicated_TCMSP_relation_set_v1.1.0
126072,1,1,丹参,1,MOL007152,1,primary_direct,adjudicated_TCMSP_relation_set_v1.1.0
126312,1,3,三七 | 红参 | 西洋参,1,MOL007501,3,primary_direct,adjudicated_TCMSP_relation_set_v1.1.0
126634,1,1,雷公藤,1,MOL003212,1,primary_direct,adjudicated_TCMSP_relation_set_v1.1.0
127790,1,1,降香,1,MOL002981,1,primary_direct,adjudicated_TCMSP_relation_set_v1.1.0
128558,1,1,延胡索,1,MOL004235,1,primary_direct,adjudicated_TCMSP_relation_set_v1.1.0
128576,1,1,木通,1,MOL010802,1,primary_direct,adjudicated_TCMSP_relation_set_v1.1.0
128839,1,2,使君子 | 拳参,1,MOL007951,2,primary_direct,adjudicated_TCMSP_relation_set_v1.1.0
128994,1,2,丹参 | 黄柏,1,MOL002651,2,primary_direct,adjudicated_TCMSP_relation_set_v1.1.0
129670,1,2,沉香 | 黄连,1,MOL002895,2,primary_direct,adjudicated_TCMSP_relation_set_v1.1.0
130117,1,2,莪术 | 郁金,1,MOL000903,2,primary_direct,adjudicated_TCMSP_relation_set_v1.1.0
131420,1,1,黄芪,1,MOL000411,1,primary_direct,adjudicated_TCMSP_relation_set_v1.1.0
131457,1,1,平贝母,1,MOL010184,1,primary_direct,adjudicated_TCMSP_relation_set_v1.1.0
132113,1,1,灵芝,1,MOL011258,1,primary_direct,adjudicated_TCMSP_relation_set_v1.1.0
132415,1,1,茜草,1,MOL006172,1,primary_direct,adjudicated_TCMSP_relation_set_v1.1.0
132521,1,1,巴戟天,1,MOL009499,1,primary_direct,adjudicated_TCMSP_relation_set_v1.1.0
132567,1,1,仙茅,1,MOL004124,1,primary_direct,adjudicated_TCMSP_relation_set_v1.1.0
132568,1,1,仙茅,1,MOL004120,1,primary_direct,adjudicated_TCMSP_relation_set_v1.1.0
132759,1,1,金莲花,1,MOL007268,1,primary_direct,adjudicated_TCMSP_relation_set_v1.1.0
133145,1,1,益智,1,MOL009357,1,primary_direct,adjudicated_TCMSP_relation_set_v1.1.0
133323,1,3,延胡索 | 苦地丁 | 草乌,1,MOL004763,3,primary_direct,adjudicated_TCMSP_relation_set_v1.1.0
133504,1,1,花椒,1,MOL013275,1,primary_direct,adjudicated_TCMSP_relation_set_v1.1.0
133534,1,1,牵牛子,1,MOL005258,1,primary_direct,adjudicated_TCMSP_relation_set_v1.1.0
133590,1,3,党参 | 天葵子 | 泽泻,1,MOL000835,3,primary_direct,adjudicated_TCMSP_relation_set_v1.1.0
133766,1,1,雷公藤,1,MOL003184,1,primary_direct,adjudicated_TCMSP_relation_set_v1.1.0
133867,1,1,甘草,1,MOL004840,1,primary_direct,adjudicated_TCMSP_relation_set_v1.1.0
134279,1,1,龙葵,1,MOL007359,1,primary_direct,adjudicated_TCMSP_relation_set_v1.1.0
135255,1,1,凤尾草,1,MOL006351,1,primary_direct,adjudicated_TCMSP_relation_set_v1.1.0
135309,1,3,罗汉果 | 芫荽 | 辣椒,1,MOL008669,3,primary_direct,adjudicated_TCMSP_relation_set_v1.1.0
135872,1,1,丹参,1,MOL007041,1,primary_direct,adjudicated_TCMSP_relation_set_v1.1.0
136322,1,1,桂枝,1,MOL010555,1,primary_direct,adjudicated_TCMSP_relation_set_v1.1.0
136330,1,14,乳香 | 山柰 | 当归 | 栀子 | 没药 | 淫羊藿 | 玳玳花 | 细辛 | 胡椒 | 艾叶 | 菊花 | 辛夷 | 银杏叶 | 鸡血藤,1,MOL000478,14,primary_direct,adjudicated_TCMSP_relation_set_v1.1.0
136419,1,2,甘草 | 葛花,1,MOL004976,2,primary_direct,adjudicated_TCMSP_relation_set_v1.1.0
136435,1,1,半夏,1,MOL006945,1,primary_direct,adjudicated_TCMSP_relation_set_v1.1.0
136449,1,1,黑豆,1,MOL009723,1,primary_direct,adjudicated_TCMSP_relation_set_v1.1.0
136745,1,1,蔓荆子,1,MOL011904,1,primary_direct,adjudicated_TCMSP_relation_set_v1.1.0
136880,1,1,木瓜,1,MOL005113,1,primary_direct,adjudicated_TCMSP_relation_set_v1.1.0
137928,1,1,金樱子,1,MOL008629,1,primary_direct,adjudicated_TCMSP_relation_set_v1.1.0
138219,1,1,高良姜,1,MOL002570,1,primary_direct,adjudicated_TCMSP_relation_set_v1.1.0
138507,1,2,丁香 | 升麻,1,MOL013222,2,primary_direct,adjudicated_TCMSP_relation_set_v1.1.0
138578,1,1,乳香,1,MOL001236,1,primary_direct,adjudicated_TCMSP_relation_set_v1.1.0
139144,1,2,巴戟天 | 杜仲,1,MOL009523,2,primary_direct,adjudicated_TCMSP_relation_set_v1.1.0
139728,1,1,佛手,1,MOL013262,1,primary_direct,adjudicated_TCMSP_relation_set_v1.1.0
140110,1,1,青果,1,MOL006703,1,primary_direct,adjudicated_TCMSP_relation_set_v1.1.0
140213,1,3,人参 | 木贼 | 枇杷叶,1,MOL005293,3,primary_direct,adjudicated_TCMSP_relation_set_v1.1.0
140332,1,1,佛手,1,MOL013245,1,primary_direct,adjudicated_TCMSP_relation_set_v1.1.0
140334,1,1,生姜,1,MOL006119,1,primary_direct,adjudicated_TCMSP_relation_set_v1.1.0
140362,1,1,松节,1,MOL005410,1,primary_direct,adjudicated_TCMSP_relation_set_v1.1.0
140955,1,2,罗布麻叶 | 西红花,1,MOL001375,2,primary_direct,adjudicated_TCMSP_relation_set_v1.1.0
141082,1,1,白芍,1,MOL001937,1,primary_direct,adjudicated_TCMSP_relation_set_v1.1.0
141153,1,1,海金沙,1,MOL002877,1,primary_direct,adjudicated_TCMSP_relation_set_v1.1.0
141274,1,1,华山参,1,MOL011086,1,primary_direct,adjudicated_TCMSP_relation_set_v1.1.0
141979,1,2,人参 | 矮地茶,1,MOL005303,2,primary_direct,adjudicated_TCMSP_relation_set_v1.1.0
141998,1,2,厚朴 | 枸杞子,1,MOL005960,2,primary_direct,adjudicated_TCMSP_relation_set_v1.1.0
142131,1,1,木香,1,MOL010816,1,primary_direct,adjudicated_TCMSP_relation_set_v1.1.0
142832,1,1,海金沙,1,MOL002869,1,primary_direct,adjudicated_TCMSP_relation_set_v1.1.0
143685,1,1,玫瑰花,1,MOL010721,1,primary_direct,adjudicated_TCMSP_relation_set_v1.1.0
143689,1,1,麻黄,1,MOL010770,1,primary_direct,adjudicated_TCMSP_relation_set_v1.1.0
143841,1,1,常山,1,MOL008167,1,primary_direct,adjudicated_TCMSP_relation_set_v1.1.0
144130,1,1,黑豆,1,MOL009686,1,primary_direct,adjudicated_TCMSP_relation_set_v1.1.0
145025,1,1,甘草,1,MOL004944,1,primary_direct,adjudicated_TCMSP_relation_set_v1.1.0
145659,1,4,化橘红 | 板蓝根 | 枳实 | 青皮,1,MOL001803,4,primary_direct,adjudicated_TCMSP_relation_set_v1.1.0
145937,1,1,昆布,1,MOL010616,1,primary_direct,adjudicated_TCMSP_relation_set_v1.1.0
146093,1,1,荠菜,1,MOL013306,1,primary_direct,adjudicated_TCMSP_relation_set_v1.1.0
146101,1,1,巴戟天,1,MOL009493,1,primary_direct,adjudicated_TCMSP_relation_set_v1.1.0
146102,1,2,木棉花 | 沉香,1,MOL008766,2,primary_direct,adjudicated_TCMSP_relation_set_v1.1.0
146515,1,1,槐花,1,MOL005935,1,primary_direct,adjudicated_TCMSP_relation_set_v1.1.0
146798,1,3,枇杷叶 | 赤小豆 | 鹿衔草,1,MOL000573,3,primary_direct,adjudicated_TCMSP_relation_set_v1.1.0
147111,1,1,天山雪莲,1,MOL009300,1,primary_direct,adjudicated_TCMSP_relation_set_v1.1.0
147113,1,1,马兜铃,1,MOL012395,1,primary_direct,adjudicated_TCMSP_relation_set_v1.1.0
147157,1,1,白茅根,1,MOL001876,1,primary_direct,adjudicated_TCMSP_relation_set_v1.1.0
147279,1,1,两面针,1,MOL005105,1,primary_direct,adjudicated_TCMSP_relation_set_v1.1.0
147295,1,1,大黄,1,MOL002241,1,primary_direct,adjudicated_TCMSP_relation_set_v1.1.0
147299,1,2,枇杷叶 | 金荞麦,1,MOL007284,2,primary_direct,adjudicated_TCMSP_relation_set_v1.1.0
147394,1,3,荆芥 | 荆芥穗 | 麻黄,1,MOL011875,3,primary_direct,adjudicated_TCMSP_relation_set_v1.1.0
147621,1,1,虎杖,1,MOL013293,1,primary_direct,adjudicated_TCMSP_relation_set_v1.1.0
148299,1,1,枇杷叶,1,MOL012551,1,primary_direct,adjudicated_TCMSP_relation_set_v1.1.0
148675,1,1,金荞麦,1,MOL007298,1,primary_direct,adjudicated_TCMSP_relation_set_v1.1.0
148724,1,2,两面针 | 白头翁,1,MOL001997,2,primary_direct,adjudicated_TCMSP_relation_set_v1.1.0
149436,1,1,黑豆,1,MOL009722,1,primary_direct,adjudicated_TCMSP_relation_set_v1.1.0
149782,1,1,茜草,1,MOL006166,1,primary_direct,adjudicated_TCMSP_relation_set_v1.1.0
150736,1,2,无患子皮 | 沙棘,1,MOL010224,2,primary_direct,adjudicated_TCMSP_relation_set_v1.1.0
150863,1,1,香加皮,1,MOL005683,1,primary_direct,adjudicated_TCMSP_relation_set_v1.1.0
150893,1,1,陈皮,1,MOL005811,1,primary_direct,adjudicated_TCMSP_relation_set_v1.1.0
151014,1,1,吴茱萸,1,MOL003977,1,primary_direct,adjudicated_TCMSP_relation_set_v1.1.0
151138,1,2,杜仲 | 杜仲叶,2,MOL009059 | MOL012324,2,primary_direct,adjudicated_TCMSP_relation_set_v1.1.0
151202,1,7,丹参 | 女贞子 | 白头翁 | 皂角刺 | 茜草 | 草苁蓉 | 雷公藤,1,MOL002001,7,primary_direct,adjudicated_TCMSP_relation_set_v1.1.0
151257,1,1,半夏,1,MOL006949,1,primary_direct,adjudicated_TCMSP_relation_set_v1.1.0
151319,1,1,椿皮,1,MOL006305,1,primary_direct,adjudicated_TCMSP_relation_set_v1.1.0
151670,1,1,百部,1,MOL009397,1,primary_direct,adjudicated_TCMSP_relation_set_v1.1.0
152304,1,1,苦楝皮,1,MOL010634,1,primary_direct,adjudicated_TCMSP_relation_set_v1.1.0
152430,1,1,射干,1,MOL003751,1,primary_direct,adjudicated_TCMSP_relation_set_v1.1.0
153441,1,2,柴胡 | 黄芩,1,MOL002936,2,primary_direct,adjudicated_TCMSP_relation_set_v1.1.0
153845,1,3,姜黄 | 莪术 | 郁金,1,MOL000898,3,primary_direct,adjudicated_TCMSP_relation_set_v1.1.0
153942,1,1,郁金,1,MOL004327,1,primary_direct,adjudicated_TCMSP_relation_set_v1.1.0
153984,1,1,紫草,1,MOL007715,1,primary_direct,adjudicated_TCMSP_relation_set_v1.1.0
154167,1,1,郁金,1,MOL004239,1,primary_direct,adjudicated_TCMSP_relation_set_v1.1.0
154168,1,1,郁金,1,MOL004240,1,primary_direct,adjudicated_TCMSP_relation_set_v1.1.0
154373,1,3,杜仲 | 杜仲叶 | 蔓荆子,1,MOL009034,3,primary_direct,adjudicated_TCMSP_relation_set_v1.1.0
154417,1,6,三分三 | 华山参 | 地骨皮 | 天仙子 | 枸杞子 | 洋金花,2,MOL001552 | MOL005406,6,primary_direct,adjudicated_TCMSP_relation_set_v1.1.0
155011,1,1,决明子,1,MOL006472,1,primary_direct,adjudicated_TCMSP_relation_set_v1.1.0
155054,1,1,天葵子,1,MOL011343,1,primary_direct,adjudicated_TCMSP_relation_set_v1.1.0
155165,1,1,高良姜,1,MOL002550,1,primary_direct,adjudicated_TCMSP_relation_set_v1.1.0
155173,1,1,金沸草,1,MOL013014,1,primary_direct,adjudicated_TCMSP_relation_set_v1.1.0
155206,1,2,荷叶 | 麻黄,1,MOL007214,2,primary_direct,adjudicated_TCMSP_relation_set_v1.1.0
155248,1,2,桑叶 | 桑白皮,1,MOL003857,2,primary_direct,adjudicated_TCMSP_relation_set_v1.1.0
155380,1,1,决明子,1,MOL006475,1,primary_direct,adjudicated_TCMSP_relation_set_v1.1.0
155692,1,2,大枣 | 酸枣仁,1,MOL001540,2,primary_direct,adjudicated_TCMSP_relation_set_v1.1.0
155882,1,1,车前草,1,MOL007780,1,primary_direct,adjudicated_TCMSP_relation_set_v1.1.0
155948,1,3,党参 | 白术 | 罂粟壳,1,MOL000045,3,primary_direct,adjudicated_TCMSP_relation_set_v1.1.0
156155,1,1,淡豆豉,1,MOL011686,1,primary_direct,adjudicated_TCMSP_relation_set_v1.1.0
156179,1,1,花椒,1,MOL013266,1,primary_direct,adjudicated_TCMSP_relation_set_v1.1.0
156517,1,1,肉豆蔻,1,MOL009247,1,primary_direct,adjudicated_TCMSP_relation_set_v1.1.0
156660,1,5,干姜 | 紫苏 | 蒿本 | 防风 | 高良姜,1,MOL002520,5,primary_direct,adjudicated_TCMSP_relation_set_v1.1.0
156992,1,1,黄芩,1,MOL002908,1,primary_direct,adjudicated_TCMSP_relation_set_v1.1.0
157139,1,5,乳香 | 升麻 | 牡丹皮 | 白芍 | 菊花,1,MOL001246,5,primary_direct,adjudicated_TCMSP_relation_set_v1.1.0
157140,1,1,金银花,1,MOL003015,1,primary_direct,adjudicated_TCMSP_relation_set_v1.1.0
157143,1,1,桑白皮,1,MOL012725,1,primary_direct,adjudicated_TCMSP_relation_set_v1.1.0
157301,1,1,丹参,1,MOL007084,1,primary_direct,adjudicated_TCMSP_relation_set_v1.1.0
157661,1,1,决明子,1,MOL006482,1,primary_direct,adjudicated_TCMSP_relation_set_v1.1.0
157672,1,1,知母,1,MOL004503,1,primary_direct,adjudicated_TCMSP_relation_set_v1.1.0
157745,1,2,广枣 | 甘草,1,MOL004926,2,primary_direct,adjudicated_TCMSP_relation_set_v1.1.0
157995,1,8,决明子 | 北刘寄奴 | 枇杷叶 | 牛大力 | 红花 | 西红花 | 银杏叶 | 零陵香,1,MOL001387,8,primary_direct,adjudicated_TCMSP_relation_set_v1.1.0
158144,1,3,熟地黄 | 肉苁蓉 | 雷公藤,1,MOL003202,3,primary_direct,adjudicated_TCMSP_relation_set_v1.1.0
158311,1,3,柴胡 | 茵陈 | 青蒿,1,MOL004609,3,primary_direct,adjudicated_TCMSP_relation_set_v1.1.0
158845,1,1,仙茅,1,MOL004126,1,primary_direct,adjudicated_TCMSP_relation_set_v1.1.0
159029,1,2,鹿衔草 | 黄芩,1,MOL000552,2,primary_direct,adjudicated_TCMSP_relation_set_v1.1.0
159047,1,1,墨旱莲,1,MOL003375,1,primary_direct,adjudicated_TCMSP_relation_set_v1.1.0
159055,1,68,三七花 | 乌敛莓 | 乌药 | 仙鹤草 | 佩兰 | 冬葵果 | 凌霄花 | 前胡 | 功劳木 | 十大功劳叶 | 千金子 | 南蛇藤果 | 厚朴 | 地枫皮 | 夏枯草 | 安息香 | 寻骨风 | 小茴香 | 木棉花 | 枇杷叶 | 桂枝 | 桑寄生 | 桑椹 | 梅花 | 椿皮 | 淫羊藿 | 满山红 | 火麻仁 | 生姜 | 番泻叶 | 白芷 | 矮地茶 | 石菖蒲 | 砂仁 | 紫花前胡 | 紫苏 | 细辛 | 罗布麻叶 | 肉桂 | 肉豆蔻 | 胡椒 | 艾叶 | 芦根 | 芫荽 | 苍耳子 | 荆芥 | 草果 | 荜茇 | 荷叶 | 莪术 | 菊花 | 藁本 | 蛇床子 | 豆蔻 | 败酱草 | 辛夷 | 连翘 | 郁金 | 金荞麦 | 金钱草 | 金银花 | 银杏叶 | 银柴胡 | 马兜铃 | 高良姜 | 鸡屎藤 | 鹅不食草 | 麻黄,1,MOL000130,68,primary_direct,adjudicated_TCMSP_relation_set_v1.1.0
159278,1,7,大血藤 | 天葵子 | 女贞子 | 木蝴蝶 | 肉苁蓉 | 连翘 | 马钱子,1,MOL003341,7,primary_direct,adjudicated_TCMSP_relation_set_v1.1.0
159330,1,1,雷公藤,1,MOL003185,1,primary_direct,adjudicated_TCMSP_relation_set_v1.1.0
159490,1,2,木鳖子 | 瓜蒌,1,MOL007186,2,primary_direct,adjudicated_TCMSP_relation_set_v1.1.0
159516,1,1,南蛇藤果,1,MOL003497,1,primary_direct,adjudicated_TCMSP_relation_set_v1.1.0
159650,1,2,白鲜皮 | 黄柏,1,MOL006239,2,primary_direct,adjudicated_TCMSP_relation_set_v1.1.0
159654,1,1,莲子心,1,MOL009171,1,primary_direct,adjudicated_TCMSP_relation_set_v1.1.0
159751,1,1,橘红,1,MOL013332,1,primary_direct,adjudicated_TCMSP_relation_set_v1.1.0
159776,1,1,川贝母,1,MOL009577,1,primary_direct,adjudicated_TCMSP_relation_set_v1.1.0
160142,1,1,丹参,1,MOL007122,1,primary_direct,adjudicated_TCMSP_relation_set_v1.1.0
160168,1,1,西洋参,1,MOL011448,1,primary_direct,adjudicated_TCMSP_relation_set_v1.1.0
160179,1,4,党参 | 川芎 | 枳椇子 | 罗汉果,1,MOL002140,4,primary_direct,adjudicated_TCMSP_relation_set_v1.1.0
160190,1,1,芦荟,1,MOL005047,1,primary_direct,adjudicated_TCMSP_relation_set_v1.1.0
160237,1,1,青蒿,1,MOL007401,1,primary_direct,adjudicated_TCMSP_relation_set_v1.1.0
160254,1,2,丹参 | 甘松,1,MOL007088,2,primary_direct,adjudicated_TCMSP_relation_set_v1.1.0
160475,1,1,白花蛇舌草,1,MOL001671,1,primary_direct,adjudicated_TCMSP_relation_set_v1.1.0
160482,1,1,枸杞子,1,MOL009639,1,primary_direct,adjudicated_TCMSP_relation_set_v1.1.0
160485,1,1,两面针,1,MOL005103,1,primary_direct,adjudicated_TCMSP_relation_set_v1.1.0
160487,1,2,大枣 | 酸枣仁,1,MOL001522,2,primary_direct,adjudicated_TCMSP_relation_set_v1.1.0
160492,1,1,槟榔,1,MOL010487,1,primary_direct,adjudicated_TCMSP_relation_set_v1.1.0
160500,1,1,延胡索,1,MOL004201,1,primary_direct,adjudicated_TCMSP_relation_set_v1.1.0
160512,1,2,罗汉果 | 郁金,1,MOL004333,2,primary_direct,adjudicated_TCMSP_relation_set_v1.1.0
160521,1,6,凤眼草 | 洋金花 | 白蔹 | 茜草 | 连翘 | 雷公藤,1,MOL003283,6,primary_direct,adjudicated_TCMSP_relation_set_v1.1.0
160600,1,2,天山雪莲 | 甘松,1,MOL009298,2,primary_direct,adjudicated_TCMSP_relation_set_v1.1.0
160608,1,2,了哥王根 | 鸡血藤,1,MOL000469,2,primary_direct,adjudicated_TCMSP_relation_set_v1.1.0
160644,1,1,莲子心,1,MOL009169,1,primary_direct,adjudicated_TCMSP_relation_set_v1.1.0
160710,1,4,川芎 | 蒿本 | 藁本 | 蛇床子,1,MOL002127,4,primary_direct,adjudicated_TCMSP_relation_set_v1.1.0
160712,1,1,茜草,1,MOL006162,1,primary_direct,adjudicated_TCMSP_relation_set_v1.1.0
160717,1,3,决明子 | 猕猴桃根 | 虎杖,1,MOL006488,3,primary_direct,adjudicated_TCMSP_relation_set_v1.1.0
160782,1,1,鸦胆子,1,MOL008059,1,primary_direct,adjudicated_TCMSP_relation_set_v1.1.0
160799,1,11,常山 | 桂枝 | 生姜 | 白芷 | 紫苏 | 细辛 | 肉桂 | 苍耳子 | 西河柳 | 辛夷 | 鬼针草,1,MOL003536,11,primary_direct,adjudicated_TCMSP_relation_set_v1.1.0
160817,1,2,巴戟天 | 茜草,1,MOL006163,2,primary_direct,adjudicated_TCMSP_relation_set_v1.1.0
160875,1,1,大枣,1,MOL012974,1,primary_direct,adjudicated_TCMSP_relation_set_v1.1.0
160921,1,1,天冬,1,MOL003884,1,primary_direct,adjudicated_TCMSP_relation_set_v1.1.0
161036,1,7,山茱萸 | 秦艽 | 续断 | 萱草根 | 金银花 | 青叶胆 | 龙胆,1,MOL000650,7,primary_direct,adjudicated_TCMSP_relation_set_v1.1.0
161171,1,1,麻黄,1,MOL010780,1,primary_direct,adjudicated_TCMSP_relation_set_v1.1.0
161172,1,1,香薷,1,MOL012100,1,primary_direct,adjudicated_TCMSP_relation_set_v1.1.0
161177,1,1,八角莲,1,MOL001712,1,primary_direct,adjudicated_TCMSP_relation_set_v1.1.0
161218,1,4,天仙藤 | 寻骨风 | 木通 | 马兜铃,1,MOL000763,4,primary_direct,adjudicated_TCMSP_relation_set_v1.1.0
161271,1,2,半枝莲 | 黄芩,1,MOL002915,2,primary_direct,adjudicated_TCMSP_relation_set_v1.1.0
161276,1,2,金银花 | 马钱子,1,MOL003018,2,primary_direct,adjudicated_TCMSP_relation_set_v1.1.0
161294,1,4,伊贝母 | 川贝母 | 平贝母 | 浙贝母,1,MOL004440,4,primary_direct,adjudicated_TCMSP_relation_set_v1.1.0
161306,1,2,白果 | 银杏叶,1,MOL011062,2,primary_direct,adjudicated_TCMSP_relation_set_v1.1.0
161409,1,2,独活 | 蛇床子,1,MOL003608,2,primary_direct,adjudicated_TCMSP_relation_set_v1.1.0
161413,1,1,薤白,1,MOL007635,1,primary_direct,adjudicated_TCMSP_relation_set_v1.1.0
161464,1,2,益母草 | 肉苁蓉,1,MOL001445,2,primary_direct,adjudicated_TCMSP_relation_set_v1.1.0
161538,1,1,旋覆花,1,MOL004103,1,primary_direct,adjudicated_TCMSP_relation_set_v1.1.0
161557,1,2,枳椇子 | 皂角刺,1,MOL013374,2,primary_direct,adjudicated_TCMSP_relation_set_v1.1.0
161570,1,2,两面针 | 常山,1,MOL005094,2,primary_direct,adjudicated_TCMSP_relation_set_v1.1.0
161658,1,1,白术,1,MOL000051,1,primary_direct,adjudicated_TCMSP_relation_set_v1.1.0
161749,1,1,白前,1,MOL012933,1,primary_direct,adjudicated_TCMSP_relation_set_v1.1.0
161815,1,1,铁丝威灵仙,1,MOL000758,1,primary_direct,adjudicated_TCMSP_relation_set_v1.1.0
161816,1,4,凤眼草 | 玉米须 | 鸡血藤 | 鸭跖草,1,MOL000465,4,primary_direct,adjudicated_TCMSP_relation_set_v1.1.0
161937,1,1,辣椒,1,MOL008689,1,primary_direct,adjudicated_TCMSP_relation_set_v1.1.0
162305,1,1,芦荟,1,MOL005048,1,primary_direct,adjudicated_TCMSP_relation_set_v1.1.0
162395,1,1,青蒿,1,MOL007448,1,primary_direct,adjudicated_TCMSP_relation_set_v1.1.0
162412,1,1,甘草,1,MOL004833,1,primary_direct,adjudicated_TCMSP_relation_set_v1.1.0
162464,1,2,茵陈 | 青蒿,1,MOL007405,2,primary_direct,adjudicated_TCMSP_relation_set_v1.1.0
162823,1,2,紫菀 | 龙葵,1,MOL007357,2,primary_direct,adjudicated_TCMSP_relation_set_v1.1.0
162868,1,2,金银花 | 马钱子,1,MOL003022,2,primary_direct,adjudicated_TCMSP_relation_set_v1.1.0
162952,1,1,生姜,1,MOL006125,1,primary_direct,adjudicated_TCMSP_relation_set_v1.1.0
162958,1,1,白果,1,MOL011048,1,primary_direct,adjudicated_TCMSP_relation_set_v1.1.0
163040,1,6,密蒙花 | 杜仲叶 | 玄参 | 车前子 | 车前草 | 马鞭草,1,MOL006670,6,primary_direct,adjudicated_TCMSP_relation_set_v1.1.0
164146,1,1,决明子,1,MOL006473,1,primary_direct,adjudicated_TCMSP_relation_set_v1.1.0
164613,1,1,香附,1,MOL004060,1,primary_direct,adjudicated_TCMSP_relation_set_v1.1.0
164619,1,3,伸筋草 | 银杏叶 | 鸡冠花,2,MOL005424 | MOL006079,3,primary_direct,adjudicated_TCMSP_relation_set_v1.1.0
164622,1,1,佩兰,1,MOL000599,1,primary_direct,adjudicated_TCMSP_relation_set_v1.1.0
164633,1,1,垂盆草,1,MOL002082,1,primary_direct,adjudicated_TCMSP_relation_set_v1.1.0
164676,1,2,丹参 | 前胡,1,MOL007154,2,primary_direct,adjudicated_TCMSP_relation_set_v1.1.0
164874,1,2,贯众 | 骨碎补,1,MOL002617,2,primary_direct,adjudicated_TCMSP_relation_set_v1.1.0
165225,1,1,杜仲,1,MOL009030,1,primary_direct,adjudicated_TCMSP_relation_set_v1.1.0
165258,1,2,生姜 | 艾叶,1,MOL005743,2,primary_direct,adjudicated_TCMSP_relation_set_v1.1.0
165274,1,1,马兜铃,1,MOL012391,1,primary_direct,adjudicated_TCMSP_relation_set_v1.1.0
165368,1,3,两面针 | 白鲜皮 | 花椒,2,MOL005096 | MOL013270,3,primary_direct,adjudicated_TCMSP_relation_set_v1.1.0
165521,1,3,地锦草 | 布渣叶 | 黄精,1,MOL006331,3,primary_direct,adjudicated_TCMSP_relation_set_v1.1.0
165536,1,8,倒扣草 | 北五味子 | 山茱萸 | 广藿香 | 白芷 | 石菖蒲 | 香附 | 马兜铃,1,MOL003546,8,primary_direct,adjudicated_TCMSP_relation_set_v1.1.0
165675,1,15,凌霄花 | 千斤拔 | 月季花 | 桂枝 | 桑寄生 | 满山红 | 火麻仁 | 甘草 | 芫荽 | 荆芥 | 荆芥穗 | 薄荷 | 败酱草 | 金银花 | 防己,1,MOL000671,15,primary_direct,adjudicated_TCMSP_relation_set_v1.1.0
166775,1,1,巴戟天,1,MOL009535,1,primary_direct,adjudicated_TCMSP_relation_set_v1.1.0
167493,1,1,马兜铃,1,MOL012392,1,primary_direct,adjudicated_TCMSP_relation_set_v1.1.0
167551,1,2,白果 | 银杏叶,1,MOL011050,2,primary_direct,adjudicated_TCMSP_relation_set_v1.1.0
167633,1,1,常山,1,MOL008197,1,primary_direct,adjudicated_TCMSP_relation_set_v1.1.0
167736,1,1,罂粟壳,1,MOL009331,1,primary_direct,adjudicated_TCMSP_relation_set_v1.1.0
168114,1,3,干姜 | 生姜 | 钩藤,1,MOL002497,3,primary_direct,adjudicated_TCMSP_relation_set_v1.1.0
168115,1,2,干姜 | 生姜,1,MOL002459,2,primary_direct,adjudicated_TCMSP_relation_set_v1.1.0
168836,1,1,辣椒,1,MOL008729,1,primary_direct,adjudicated_TCMSP_relation_set_v1.1.0
168928,1,2,乳香 | 萱草根,1,MOL001255,2,primary_direct,adjudicated_TCMSP_relation_set_v1.1.0
168938,1,2,大黄 | 番泻叶,1,MOL002366,2,primary_direct,adjudicated_TCMSP_relation_set_v1.1.0
169017,1,1,海桐皮,1,MOL000453,1,primary_direct,adjudicated_TCMSP_relation_set_v1.1.0
169019,1,1,连翘,1,MOL003294,1,primary_direct,adjudicated_TCMSP_relation_set_v1.1.0
169511,1,1,络石藤,1,MOL000533,1,primary_direct,adjudicated_TCMSP_relation_set_v1.1.0
170345,1,1,猫爪草,1,MOL011315,1,primary_direct,adjudicated_TCMSP_relation_set_v1.1.0
170569,1,2,射干 | 川射干,1,MOL003756,2,primary_direct,adjudicated_TCMSP_relation_set_v1.1.0
170833,1,4,柴胡 | 生姜 | 薄荷 | 麻黄,1,MOL004671,4,primary_direct,adjudicated_TCMSP_relation_set_v1.1.0
171106,1,1,巴戟天,1,MOL009502,1,primary_direct,adjudicated_TCMSP_relation_set_v1.1.0
171292,1,4,山豆根 | 葛根 | 葛花 | 黑豆,1,MOL003629,4,primary_direct,adjudicated_TCMSP_relation_set_v1.1.0
173183,1,13,乌梅 | 关黄柏 | 决明子 | 月季花 | 白鲜皮 | 紫苏子 | 芦荟 | 芫荽 | 荆芥 | 菟丝子 | 赤芍 | 银杏叶 | 麻黄,1,MOL005043,13,primary_direct,adjudicated_TCMSP_relation_set_v1.1.0
173273,1,1,雷公藤,1,MOL003196,1,primary_direct,adjudicated_TCMSP_relation_set_v1.1.0
174003,1,2,杜仲叶 | 洋金花,1,MOL011468,2,primary_direct,adjudicated_TCMSP_relation_set_v1.1.0
174157,1,1,车前子,1,MOL007812,1,primary_direct,adjudicated_TCMSP_relation_set_v1.1.0
174857,1,1,香加皮,1,MOL005661,1,primary_direct,adjudicated_TCMSP_relation_set_v1.1.0
174867,1,1,野菊花,1,MOL008924,1,primary_direct,adjudicated_TCMSP_relation_set_v1.1.0
174868,1,1,防己,1,MOL002333,1,primary_direct,adjudicated_TCMSP_relation_set_v1.1.0
175540,1,1,肉豆蔻,1,MOL009262,1,primary_direct,adjudicated_TCMSP_relation_set_v1.1.0
175948,1,1,巴戟天,1,MOL009542,1,primary_direct,adjudicated_TCMSP_relation_set_v1.1.0
176079,1,1,牛膝,1,MOL012519,1,primary_direct,adjudicated_TCMSP_relation_set_v1.1.0
176911,1,1,前胡,1,MOL013097,1,primary_direct,adjudicated_TCMSP_relation_set_v1.1.0
176970,1,1,前胡,1,MOL013094,1,primary_direct,adjudicated_TCMSP_relation_set_v1.1.0
176983,1,11,吴茱萸 | 川芎 | 常山 | 桑叶 | 砂仁 | 竹节参 | 紫苏 | 羌活 | 薄荷 | 辛夷 | 麻黄,1,MOL002128,11,primary_direct,adjudicated_TCMSP_relation_set_v1.1.0
177072,1,2,沉香 | 牛蒡子,1,MOL010508,2,primary_direct,adjudicated_TCMSP_relation_set_v1.1.0
177149,1,3,甘草 | 红芪 | 鸡血藤,1,MOL000500,3,primary_direct,adjudicated_TCMSP_relation_set_v1.1.0
177801,1,3,矮地茶 | 艾叶 | 菊苣,1,MOL005748,3,primary_direct,adjudicated_TCMSP_relation_set_v1.1.0
178323,1,10,八角茴香 | 广藿香 | 柴胡 | 款冬花 | 荆芥穗 | 西河柳 | 郁金 | 防己 | 马鞭草 | 鬼针草,1,MOL002338,10,primary_direct,adjudicated_TCMSP_relation_set_v1.1.0
178371,1,1,党参,1,MOL008413,1,primary_direct,adjudicated_TCMSP_relation_set_v1.1.0
178939,1,1,枇杷叶,1,MOL012584,1,primary_direct,adjudicated_TCMSP_relation_set_v1.1.0
179289,1,1,土荆皮,1,MOL008896,1,primary_direct,adjudicated_TCMSP_relation_set_v1.1.0
179536,1,1,丹参,1,MOL007072,1,primary_direct,adjudicated_TCMSP_relation_set_v1.1.0
179640,1,1,两面针,1,MOL005092,1,primary_direct,adjudicated_TCMSP_relation_set_v1.1.0
179647,1,1,白果,1,MOL011055,1,primary_direct,adjudicated_TCMSP_relation_set_v1.1.0
181132,1,1,茵陈,1,MOL008042,1,primary_direct,adjudicated_TCMSP_relation_set_v1.1.0
181215,1,1,党参,1,MOL008402,1,primary_direct,adjudicated_TCMSP_relation_set_v1.1.0
181271,1,1,山药,1,MOL005446,1,primary_direct,adjudicated_TCMSP_relation_set_v1.1.0
181526,1,3,土贝母 | 桑枝 | 绿豆,1,MOL000733,3,primary_direct,adjudicated_TCMSP_relation_set_v1.1.0
181580,1,1,郁金,1,MOL004336,1,primary_direct,adjudicated_TCMSP_relation_set_v1.1.0
181681,1,4,川楝子 | 杜仲 | 雷公藤 | 龙葵,1,MOL002058,4,primary_direct,adjudicated_TCMSP_relation_set_v1.1.0
181744,1,1,白毛夏枯草,1,MOL007771,1,primary_direct,adjudicated_TCMSP_relation_set_v1.1.0
181851,1,1,黄药子,1,MOL009792,1,primary_direct,adjudicated_TCMSP_relation_set_v1.1.0
182232,1,27,儿茶 | 南蛇藤果 | 大皂荚 | 大腹皮 | 娑罗子 | 山楂叶 | 木瓜 | 杜仲 | 桂枝 | 槟榔 | 沙棘 | 猕猴桃根 | 白蔹 | 皂角刺 | 罗布麻叶 | 草果 | 荔枝核 | 荷叶 | 贯叶金丝桃 | 赤小豆 | 金荞麦 | 金钱草 | 钩藤 | 鹿衔草 | 麦芽 | 黄芩 | 黄药子,1,MOL000073,27,primary_direct,adjudicated_TCMSP_relation_set_v1.1.0
182259,1,1,降香,1,MOL002961,1,primary_direct,adjudicated_TCMSP_relation_set_v1.1.0
182278,1,1,辛夷,1,MOL012112,1,primary_direct,adjudicated_TCMSP_relation_set_v1.1.0
182459,1,1,紫菀,1,MOL010437,1,primary_direct,adjudicated_TCMSP_relation_set_v1.1.0
182497,1,2,委陵菜 | 金樱子,1,MOL008031,2,primary_direct,adjudicated_TCMSP_relation_set_v1.1.0
183088,1,1,华山参,1,MOL011091,1,primary_direct,adjudicated_TCMSP_relation_set_v1.1.0
183864,1,1,茜草,1,MOL006173,1,primary_direct,adjudicated_TCMSP_relation_set_v1.1.0
184652,1,1,肉豆蔻,1,MOL009249,1,primary_direct,adjudicated_TCMSP_relation_set_v1.1.0
184824,1,1,连翘,1,MOL003323,1,primary_direct,adjudicated_TCMSP_relation_set_v1.1.0
184877,1,1,桑白皮,1,MOL012700,1,primary_direct,adjudicated_TCMSP_relation_set_v1.1.0
185034,1,2,柴胡 | 红芪,1,MOL004644,2,primary_direct,adjudicated_TCMSP_relation_set_v1.1.0
185071,1,1,款冬花,1,MOL010026,1,primary_direct,adjudicated_TCMSP_relation_set_v1.1.0
185226,1,1,檀香,1,MOL007585,1,primary_direct,adjudicated_TCMSP_relation_set_v1.1.0
185465,1,1,娑罗子,1,MOL010901,1,primary_direct,adjudicated_TCMSP_relation_set_v1.1.0
185617,1,4,半枝莲 | 木蝴蝶 | 紫苏 | 黄芩,1,MOL002931,4,primary_direct,adjudicated_TCMSP_relation_set_v1.1.0
185667,1,1,甘草,1,MOL004983,1,primary_direct,adjudicated_TCMSP_relation_set_v1.1.0
185698,1,3,天竺黄 | 槟榔 | 猪苓,1,MOL000813,3,primary_direct,adjudicated_TCMSP_relation_set_v1.1.0
185740,1,1,没药,1,MOL001137,1,primary_direct,adjudicated_TCMSP_relation_set_v1.1.0
185766,1,1,车前草,1,MOL007806,1,primary_direct,adjudicated_TCMSP_relation_set_v1.1.0
185848,1,2,桑白皮 | 菝葜,1,MOL004574,2,primary_direct,adjudicated_TCMSP_relation_set_v1.1.0
185904,1,1,海藻,1,MOL010578,1,primary_direct,adjudicated_TCMSP_relation_set_v1.1.0
185914,1,3,土茯苓 | 满山红 | 黄药子,1,MOL009782,3,primary_direct,adjudicated_TCMSP_relation_set_v1.1.0
186148,1,1,砂仁,1,MOL007546,1,primary_direct,adjudicated_TCMSP_relation_set_v1.1.0
186209,1,1,凤尾草,1,MOL006349,1,primary_direct,adjudicated_TCMSP_relation_set_v1.1.0
187808,1,3,淡豆豉 | 芫荽 | 葛花,1,MOL011787,3,primary_direct,adjudicated_TCMSP_relation_set_v1.1.0
188297,1,1,木香,1,MOL010843,1,primary_direct,adjudicated_TCMSP_relation_set_v1.1.0
188308,1,2,半枝莲 | 红花,1,MOL002719,2,primary_direct,adjudicated_TCMSP_relation_set_v1.1.0
188316,1,4,半枝莲 | 穿心莲 | 香薷 | 黄芩,1,MOL008206,4,primary_direct,adjudicated_TCMSP_relation_set_v1.1.0
188323,1,5,相思子 | 茵陈 | 蔓荆子 | 金莲花 | 青蒿,1,MOL007274,5,primary_direct,adjudicated_TCMSP_relation_set_v1.1.0
188456,1,1,板蓝根,1,MOL001774,1,primary_direct,adjudicated_TCMSP_relation_set_v1.1.0
188516,1,1,萱草根,1,MOL013342,1,primary_direct,adjudicated_TCMSP_relation_set_v1.1.0
188977,1,4,桃仁 | 桑叶 | 红花 | 黄药子,1,MOL001337,4,primary_direct,adjudicated_TCMSP_relation_set_v1.1.0
189045,1,1,白茅根,1,MOL001872,1,primary_direct,adjudicated_TCMSP_relation_set_v1.1.0
189061,1,2,姜黄 | 郁金,1,MOL000961,2,primary_direct,adjudicated_TCMSP_relation_set_v1.1.0
189453,1,1,桑叶,1,MOL003849,1,primary_direct,adjudicated_TCMSP_relation_set_v1.1.0
189454,1,1,吴茱萸,1,MOL004014,1,primary_direct,adjudicated_TCMSP_relation_set_v1.1.0
189686,1,1,夏天无,1,MOL000788,1,primary_direct,adjudicated_TCMSP_relation_set_v1.1.0
189687,1,1,吴茱萸,1,MOL003988,1,primary_direct,adjudicated_TCMSP_relation_set_v1.1.0
189695,1,1,太子参,1,MOL011382,1,primary_direct,adjudicated_TCMSP_relation_set_v1.1.0
190797,1,1,雷公藤,1,MOL003269,1,primary_direct,adjudicated_TCMSP_relation_set_v1.1.0
191120,1,1,青叶胆,1,MOL007958,1,primary_direct,adjudicated_TCMSP_relation_set_v1.1.0
191970,1,1,了哥王根,1,MOL011119,1,primary_direct,adjudicated_TCMSP_relation_set_v1.1.0
192437,1,2,白芷 | 秦皮,1,MOL006711,2,primary_direct,adjudicated_TCMSP_relation_set_v1.1.0
192490,1,2,冬虫夏草 | 甘草,1,MOL004936,2,primary_direct,adjudicated_TCMSP_relation_set_v1.1.0
192877,1,1,诃子,1,MOL009134,1,primary_direct,adjudicated_TCMSP_relation_set_v1.1.0
193042,1,1,荜澄茄,1,MOL013192,1,primary_direct,adjudicated_TCMSP_relation_set_v1.1.0
193449,1,1,钩藤,1,MOL008475,1,primary_direct,adjudicated_TCMSP_relation_set_v1.1.0
193679,1,1,甘草,1,MOL004945,1,primary_direct,adjudicated_TCMSP_relation_set_v1.1.0
193876,1,2,关黄柏 | 没药,1,MOL001130,2,primary_direct,adjudicated_TCMSP_relation_set_v1.1.0
194000,1,1,仙鹤草,1,MOL006182,1,primary_direct,adjudicated_TCMSP_relation_set_v1.1.0
194183,1,1,柿蒂,1,MOL010887,1,primary_direct,adjudicated_TCMSP_relation_set_v1.1.0
194774,1,2,桑叶 | 桑白皮,1,MOL003865,2,primary_direct,adjudicated_TCMSP_relation_set_v1.1.0
195226,1,1,沉香,1,MOL010496,1,primary_direct,adjudicated_TCMSP_relation_set_v1.1.0
195484,1,1,西洋参,1,MOL011429,1,primary_direct,adjudicated_TCMSP_relation_set_v1.1.0
196699,1,1,甘松,1,MOL010541,1,primary_direct,adjudicated_TCMSP_relation_set_v1.1.0
196831,1,1,甘草,1,MOL005015,1,primary_direct,adjudicated_TCMSP_relation_set_v1.1.0
196980,1,1,常山,1,MOL008183,1,primary_direct,adjudicated_TCMSP_relation_set_v1.1.0
197017,1,1,荷叶,1,MOL007210,1,primary_direct,adjudicated_TCMSP_relation_set_v1.1.0
197044,1,2,地耳草 | 贯众,2,MOL002612 | MOL002622,2,primary_direct,adjudicated_TCMSP_relation_set_v1.1.0
197678,1,1,甘草,1,MOL004805,1,primary_direct,adjudicated_TCMSP_relation_set_v1.1.0
199472,1,1,矮地茶,1,MOL010958,1,primary_direct,adjudicated_TCMSP_relation_set_v1.1.0
203797,1,7,山茱萸 | 秦艽 | 续断 | 萱草根 | 金银花 | 青叶胆 | 龙胆,1,MOL000651,7,primary_direct,adjudicated_TCMSP_relation_set_v1.1.0
208856,1,1,海风藤,1,MOL000321,1,primary_direct,adjudicated_TCMSP_relation_set_v1.1.0
208923,1,1,地锦草,1,MOL006326,1,primary_direct,adjudicated_TCMSP_relation_set_v1.1.0
216283,1,4,前胡 | 北沙参 | 独活 | 防风,1,MOL001946,4,primary_direct,adjudicated_TCMSP_relation_set_v1.1.0
219219,1,1,山茱萸,1,MOL005473,1,primary_direct,adjudicated_TCMSP_relation_set_v1.1.0
220010,1,2,佛手 | 华山参,1,MOL011087,2,primary_direct,adjudicated_TCMSP_relation_set_v1.1.0
220401,1,4,白茅根 | 芦根 | 薏苡仁 | 龙胆,1,MOL001884,4,primary_direct,adjudicated_TCMSP_relation_set_v1.1.0
221493,1,2,猴枣 | 麻黄,1,MOL009807,2,primary_direct,adjudicated_TCMSP_relation_set_v1.1.0
221523,1,1,桔梗,1,MOL006005,1,primary_direct,adjudicated_TCMSP_relation_set_v1.1.0
221580,1,1,胡椒,1,MOL002840,1,primary_direct,adjudicated_TCMSP_relation_set_v1.1.0
221641,1,1,苏合香,1,MOL003784,1,primary_direct,adjudicated_TCMSP_relation_set_v1.1.0
222064,1,1,瓦松,1,MOL007598,1,primary_direct,adjudicated_TCMSP_relation_set_v1.1.0
222284,1,245,丁香 | 三七 | 三七花 | 三棱 | 两面针 | 乌敛莓 | 乌梅 | 乌药 | 了哥王根 | 云芝 | 亚麻子 | 人参 | 仙茅 | 余甘子 | 侧柏叶 | 八角莲 | 关黄柏 | 冬葵果 | 冬虫夏草 | 凌霄花 | 凤仙透骨草 | 凤眼草 | 前胡 | 功劳木 | 化橘红 | 北刘寄奴 | 北沙参 | 千年健 | 千金子 | 半夏 | 半枝莲 | 南沙参 | 南蛇藤果 | 吴茱萸 | 四季青 | 土茯苓 | 土荆皮 | 土贝母 | 地榆 | 地耳草 | 地骨皮 | 垂盆草 | 夏枯草 | 大枣 | 大血藤 | 大青叶 | 大黄 | 天冬 | 天南星 | 天山雪莲 | 太子参 | 女贞子 | 委陵菜 | 威灵仙 | 寻骨风 | 小茴香 | 山慈菇 | 山茱萸 | 川射干 | 川木通 | 川牛膝 | 川贝母 | 巴戟天 | 巴豆 | 布渣叶 | 干姜 | 广枣 | 当归 | 急性子 | 拳参 | 旋覆花 | 景天三七 | 木棉花 | 木蝴蝶 | 木贼 | 木通 | 木鳖子 | 杜仲 | 板蓝根 | 枇杷叶 | 枳壳 | 枳椇子 | 枸杞子 | 枸骨叶 | 柿蒂 | 栀子 | 桂枝 | 桃仁 | 桑叶 | 桑白皮 | 椿皮 | 楮实子 | 槐花 | 槲寄生 | 橘红 | 款冬花 | 水红花子 | 沙棘 | 沙苑子 | 没药 | 泽兰 | 泽漆 | 浙贝母 | 浮萍 | 海金沙 | 满山红 | 漏芦 | 灵芝 | 牛膝 | 牛蒡子 | 牡荆子 | 牵牛子 | 独活 | 猕猴桃根 | 猫爪草 | 玄参 | 玫瑰花 | 瓦松 | 生姜 | 白前 | 白头翁 | 白果 | 白毛夏枯草 | 白芍 | 白花蛇舌草 | 白芷 | 白茅根 | 白蔹 | 白薇 | 白附子 | 白鲜皮 | 百合 | 百部 | 皂角刺 | 石榴皮 | 石见穿 | 石韦 | 砂仁 | 禹州漏芦 | 秦皮 | 秦艽 | 紫花前胡 | 紫苏 | 紫苏子 | 紫菀 | 红参 | 红芪 | 红花 | 续断 | 罗汉果 | 羌活 | 翻白草 | 肉苁蓉 | 肉豆蔻 | 肿节风 | 胖大海 | 胡芦巴 | 胡黄连 | 艾叶 | 芫荽 | 花椒 | 花生衣 | 苍耳子 | 苎麻根 | 苦丁茶 | 苦楝子 | 苦楝皮 | 茜草 | 茵陈 | 荆芥 | 草苁蓉 | 荔枝核 | 荜澄茄 | 菊花 | 菊苣 | 菝葜 | 菟丝子 | 葎草 | 葛根 | 葛花 | 葶苈子 | 蒲黄 | 蒿本 | 蓼大青叶 | 蕤仁 | 薤白 | 虎杖 | 蛇床子 | 西河柳 | 西洋参 | 覆盆子 | 豨莶草 | 败酱草 | 赤芍 | 路路通 | 连翘 | 连钱草 | 郁金 | 野菊花 | 金樱子 | 金沸草 | 金荞麦 | 金莲花 | 金银花 | 钩藤 | 银杏叶 | 锦灯笼 | 防己 | 防风 | 降香 | 雷公藤 | 青果 | 青葙子 | 青风藤 | 青黛 | 韭菜子 | 预知子 | 香加皮 | 香橼 | 香薷 | 香附 | 马兜铃 | 马勃 | 马尾莲 | 马鞭草 | 马齿苋 | 骨碎补 | 高良姜 | 鬼箭羽 | 鸡屎藤 | 鸡血藤 | 鸡骨草 | 鸦胆子 | 鸭跖草 | 鹅不食草 | 鹿衔草 | 麦芽 | 麻黄 | 麻黄根 | 黄柏 | 黄精 | 黄芩 | 黄药子 | 黑豆 | 鼠曲草,1,MOL000358,245,primary_direct,adjudicated_TCMSP_relation_set_v1.1.0
222285,1,4,千年健 | 半夏 | 徐长卿 | 沙棘,1,MOL000697,4,primary_direct,adjudicated_TCMSP_relation_set_v1.1.0
222656,1,29,乌梅 | 使君子 | 大枣 | 大青叶 | 山茱萸 | 广枣 | 木瓜 | 枇杷叶 | 枸杞子 | 桑椹 | 款冬花 | 沙棘 | 玉米须 | 玫瑰花 | 玳玳花 | 白屈菜 | 白茅根 | 砂仁 | 芦荟 | 苍耳子 | 荠菜 | 荷叶 | 菊苣 | 蒲黄 | 虎杖 | 覆盆子 | 辣椒 | 金樱子 | 马齿苋,1,MOL001468,29,primary_direct,adjudicated_TCMSP_relation_set_v1.1.0
225711,1,1,冬葵果,1,MOL008342,1,primary_direct,adjudicated_TCMSP_relation_set_v1.1.0
225936,1,10,丁香 | 厚朴 | 山茱萸 | 木瓜 | 木贼 | 桑椹 | 白芍 | 荔枝核 | 麦芽 | 黑芝麻,1,MOL001893,10,primary_direct,adjudicated_TCMSP_relation_set_v1.1.0
226486,1,5,枇杷叶 | 灯盏细辛 | 细辛 | 肉豆蔻 | 零陵香,1,MOL009238,5,primary_direct,adjudicated_TCMSP_relation_set_v1.1.0
227829,1,14,北刘寄奴 | 厚朴 | 桂枝 | 沉香 | 独活 | 生姜 | 石菖蒲 | 砂仁 | 羌活 | 苍术 | 郁金 | 金银花 | 麻黄 | 黑老虎,1,MOL000171,14,primary_direct,adjudicated_TCMSP_relation_set_v1.1.0
237332,1,40,三棱 | 党参 | 北五味子 | 半夏 | 半边莲 | 土茯苓 | 土贝母 | 天冬 | 天葵子 | 威灵仙 | 川楝子 | 木瓜 | 木通 | 杜仲 | 板蓝根 | 橘红 | 泽泻 | 熟地黄 | 牛膝 | 猫爪草 | 玄参 | 玉竹 | 瓜蒌 | 甘遂 | 白茅根 | 石菖蒲 | 砂仁 | 红花 | 细辛 | 苦楝皮 | 菊苣 | 葶苈子 | 铁丝威灵仙 | 银柴胡 | 陈皮 | 马勃 | 骨碎补 | 麦芽 | 麻黄 | 黄精,1,MOL000748,40,primary_direct,adjudicated_TCMSP_relation_set_v1.1.0
238797,1,2,北五味子 | 北沙参,1,MOL001948,2,primary_direct,adjudicated_TCMSP_relation_set_v1.1.0
246983,1,5,京大戟 | 枸杞子 | 沙棘 | 白头翁 | 芫荽,1,MOL001979,5,primary_direct,adjudicated_TCMSP_relation_set_v1.1.0
252471,1,1,射干,1,MOL003764,1,primary_direct,adjudicated_TCMSP_relation_set_v1.1.0
253221,1,1,葱白,1,MOL011666,1,primary_direct,adjudicated_TCMSP_relation_set_v1.1.0
259803,1,1,莲子心,1,MOL009157,1,primary_direct,adjudicated_TCMSP_relation_set_v1.1.0
259846,1,42,乌敛莓 | 刀豆 | 北沙参 | 千斤拔 | 大枣 | 山豆根 | 木棉花 | 木蝴蝶 | 板蓝根 | 枸杞子 | 枸骨叶 | 桑寄生 | 槲寄生 | 沙棘 | 泽漆 | 玄参 | 白蔹 | 石菖蒲 | 红花 | 络石藤 | 罗布麻叶 | 肿节风 | 胡芦巴 | 芦荟 | 苦丁茶 | 苦楝子 | 苦楝皮 | 菊花 | 菊苣 | 葛花 | 蚕沙 | 西河柳 | 野菊花 | 金盏菊花 | 零陵香 | 马钱子 | 马齿苋 | 鬼箭羽 | 鸡骨草 | 鹅不食草 | 黄芪 | 龙胆,1,MOL000356,42,primary_direct,adjudicated_TCMSP_relation_set_v1.1.0
259994,1,3,佛手 | 干姜 | 麦芽,1,MOL002498,3,primary_direct,adjudicated_TCMSP_relation_set_v1.1.0
261491,1,7,乳香 | 侧柏叶 | 灵芝 | 细辛 | 艾叶 | 菊花 | 薄荷,1,MOL001242,7,primary_direct,adjudicated_TCMSP_relation_set_v1.1.0
267247,1,1,金沸草,1,MOL013020,1,primary_direct,adjudicated_TCMSP_relation_set_v1.1.0
268208,1,1,甘草,1,MOL004991,1,primary_direct,adjudicated_TCMSP_relation_set_v1.1.0
275196,1,1,罂粟壳,1,MOL009330,1,primary_direct,adjudicated_TCMSP_relation_set_v1.1.0
280225,1,1,北豆根,1,MOL012913,1,primary_direct,adjudicated_TCMSP_relation_set_v1.1.0
283632,1,1,楮实子,1,MOL010422,1,primary_direct,adjudicated_TCMSP_relation_set_v1.1.0
287064,1,6,猫爪草 | 瞿麦 | 紫苏 | 金荞麦 | 金莲花 | 黄连,1,MOL003503,6,primary_direct,adjudicated_TCMSP_relation_set_v1.1.0
292493,1,1,降香,1,MOL002960,1,primary_direct,adjudicated_TCMSP_relation_set_v1.1.0
299664,1,1,百合,1,MOL009458,1,primary_direct,adjudicated_TCMSP_relation_set_v1.1.0
299882,1,2,三七 | 木香,1,MOL007460,2,primary_direct,adjudicated_TCMSP_relation_set_v1.1.0
300476,1,1,枸杞子,1,MOL009643,1,primary_direct,adjudicated_TCMSP_relation_set_v1.1.0
300512,1,1,倒扣草,1,MOL008322,1,primary_direct,adjudicated_TCMSP_relation_set_v1.1.0
303855,1,1,马兜铃,1,MOL012382,1,primary_direct,adjudicated_TCMSP_relation_set_v1.1.0
308072,1,1,吴茱萸,1,MOL004026,1,primary_direct,adjudicated_TCMSP_relation_set_v1.1.0
330573,1,16,侧柏叶 | 厚朴 | 柴胡 | 橘络 | 满山红 | 生姜 | 砂仁 | 艾叶 | 芫荽 | 菊花 | 薄荷 | 辛夷 | 防己 | 青果 | 青蒿 | 黑老虎,1,MOL002002,16,primary_direct,adjudicated_TCMSP_relation_set_v1.1.0
332427,1,6,板蓝根 | 辣椒 | 连翘 | 青黛 | 鸡屎藤 | 黄芪,1,MOL000416,6,primary_direct,adjudicated_TCMSP_relation_set_v1.1.0
372741,1,1,丹参,1,MOL007076,1,primary_direct,adjudicated_TCMSP_relation_set_v1.1.0
373261,1,11,儿茶 | 枳实 | 满山红 | 灯盏细辛 | 皂角刺 | 花生衣 | 金荞麦 | 金银花 | 降香 | 骨碎补 | 黄芩,1,MOL002914,11,primary_direct,adjudicated_TCMSP_relation_set_v1.1.0
385795,1,1,川贝母,1,MOL009595,1,primary_direct,adjudicated_TCMSP_relation_set_v1.1.0
389001,1,1,柴胡,1,MOL004598,1,primary_direct,adjudicated_TCMSP_relation_set_v1.1.0
398554,1,1,板蓝根,1,MOL001805,1,primary_direct,adjudicated_TCMSP_relation_set_v1.1.0
404821,1,1,柴胡,1,MOL004681,1,primary_direct,adjudicated_TCMSP_relation_set_v1.1.0
439242,1,5,决明子 | 泽泻 | 熟地黄 | 白扁豆 | 车前草,1,MOL000841,5,primary_direct,adjudicated_TCMSP_relation_set_v1.1.0
439250,1,67,一枝黄花 | 乌药 | 乳香 | 仙鹤草 | 佛手 | 化橘红 | 千年健 | 千金子 | 南蛇藤果 | 墓头回 | 女贞子 | 小茴香 | 山柰 | 川芎 | 常山 | 广藿香 | 枳壳 | 枳实 | 柴胡 | 桂枝 | 桑叶 | 梅花 | 槟榔 | 橘叶 | 橘红 | 橘络 | 檀香 | 漏芦 | 牡荆叶 | 玳玳花 | 甘松 | 生姜 | 白芷 | 砂仁 | 积雪草 | 紫苏 | 细辛 | 肉桂 | 肉豆蔻 | 胡椒 | 艾叶 | 芥子 | 芫荽 | 花椒 | 苏合香 | 荆芥 | 荜澄茄 | 蒿本 | 蔓荆子 | 薄荷 | 豆蔻 | 贯叶金丝桃 | 连钱草 | 郁金 | 防风 | 青皮 | 青蒿 | 香橼 | 香茅 | 香附 | 马兜铃 | 高良姜 | 鱼腥草 | 麻黄 | 黄柏 | 黑老虎 | 黑芝麻,1,MOL000234,67,primary_direct,adjudicated_TCMSP_relation_set_v1.1.0
439336,1,2,冬虫夏草 | 决明子,1,MOL006480,2,primary_direct,adjudicated_TCMSP_relation_set_v1.1.0
439353,1,4,冬虫夏草 | 山药 | 柴胡 | 金樱子,1,MOL004668,4,primary_direct,adjudicated_TCMSP_relation_set_v1.1.0
439503,1,1,半边莲,1,MOL012219,1,primary_direct,adjudicated_TCMSP_relation_set_v1.1.0
439570,1,20,乳香 | 厚朴 | 吴茱萸 | 柴胡 | 灵芝 | 生姜 | 砂仁 | 紫苏 | 细辛 | 胡椒 | 艾叶 | 芫荽 | 荆芥 | 菊花 | 蒿本 | 薄荷 | 豆蔻 | 银杏叶 | 防风 | 麻黄,1,MOL000271,20,primary_direct,adjudicated_TCMSP_relation_set_v1.1.0
439654,1,4,丁公藤 | 延胡索 | 白屈菜 | 苦地丁,1,MOL000217,4,primary_direct,adjudicated_TCMSP_relation_set_v1.1.0
439680,1,6,人参 | 冬虫夏草 | 天花粉 | 山药 | 鸭跖草 | 黄精,1,MOL005367,6,primary_direct,adjudicated_TCMSP_relation_set_v1.1.0
440735,1,7,半枝莲 | 女贞子 | 水红花子 | 薄荷 | 骨碎补 | 麻黄 | 麻黄根,1,MOL005190,7,primary_direct,adjudicated_TCMSP_relation_set_v1.1.0
440833,1,4,槟榔 | 花生衣 | 香附 | 麻黄,1,MOL010489,4,primary_direct,adjudicated_TCMSP_relation_set_v1.1.0
440917,1,60,乳香 | 人参叶 | 佛手 | 佩兰 | 八角茴香 | 冰片 | 凌霄花 | 北五味子 | 北刘寄奴 | 千年健 | 厚朴 | 吴茱萸 | 姜黄 | 巴戟天 | 干姜 | 当归 | 松节 | 枇杷叶 | 柴胡 | 栀子 | 桂枝 | 桑叶 | 桑寄生 | 檀香 | 没药 | 满山红 | 牡荆子 | 独活 | 玫瑰花 | 玳玳花 | 生姜 | 白术 | 白芷 | 百合 | 禹州漏芦 | 紫花地丁 | 紫苏 | 紫苏子 | 细辛 | 羌活 | 芫荽 | 苍耳子 | 苦丁茶 | 荆芥 | 荆芥穗 | 莪术 | 菊花 | 薄荷 | 藁本 | 蛇床子 | 赤芍 | 辛夷 | 辣椒 | 连翘 | 防风 | 青果 | 香薷 | 马鞭草 | 鱼腥草 | 鸡血藤,1,MOL000023,60,primary_direct,adjudicated_TCMSP_relation_set_v1.1.0
440966,1,22,北五味子 | 干姜 | 枇杷叶 | 桂枝 | 满山红 | 生姜 | 白芷 | 紫苏 | 细辛 | 艾叶 | 芫荽 | 花椒 | 苏合香 | 菊花 | 蒿本 | 蔓荆子 | 薄荷 | 防风 | 青果 | 香橼 | 香薷 | 鱼腥草,1,MOL002453,22,primary_direct,adjudicated_TCMSP_relation_set_v1.1.0
440967,1,69,一枝黄花 | 丁香 | 乌药 | 乳香 | 仙鹤草 | 佛手 | 佩兰 | 北五味子 | 千年健 | 厚朴 | 地枫皮 | 墓头回 | 夏枯草 | 女贞子 | 小茴香 | 山柰 | 山茱萸 | 川芎 | 干姜 | 广藿香 | 木贼 | 松节 | 枇杷叶 | 枳壳 | 柴胡 | 桂枝 | 没药 | 满山红 | 牡荆叶 | 甘松 | 百合 | 益智 | 砂仁 | 积雪草 | 紫苏 | 紫苏子 | 细辛 | 羌活 | 肉桂 | 肉豆蔻 | 胡椒 | 艾叶 | 芫荽 | 花椒 | 苍耳子 | 苏合香 | 茵陈 | 草果 | 荜澄茄 | 荜茇 | 蔓荆子 | 薄荷 | 蛇床子 | 覆盆子 | 豆蔻 | 辛夷 | 连翘 | 连钱草 | 郁金 | 金钱草 | 青蒿 | 香橼 | 香薷 | 香附 | 马兜铃 | 高良姜 | 鸡屎藤 | 麻黄 | 黑老虎,1,MOL000126,69,primary_direct,adjudicated_TCMSP_relation_set_v1.1.0
440968,1,102,一枝黄花 | 丁香 | 乌药 | 乳香 | 仙鹤草 | 佛手 | 佩兰 | 党参 | 八角茴香 | 凌霄花 | 前胡 | 北五味子 | 千年健 | 南鹤虱 | 厚朴 | 吴茱萸 | 地枫皮 | 墓头回 | 大青叶 | 女贞子 | 小茴香 | 山柰 | 川芎 | 巴戟天 | 常山 | 干姜 | 当归 | 断血流 | 木棉花 | 木香 | 松节 | 枇杷叶 | 柴胡 | 桂枝 | 桑寄生 | 桑椹 | 梅花 | 橘叶 | 橘红 | 橘络 | 水红花子 | 没药 | 满山红 | 灵芝 | 牡荆叶 | 牡荆子 | 玉米须 | 玳玳花 | 甘松 | 生姜 | 白芷 | 百合 | 砂仁 | 积雪草 | 紫花前胡 | 紫苏 | 细辛 | 羌活 | 肉桂 | 肉豆蔻 | 胡椒 | 艾叶 | 芫荽 | 花椒 | 苏合香 | 荆芥 | 草果 | 荜澄茄 | 荜茇 | 菊花 | 蒲黄 | 蒿本 | 蔓荆子 | 薄荷 | 藁本 | 蛇床子 | 覆盆子 | 豆蔻 | 贯叶金丝桃 | 辛夷 | 辣椒 | 连翘 | 连钱草 | 郁金 | 金钱草 | 金银花 | 银杏叶 | 防风 | 陈皮 | 降香 | 零陵香 | 青皮 | 青蒿 | 香橼 | 香薷 | 香附 | 马兜铃 | 鬼针草 | 鸡屎藤 | 麻黄 | 黑老虎 | 黑芝麻,1,MOL000125,102,primary_direct,adjudicated_TCMSP_relation_set_v1.1.0
441005,1,44,一枝黄花 | 丁香 | 乌敛莓 | 伸筋草 | 佩兰 | 北五味子 | 吴茱萸 | 土茯苓 | 枸杞子 | 柴胡 | 桂枝 | 椿皮 | 没药 | 满山红 | 灵芝 | 牡荆叶 | 生姜 | 白芷 | 紫苏 | 紫苏子 | 红参 | 细辛 | 羌活 | 肉桂 | 胡椒 | 艾叶 | 花椒 | 荆芥 | 莪术 | 菊花 | 蒿本 | 蔓荆子 | 薄荷 | 覆盆子 | 豨莶草 | 辛夷 | 郁金 | 金银花 | 防己 | 防风 | 陈皮 | 香薷 | 高良姜 | 麻黄,1,MOL000615,44,primary_direct,adjudicated_TCMSP_relation_set_v1.1.0
441564,1,1,板蓝根,1,MOL001826,1,primary_direct,adjudicated_TCMSP_relation_set_v1.1.0
441574,1,5,北刘寄奴 | 巴戟天 | 薏苡仁 | 银杏叶 | 黄柏,1,MOL008120,5,primary_direct,adjudicated_TCMSP_relation_set_v1.1.0
441581,1,1,两头尖,1,MOL000540,1,primary_direct,adjudicated_TCMSP_relation_set_v1.1.0
441644,1,2,巴戟天 | 柴胡,1,MOL004610,2,primary_direct,adjudicated_TCMSP_relation_set_v1.1.0
441678,1,4,京大戟 | 千金子 | 猫眼草 | 甘遂,1,MOL002597,4,primary_direct,adjudicated_TCMSP_relation_set_v1.1.0
441826,1,1,白毛夏枯草,1,MOL007751,1,primary_direct,adjudicated_TCMSP_relation_set_v1.1.0
441828,1,3,倒扣草 | 桑叶 | 牛膝,1,MOL012456,3,primary_direct,adjudicated_TCMSP_relation_set_v1.1.0
441835,1,1,川牛膝,1,MOL012295,1,primary_direct,adjudicated_TCMSP_relation_set_v1.1.0
442027,1,2,丹参 | 蔓荆子,1,MOL007107,2,primary_direct,adjudicated_TCMSP_relation_set_v1.1.0
442134,1,1,半边莲,1,MOL012231,1,primary_direct,adjudicated_TCMSP_relation_set_v1.1.0
442154,1,2,儿茶 | 麻黄,1,MOL008422,2,primary_direct,adjudicated_TCMSP_relation_set_v1.1.0
442347,1,5,八角茴香 | 款冬花 | 生姜 | 菊花 | 辛夷,1,MOL010044,5,primary_direct,adjudicated_TCMSP_relation_set_v1.1.0
442353,1,10,丹参 | 北五味子 | 厚朴 | 当归 | 细辛 | 羌活 | 苍术 | 菊花 | 蛇床子 | 防风,1,MOL000162,10,primary_direct,adjudicated_TCMSP_relation_set_v1.1.0
442360,1,30,侧柏叶 | 党参 | 功劳木 | 南鹤虱 | 天南星 | 姜黄 | 安息香 | 山茱萸 | 川芎 | 巴戟天 | 干姜 | 木香 | 柴胡 | 桂枝 | 桑叶 | 檀香 | 没药 | 独活 | 生姜 | 白术 | 白芷 | 细辛 | 艾叶 | 莪术 | 菊花 | 蒿本 | 藁本 | 蛇床子 | 西洋参 | 金钱草,1,MOL000027,30,primary_direct,adjudicated_TCMSP_relation_set_v1.1.0
442393,1,41,一枝黄花 | 人参 | 八角茴香 | 凌霄花 | 前胡 | 厚朴 | 垂盆草 | 天南星 | 川芎 | 广藿香 | 当归 | 断血流 | 栀子 | 桂枝 | 桑叶 | 椿皮 | 满山红 | 牛蒡子 | 生姜 | 白术 | 白芷 | 石菖蒲 | 紫花前胡 | 紫苏 | 羌活 | 肉桂 | 花椒 | 苍耳子 | 莪术 | 菊花 | 葎草 | 蛇床子 | 覆盆子 | 辛夷 | 郁金 | 金钱草 | 防风 | 香薷 | 香附 | 黄芩 | 鼠曲草,1,MOL000035,41,primary_direct,adjudicated_TCMSP_relation_set_v1.1.0
442397,1,1,儿茶,1,MOL008432,1,primary_direct,adjudicated_TCMSP_relation_set_v1.1.0
442461,1,16,乳香 | 佛手 | 枇杷叶 | 独活 | 生姜 | 紫苏 | 细辛 | 芫荽 | 花椒 | 茵陈 | 莪术 | 蒿本 | 蔓荆子 | 覆盆子 | 香橼 | 香薷,1,MOL000916,16,primary_direct,adjudicated_TCMSP_relation_set_v1.1.0
442474,1,11,丹参 | 伸筋草 | 没药 | 砂仁 | 肿节风 | 芫荽 | 菊花 | 蔓荆子 | 青蒿 | 鹅不食草 | 麻黄,1,MOL001103,11,primary_direct,adjudicated_TCMSP_relation_set_v1.1.0
442482,1,22,乌敛莓 | 千年健 | 夏枯草 | 川芎 | 枳实 | 桂枝 | 生姜 | 白芷 | 紫苏 | 细辛 | 肉桂 | 肉豆蔻 | 芫荽 | 花椒 | 菊花 | 蒿本 | 薄荷 | 西红花 | 辣椒 | 青果 | 香橼 | 香薷,1,MOL000698,22,primary_direct,adjudicated_TCMSP_relation_set_v1.1.0
442484,1,8,乌药 | 侧柏叶 | 北五味子 | 厚朴 | 吴茱萸 | 川芎 | 干姜 | 木香,1,MOL002028,8,primary_direct,adjudicated_TCMSP_relation_set_v1.1.0
442495,1,16,北刘寄奴 | 升麻 | 柴胡 | 淫羊藿 | 白头翁 | 积雪草 | 紫苏 | 细辛 | 肉苁蓉 | 苦杏仁 | 荆芥 | 薄荷 | 西洋参 | 金钱草 | 麻黄 | 黄芩,1,MOL001972,16,primary_direct,adjudicated_TCMSP_relation_set_v1.1.0
442501,1,21,侧柏叶 | 冰片 | 北刘寄奴 | 巴戟天 | 当归 | 昆布 | 没药 | 满山红 | 独活 | 细辛 | 羌活 | 茺蔚子 | 菊花 | 蔓荆子 | 藁本 | 豆蔻 | 败酱草 | 辛夷 | 辣椒 | 连翘 | 金银花,1,MOL000232,21,primary_direct,adjudicated_TCMSP_relation_set_v1.1.0
442510,1,3,白花菜子 | 苍耳子 | 防风,1,MOL000011,3,primary_direct,adjudicated_TCMSP_relation_set_v1.1.0
442647,1,1,半边莲,1,MOL012208,1,primary_direct,adjudicated_TCMSP_relation_set_v1.1.0
442657,1,1,垂盆草,1,MOL002074,1,primary_direct,adjudicated_TCMSP_relation_set_v1.1.0
442662,1,1,柴胡,1,MOL004646,1,primary_direct,adjudicated_TCMSP_relation_set_v1.1.0
442668,1,1,川牛膝,1,MOL012286,1,primary_direct,adjudicated_TCMSP_relation_set_v1.1.0
442695,1,1,白及,1,MOL005775,1,primary_direct,adjudicated_TCMSP_relation_set_v1.1.0
442702,1,1,白及,1,MOL005769,1,primary_direct,adjudicated_TCMSP_relation_set_v1.1.0
442711,1,1,白及,1,MOL005767,1,primary_direct,adjudicated_TCMSP_relation_set_v1.1.0
442761,1,1,决明子,1,MOL006485,1,primary_direct,adjudicated_TCMSP_relation_set_v1.1.0
442972,1,3,伊贝母 | 川贝母 | 杜仲,1,MOL009027,3,primary_direct,adjudicated_TCMSP_relation_set_v1.1.0
443144,1,1,垂盆草,1,MOL002064,1,primary_direct,adjudicated_TCMSP_relation_set_v1.1.0
443156,1,31,乳香 | 八角茴香 | 冰片 | 千年健 | 厚朴 | 吴茱萸 | 山柰 | 川芎 | 常山 | 当归 | 松节 | 柴胡 | 桂枝 | 没药 | 玳玳花 | 甘松 | 砂仁 | 羌活 | 胡椒 | 芫荽 | 荜澄茄 | 荜茇 | 蒿本 | 藁本 | 豆蔻 | 连翘 | 郁金 | 锦灯笼 | 青蒿 | 高良姜 | 鬼针草,1,MOL000270,31,primary_direct,adjudicated_TCMSP_relation_set_v1.1.0
443158,1,105,丁香 | 丹参 | 乌梅 | 乳香 | 仙鹤草 | 伸筋草 | 佩兰 | 八角茴香 | 八角莲 | 功劳木 | 化橘红 | 北五味子 | 十大功劳叶 | 千年健 | 升麻 | 南蛇藤果 | 南鹤虱 | 厚朴 | 吴茱萸 | 土茯苓 | 地枫皮 | 天南星 | 女贞子 | 川芎 | 巴戟天 | 干姜 | 月季花 | 木瓜 | 木香 | 枇杷叶 | 柴胡 | 桂枝 | 桑叶 | 桑椹 | 椿皮 | 槟榔 | 橘红 | 沉香 | 沙棘 | 淫羊藿 | 满山红 | 灯心草 | 灵芝 | 牡荆叶 | 牵牛子 | 玉米须 | 玫瑰花 | 玳玳花 | 甘松 | 生姜 | 白芷 | 百合 | 矮地茶 | 石菖蒲 | 砂仁 | 积雪草 | 紫苏 | 紫苏子 | 细辛 | 绞股蓝 | 老鹳草 | 肉桂 | 肉豆蔻 | 胡椒 | 芦根 | 芫荽 | 花椒 | 苍耳子 | 苏合香 | 苦丁茶 | 苦杏仁 | 荆芥 | 荜澄茄 | 荜茇 | 菊花 | 菟丝子 | 葛花 | 蒿本 | 蔓荆子 | 薄荷 | 蛇床子 | 覆盆子 | 豆蔻 | 辣椒 | 连翘 | 连钱草 | 郁金 | 金荞麦 | 金钱草 | 银杏叶 | 防风 | 陈皮 | 零陵香 | 青皮 | 青蒿 | 香橼 | 香茅 | 香薷 | 马鞭草 | 高良姜 | 鱼腥草 | 鸡屎藤 | 麻黄 | 黄芩 | 鼠曲草,1,MOL000198,105,primary_direct,adjudicated_TCMSP_relation_set_v1.1.0
443160,1,30,乌药 | 乳香 | 佩兰 | 侧柏叶 | 八角茴香 | 冰片 | 前胡 | 厚朴 | 吴茱萸 | 地枫皮 | 小茴香 | 山柰 | 川芎 | 干姜 | 木香 | 款冬花 | 没药 | 牡荆叶 | 独活 | 生姜 | 砂仁 | 紫花前胡 | 羌活 | 肉豆蔻 | 艾叶 | 藁本 | 豆蔻 | 郁金 | 香薷 | 黄柏,1,MOL000200,30,primary_direct,adjudicated_TCMSP_relation_set_v1.1.0
443161,1,21,丹参 | 乳香 | 桂枝 | 生姜 | 石菖蒲 | 紫苏 | 细辛 | 胡椒 | 芫荽 | 花椒 | 荆芥 | 菊花 | 蒿本 | 蔓荆子 | 薄荷 | 藁本 | 豆蔻 | 辛夷 | 郁金 | 青果 | 马兜铃,1,MOL000257,21,primary_direct,adjudicated_TCMSP_relation_set_v1.1.0
443162,1,80,乌敛莓 | 乌药 | 仙鹤草 | 伸筋草 | 佛手 | 侧柏叶 | 凌霄花 | 北五味子 | 千年健 | 千斤拔 | 升麻 | 南鹤虱 | 厚朴 | 土茯苓 | 地枫皮 | 天南星 | 山柰 | 山茱萸 | 川芎 | 巴戟天 | 干姜 | 月季花 | 木香 | 枇杷叶 | 柴胡 | 桂枝 | 沙棘 | 淫羊藿 | 牡荆叶 | 玫瑰花 | 玳玳花 | 甘松 | 甘草 | 生姜 | 白芷 | 百合 | 瞿麦 | 知母 | 积雪草 | 紫花地丁 | 紫苏 | 紫苏子 | 细辛 | 肉桂 | 胡椒 | 艾叶 | 芫荽 | 花椒 | 苍耳子 | 苏合香 | 苦丁茶 | 苦杏仁 | 茵陈 | 荆芥 | 草果 | 莪术 | 菊花 | 菟丝子 | 蒿本 | 蔓荆子 | 薄荷 | 蛇床子 | 覆盆子 | 豆蔻 | 辛夷 | 连钱草 | 郁金 | 金钱草 | 银杏叶 | 锦灯笼 | 防风 | 陈皮 | 零陵香 | 青皮 | 青蒿 | 香橼 | 高良姜 | 麻黄 | 黑老虎 | 鼠曲草,1,MOL000118,80,primary_direct,adjudicated_TCMSP_relation_set_v1.1.0
443177,1,6,凌霄花 | 川芎 | 生姜 | 苍耳子 | 香薷 | 麻黄,1,MOL002170,6,primary_direct,adjudicated_TCMSP_relation_set_v1.1.0
443178,1,2,佛手 | 柴胡,1,MOL004709,2,primary_direct,adjudicated_TCMSP_relation_set_v1.1.0
444173,1,2,瓜蒌 | 绞股蓝,1,MOL007173,2,primary_direct,adjudicated_TCMSP_relation_set_v1.1.0
444266,1,6,功劳木 | 大青叶 | 大黄 | 杜仲 | 板蓝根 | 连钱草,1,MOL001794,6,primary_direct,adjudicated_TCMSP_relation_set_v1.1.0
444294,1,15,侧柏叶 | 冰片 | 千斤拔 | 半枝莲 | 巴戟天 | 玉竹 | 白芷 | 肉豆蔻 | 芫荽 | 莪术 | 菊花 | 薄荷 | 辛夷 | 青蒿 | 黄芩,1,MOL000669,15,primary_direct,adjudicated_TCMSP_relation_set_v1.1.0
444539,1,23,一枝黄花 | 凌霄花 | 半枝莲 | 大黄 | 安息香 | 川贝母 | 木瓜 | 桂枝 | 牵牛子 | 玄参 | 白及 | 白附子 | 石上柏 | 紫苏 | 肉桂 | 芦荟 | 苏合香 | 苦楝子 | 荆芥 | 草苁蓉 | 车前草 | 骨碎补 | 麻黄,1,MOL002295,23,primary_direct,adjudicated_TCMSP_relation_set_v1.1.0
444637,1,5,凌霄花 | 半枝莲 | 杜仲叶 | 满山红 | 马兜铃,1,MOL012265,5,primary_direct,adjudicated_TCMSP_relation_set_v1.1.0
444679,1,17,云芝 | 冬虫夏草 | 娑罗子 | 山药 | 川木通 | 广枣 | 火麻仁 | 灵芝 | 牛黄 | 猪苓 | 白头翁 | 芫荽 | 茯苓 | 菝葜 | 薏苡仁 | 蚕沙 | 雷丸,1,MOL000298,17,primary_direct,adjudicated_TCMSP_relation_set_v1.1.0
444683,1,1,人参叶,1,MOL012643,1,primary_direct,adjudicated_TCMSP_relation_set_v1.1.0
444718,1,1,天山雪莲,1,MOL009294,1,primary_direct,adjudicated_TCMSP_relation_set_v1.1.0
444791,1,1,鸡骨草,1,MOL013319,1,primary_direct,adjudicated_TCMSP_relation_set_v1.1.0
444899,1,13,使君子 | 冬虫夏草 | 昆布 | 柏子仁 | 桑叶 | 水飞蓟 | 火麻仁 | 益母草 | 紫苏子 | 芦荟 | 荜澄茄 | 蒲黄 | 马齿苋,1,MOL001439,13,primary_direct,adjudicated_TCMSP_relation_set_v1.1.0
445070,1,20,丁香 | 三七 | 千斤拔 | 枇杷叶 | 栀子 | 桂枝 | 桑叶 | 生姜 | 白芷 | 矮地茶 | 紫苏 | 艾叶 | 芫荽 | 菊花 | 豆蔻 | 辛夷 | 郁金 | 金银花 | 银杏叶 | 麻黄,1,MOL000252,20,primary_direct,adjudicated_TCMSP_relation_set_v1.1.0
445154,1,3,土茯苓 | 桑白皮 | 虎杖,1,MOL012744,3,primary_direct,adjudicated_TCMSP_relation_set_v1.1.0
445238,1,1,桃仁,1,MOL001356,1,primary_direct,adjudicated_TCMSP_relation_set_v1.1.0
445354,1,4,山茱萸 | 绿豆 | 西洋参 | 辣椒,1,MOL005567,4,primary_direct,adjudicated_TCMSP_relation_set_v1.1.0
445612,1,1,干姜,1,MOL002512,1,primary_direct,adjudicated_TCMSP_relation_set_v1.1.0
445638,1,44,三七 | 乌药 | 半夏 | 南瓜子 | 地肤子 | 墓头回 | 大枣 | 山茱萸 | 巴戟天 | 广枣 | 木棉花 | 木蝴蝶 | 板蓝根 | 栀子 | 桑叶 | 楮实子 | 槟榔 | 橘核 | 沙棘 | 火麻仁 | 熟地黄 | 牛蒡子 | 玉竹 | 瓜蒌 | 白果 | 白芷 | 紫苏 | 紫苏子 | 红参 | 红花 | 罗汉果 | 肉桂 | 芦荟 | 芫荽 | 花椒 | 苦杏仁 | 苦楝子 | 西河柳 | 辣椒 | 郁金 | 银杏叶 | 零陵香 | 雷公藤 | 香加皮,1,MOL001739,44,primary_direct,adjudicated_TCMSP_relation_set_v1.1.0
445639,1,117,三七 | 丹参 | 乌药 | 亚麻子 | 仙茅 | 余甘子 | 使君子 | 侧柏叶 | 冬葵果 | 千斤拔 | 千金子 | 半夏 | 半枝莲 | 南瓜子 | 南蛇藤果 | 土茯苓 | 地肤子 | 地骨皮 | 夏枯草 | 大枣 | 大蓟 | 天仙子 | 天葵子 | 娑罗子 | 小茴香 | 川芎 | 巴戟天 | 巴豆 | 干姜 | 广枣 | 延胡索 | 徐长卿 | 无患子 | 无患子皮 | 昆布 | 木蝴蝶 | 木鳖子 | 枸骨叶 | 柏子仁 | 柴胡 | 栀子 | 桂枝 | 桑叶 | 桑椹 | 梧桐子 | 楮实子 | 槐角 | 槟榔 | 橘核 | 檀香 | 水飞蓟 | 沉香 | 沙棘 | 火麻仁 | 灯心草 | 牛蒡子 | 牡丹皮 | 牡荆子 | 牵牛子 | 猫爪草 | 玄参 | 玉米须 | 王不留行 | 瓜蒌 | 甘松 | 甜瓜子 | 白扁豆 | 白芷 | 白附子 | 皂荚子 | 皂角刺 | 砂仁 | 紫苏 | 紫苏子 | 紫草 | 红花 | 绞股蓝 | 罗汉果 | 肉桂 | 肉豆蔻 | 胖大海 | 胡椒 | 芡实 | 芥子 | 芦荟 | 芫荽 | 花椒 | 苍耳子 | 苦杏仁 | 苦楝子 | 荔枝核 | 荜澄茄 | 荠菜 | 葱白 | 葶苈子 | 蓖麻子 | 薏苡仁 | 薤白 | 蛇床子 | 西红花 | 赤芍 | 辣椒 | 郁金 | 金樱子 | 金莲花 | 银杏叶 | 锦灯笼 | 防风 | 韭菜子 | 香加皮 | 马勃 | 马齿苋 | 高良姜 | 麻黄 | 黄柏 | 黑芝麻 | 黑豆,1,MOL000675,117,primary_direct,adjudicated_TCMSP_relation_set_v1.1.0
445789,1,7,北刘寄奴 | 紫苏 | 荆芥 | 葱白 | 薄荷 | 西洋参 | 麻黄,1,MOL008138,7,primary_direct,adjudicated_TCMSP_relation_set_v1.1.0
445858,1,55,亚麻子 | 冬葵果 | 前胡 | 北沙参 | 升麻 | 卷柏 | 土茯苓 | 夏天无 | 天冬 | 天葵子 | 川牛膝 | 川贝母 | 布渣叶 | 当归 | 木贼 | 木通 | 杜仲 | 枇杷叶 | 槲寄生 | 灯盏细辛 | 熟地黄 | 牵牛子 | 独活 | 玄参 | 白花蛇舌草 | 白芷 | 积雪草 | 紫苏 | 红花 | 羌活 | 胡黄连 | 芦根 | 芫荽 | 苍耳子 | 苦楝皮 | 茄根 | 葛花 | 蒿本 | 薄荷 | 藁本 | 豨莶草 | 败酱草 | 贯叶金丝桃 | 车前草 | 连钱草 | 酸枣仁 | 金沸草 | 金荞麦 | 铁线透骨草 | 银杏叶 | 马齿苋 | 麦芽 | 麻黄根 | 黄连 | 龙胆,1,MOL000360,55,primary_direct,adjudicated_TCMSP_relation_set_v1.1.0
445929,1,1,大枣,1,MOL012957,1,primary_direct,adjudicated_TCMSP_relation_set_v1.1.0
446284,1,1,槟榔,1,MOL010485,1,primary_direct,adjudicated_TCMSP_relation_set_v1.1.0
446575,1,2,前胡 | 紫花前胡,1,MOL013104,2,primary_direct,adjudicated_TCMSP_relation_set_v1.1.0
446626,1,1,山茱萸,1,MOL005484,1,primary_direct,adjudicated_TCMSP_relation_set_v1.1.0
446834,1,1,茵陈,1,MOL008050,1,primary_direct,adjudicated_TCMSP_relation_set_v1.1.0
447466,1,3,常山 | 枇杷叶 | 桔梗,1,MOL005999,3,primary_direct,adjudicated_TCMSP_relation_set_v1.1.0
447765,1,1,黑芝麻,1,MOL009816,1,primary_direct,adjudicated_TCMSP_relation_set_v1.1.0
447805,1,1,人参,1,MOL005359,1,primary_direct,adjudicated_TCMSP_relation_set_v1.1.0
448437,1,5,南鹤虱 | 枸杞子 | 红花 | 蚕沙 | 贯叶金丝桃,1,MOL002742,5,primary_direct,adjudicated_TCMSP_relation_set_v1.1.0
448438,1,5,沙棘 | 浮萍 | 紫苏 | 芫荽 | 香橼,1,MOL013354,5,primary_direct,adjudicated_TCMSP_relation_set_v1.1.0
448893,1,5,款冬花 | 牛蒡子 | 牵牛子 | 菊花 | 辣椒,1,MOL005244,5,primary_direct,adjudicated_TCMSP_relation_set_v1.1.0
448996,1,1,柴胡,1,MOL004685,1,primary_direct,adjudicated_TCMSP_relation_set_v1.1.0
449023,1,1,白果,1,MOL011046,1,primary_direct,adjudicated_TCMSP_relation_set_v1.1.0
449093,1,1,火麻仁,1,MOL005031,1,primary_direct,adjudicated_TCMSP_relation_set_v1.1.0
449293,1,1,洋金花,1,MOL011529,1,primary_direct,adjudicated_TCMSP_relation_set_v1.1.0
452707,1,3,款冬花 | 玉米须 | 诃子,1,MOL009133,3,primary_direct,adjudicated_TCMSP_relation_set_v1.1.0
452855,1,1,络石藤,1,MOL000534,1,primary_direct,adjudicated_TCMSP_relation_set_v1.1.0
453548,1,1,柴胡,1,MOL004620,1,primary_direct,adjudicated_TCMSP_relation_set_v1.1.0
454740,1,1,墨旱莲,1,MOL003392,1,primary_direct,adjudicated_TCMSP_relation_set_v1.1.0
457300,1,1,四季青,1,MOL007996,1,primary_direct,adjudicated_TCMSP_relation_set_v1.1.0
457801,1,26,丹参 | 关黄柏 | 冬葵果 | 大青叶 | 山茱萸 | 拳参 | 木通 | 板蓝根 | 桑叶 | 泽漆 | 淫羊藿 | 生姜 | 白果 | 砂仁 | 紫苏 | 红花 | 菊花 | 菊苣 | 萱草根 | 蓼大青叶 | 蛇床子 | 香加皮 | 高良姜 | 鸡屎藤 | 麻黄 | 黄柏,1,MOL001771,26,primary_direct,adjudicated_TCMSP_relation_set_v1.1.0
458010,1,1,白芷,1,MOL005793,1,primary_direct,adjudicated_TCMSP_relation_set_v1.1.0
458096,1,1,淫羊藿,1,MOL004406,1,primary_direct,adjudicated_TCMSP_relation_set_v1.1.0
461835,1,2,菊花 | 金盏菊花,1,MOL011814,2,primary_direct,adjudicated_TCMSP_relation_set_v1.1.0
466155,1,1,白头翁,1,MOL001988,1,primary_direct,adjudicated_TCMSP_relation_set_v1.1.0
470970,1,1,木香,1,MOL010838,1,primary_direct,adjudicated_TCMSP_relation_set_v1.1.0
471007,1,1,灵芝,1,MOL011231,1,primary_direct,adjudicated_TCMSP_relation_set_v1.1.0
471008,1,1,灵芝,1,MOL011235,1,primary_direct,adjudicated_TCMSP_relation_set_v1.1.0
471114,1,1,核桃仁,1,MOL009100,1,primary_direct,adjudicated_TCMSP_relation_set_v1.1.0
471118,1,1,大黄,1,MOL002305,1,primary_direct,adjudicated_TCMSP_relation_set_v1.1.0
471393,1,1,地榆,1,MOL005865,1,primary_direct,adjudicated_TCMSP_relation_set_v1.1.0
471426,1,7,丹参 | 委陵菜 | 月季花 | 矮地茶 | 翻白草 | 豨莶草 | 雷公藤,1,MOL004175,7,primary_direct,adjudicated_TCMSP_relation_set_v1.1.0
471719,1,2,木蝴蝶 | 香薷,1,MOL012108,2,primary_direct,adjudicated_TCMSP_relation_set_v1.1.0
471722,1,2,木蝴蝶 | 香薷,1,MOL012101,2,primary_direct,adjudicated_TCMSP_relation_set_v1.1.0
472768,1,1,天花粉,1,MOL006757,1,primary_direct,adjudicated_TCMSP_relation_set_v1.1.0
473252,1,1,橘红,1,MOL013331,1,primary_direct,adjudicated_TCMSP_relation_set_v1.1.0
475412,1,1,灵芝,1,MOL011252,1,primary_direct,adjudicated_TCMSP_relation_set_v1.1.0
476486,1,1,墨旱莲,1,MOL003386,1,primary_direct,adjudicated_TCMSP_relation_set_v1.1.0
476856,1,2,大血藤 | 肉豆蔻,1,MOL007920,2,primary_direct,adjudicated_TCMSP_relation_set_v1.1.0
478835,1,1,白鲜皮,1,MOL006243,1,primary_direct,adjudicated_TCMSP_relation_set_v1.1.0
479497,1,2,紫草 | 蛇床子,1,MOL003619,2,primary_direct,adjudicated_TCMSP_relation_set_v1.1.0
479500,1,1,紫草,1,MOL007740,1,primary_direct,adjudicated_TCMSP_relation_set_v1.1.0
479502,1,1,紫草,1,MOL007739,1,primary_direct,adjudicated_TCMSP_relation_set_v1.1.0
479503,1,1,紫草,1,MOL007722,1,primary_direct,adjudicated_TCMSP_relation_set_v1.1.0
480774,1,1,甘草,1,MOL004911,1,primary_direct,adjudicated_TCMSP_relation_set_v1.1.0
480777,1,1,甘草,1,MOL005004,1,primary_direct,adjudicated_TCMSP_relation_set_v1.1.0
480780,1,1,甘草,1,MOL005000,1,primary_direct,adjudicated_TCMSP_relation_set_v1.1.0
480783,1,2,海桐皮 | 甘草,1,MOL000445,2,primary_direct,adjudicated_TCMSP_relation_set_v1.1.0
480787,1,1,甘草,1,MOL004879,1,primary_direct,adjudicated_TCMSP_relation_set_v1.1.0
480802,1,1,甘草,1,MOL004868,1,primary_direct,adjudicated_TCMSP_relation_set_v1.1.0
480815,1,1,甘草,1,MOL004869,1,primary_direct,adjudicated_TCMSP_relation_set_v1.1.0
480816,1,1,甘草,1,MOL004870,1,primary_direct,adjudicated_TCMSP_relation_set_v1.1.0
480817,1,1,甘草,1,MOL004874,1,primary_direct,adjudicated_TCMSP_relation_set_v1.1.0
480818,1,1,甘草,1,MOL004873,1,primary_direct,adjudicated_TCMSP_relation_set_v1.1.0
480854,1,1,甘草,1,MOL004803,1,primary_direct,adjudicated_TCMSP_relation_set_v1.1.0
480859,1,1,甘草,1,MOL004811,1,primary_direct,adjudicated_TCMSP_relation_set_v1.1.0
480863,1,1,甘草,1,MOL004995,1,primary_direct,adjudicated_TCMSP_relation_set_v1.1.0
480865,1,1,甘草,1,MOL004877,1,primary_direct,adjudicated_TCMSP_relation_set_v1.1.0
480872,1,1,甘草,1,MOL004977,1,primary_direct,adjudicated_TCMSP_relation_set_v1.1.0
480873,1,1,甘草,1,MOL004959,1,primary_direct,adjudicated_TCMSP_relation_set_v1.1.0
482788,1,1,木香,1,MOL010842,1,primary_direct,adjudicated_TCMSP_relation_set_v1.1.0
485077,1,3,两面针 | 延胡索 | 白屈菜,1,MOL001461,3,primary_direct,adjudicated_TCMSP_relation_set_v1.1.0
485711,1,2,三棱 | 泽兰,1,MOL001310,2,primary_direct,adjudicated_TCMSP_relation_set_v1.1.0
486612,1,2,络石藤 | 连翘,1,MOL000536,2,primary_direct,adjudicated_TCMSP_relation_set_v1.1.0
486614,1,3,杜仲 | 洋金花 | 骨碎补,1,MOL009011,3,primary_direct,adjudicated_TCMSP_relation_set_v1.1.0
489920,1,1,金盏菊花,1,MOL006100,1,primary_direct,adjudicated_TCMSP_relation_set_v1.1.0
489922,1,1,木鳖子,1,MOL012370,1,primary_direct,adjudicated_TCMSP_relation_set_v1.1.0
489948,1,1,没药,1,MOL001047,1,primary_direct,adjudicated_TCMSP_relation_set_v1.1.0
490365,1,1,枸骨叶,1,MOL007249,1,primary_direct,adjudicated_TCMSP_relation_set_v1.1.0
490367,1,1,覆盆子,1,MOL008439,1,primary_direct,adjudicated_TCMSP_relation_set_v1.1.0
492218,1,1,黑豆,1,MOL009715,1,primary_direct,adjudicated_TCMSP_relation_set_v1.1.0
493570,1,11,冬虫夏草 | 大枣 | 山楂叶 | 沙棘 | 牛蒡子 | 红花 | 绿豆 | 芡实 | 莱菔子 | 葎草 | 金樱子,1,MOL002730,11,primary_direct,adjudicated_TCMSP_relation_set_v1.1.0
503731,1,1,甘草,1,MOL004882,1,primary_direct,adjudicated_TCMSP_relation_set_v1.1.0
503737,1,3,漏芦 | 甘草 | 苦杏仁,1,MOL004903,3,primary_direct,adjudicated_TCMSP_relation_set_v1.1.0
515384,1,1,云芝,1,MOL012810,1,primary_direct,adjudicated_TCMSP_relation_set_v1.1.0
517733,1,1,川芎,1,MOL002131,1,primary_direct,adjudicated_TCMSP_relation_set_v1.1.0
518986,1,1,斑蝥,1,MOL001847,1,primary_direct,adjudicated_TCMSP_relation_set_v1.1.0
519324,1,3,佛手 | 生姜 | 紫苏,1,MOL013263,3,primary_direct,adjudicated_TCMSP_relation_set_v1.1.0
519382,1,5,土茯苓 | 板蓝根 | 熟地黄 | 生姜 | 麻黄,1,MOL001772,5,primary_direct,adjudicated_TCMSP_relation_set_v1.1.0
519452,1,2,板蓝根 | 芥子,1,MOL001740,2,primary_direct,adjudicated_TCMSP_relation_set_v1.1.0
524508,1,1,板蓝根,1,MOL001730,1,primary_direct,adjudicated_TCMSP_relation_set_v1.1.0
534587,1,1,川贝母,1,MOL009570,1,primary_direct,adjudicated_TCMSP_relation_set_v1.1.0
557916,1,1,斑蝥,1,MOL001849,1,primary_direct,adjudicated_TCMSP_relation_set_v1.1.0
559169,1,1,冬葵果,1,MOL008341,1,primary_direct,adjudicated_TCMSP_relation_set_v1.1.0
578237,1,3,川芎 | 紫苏子 | 郁金,1,MOL002133,3,primary_direct,adjudicated_TCMSP_relation_set_v1.1.0
589098,1,1,板蓝根,1,MOL001759,1,primary_direct,adjudicated_TCMSP_relation_set_v1.1.0
596567,1,1,佛手,1,MOL013259,1,primary_direct,adjudicated_TCMSP_relation_set_v1.1.0
598515,1,1,斑蝥,1,MOL001852,1,primary_direct,adjudicated_TCMSP_relation_set_v1.1.0
606454,1,1,佛手,1,MOL013246,1,primary_direct,adjudicated_TCMSP_relation_set_v1.1.0
611001,1,1,板蓝根,1,MOL001763,1,primary_direct,adjudicated_TCMSP_relation_set_v1.1.0
614550,1,1,斑蝥,1,MOL001848,1,primary_direct,adjudicated_TCMSP_relation_set_v1.1.0
617473,1,1,倒扣草,1,MOL008302,1,primary_direct,adjudicated_TCMSP_relation_set_v1.1.0
618317,1,1,斑蝥,1,MOL001851,1,primary_direct,adjudicated_TCMSP_relation_set_v1.1.0
619402,1,1,丹参,1,MOL007067,1,primary_direct,adjudicated_TCMSP_relation_set_v1.1.0
622085,1,1,丹参,1,MOL007068,1,primary_direct,adjudicated_TCMSP_relation_set_v1.1.0
623940,1,1,丹参,1,MOL007112,1,primary_direct,adjudicated_TCMSP_relation_set_v1.1.0
626354,1,1,丹参,1,MOL007111,1,primary_direct,adjudicated_TCMSP_relation_set_v1.1.0
636475,1,5,佛手 | 白芍 | 紫苏子 | 连翘 | 马兜铃,1,MOL001896,5,primary_direct,adjudicated_TCMSP_relation_set_v1.1.0
637090,1,3,巴豆 | 木瓜 | 辣椒,1,MOL001629,3,primary_direct,adjudicated_TCMSP_relation_set_v1.1.0
637497,1,5,佛手 | 荔枝核 | 辣椒 | 麦芽 | 黑芝麻,1,MOL008658,5,primary_direct,adjudicated_TCMSP_relation_set_v1.1.0
637511,1,15,冬虫夏草 | 升麻 | 半枝莲 | 安息香 | 木香 | 枇杷叶 | 桂枝 | 没药 | 矮地茶 | 紫苏 | 肉桂 | 苏合香 | 郁金 | 银杏叶 | 麻黄,1,MOL000991,15,primary_direct,adjudicated_TCMSP_relation_set_v1.1.0
637517,1,18,三棱 | 亚麻子 | 佛手 | 冬虫夏草 | 墓头回 | 斑蝥 | 梧桐子 | 玉竹 | 白扁豆 | 白果 | 白芷 | 白薇 | 益智 | 紫苏 | 肉豆蔻 | 芫荽 | 西红花 | 谷精草,1,MOL001308,18,primary_direct,adjudicated_TCMSP_relation_set_v1.1.0
637518,1,23,丹参 | 乳香 | 佛手 | 侧柏叶 | 吴茱萸 | 川芎 | 干姜 | 没药 | 牡荆叶 | 砂仁 | 细辛 | 羌活 | 胡椒 | 芫荽 | 菊花 | 蔓荆子 | 薄荷 | 覆盆子 | 辛夷 | 金钱草 | 银杏叶 | 陈皮 | 黑芝麻,1,MOL001055,23,primary_direct,adjudicated_TCMSP_relation_set_v1.1.0
637531,1,8,佛手 | 北五味子 | 厚朴 | 吴茱萸 | 满山红 | 细辛 | 莪术 | 鱼腥草,1,MOL000923,8,primary_direct,adjudicated_TCMSP_relation_set_v1.1.0
637538,1,3,川芎 | 生姜 | 芫荽,1,MOL002129,3,primary_direct,adjudicated_TCMSP_relation_set_v1.1.0
637542,1,46,亚麻子 | 半枝莲 | 夏枯草 | 大枣 | 大蓟 | 山楂叶 | 川贝母 | 布渣叶 | 木蝴蝶 | 杜仲 | 桂枝 | 海金沙 | 灯盏细辛 | 猫爪草 | 玉米须 | 番泻叶 | 白花蛇舌草 | 白茅根 | 石菖蒲 | 羌活 | 芦根 | 芦荟 | 苎麻根 | 荆芥 | 荆芥穗 | 萹蓄 | 葛花 | 蒲黄 | 薄荷 | 薤白 | 蛇床子 | 车前草 | 郁金 | 金沸草 | 金盏菊花 | 金荞麦 | 金银花 | 银杏叶 | 陈皮 | 香茅 | 马兜铃 | 骨碎补 | 鸭跖草 | 麻黄 | 黄芩 | 黄连,1,MOL000771,46,primary_direct,adjudicated_TCMSP_relation_set_v1.1.0
637563,1,32,伸筋草 | 佩兰 | 侧柏叶 | 八角茴香 | 化橘红 | 千斤拔 | 升麻 | 半夏 | 姜黄 | 小茴香 | 山茱萸 | 巴豆 | 广藿香 | 木香 | 桂枝 | 桑叶 | 灵芝 | 甘草 | 白芷 | 瞿麦 | 紫苏 | 紫菀 | 肉桂 | 胡椒 | 芦根 | 芫荽 | 花椒 | 荜茇 | 蒿本 | 覆盆子 | 银杏叶 | 鸡血藤,1,MOL000475,32,primary_direct,adjudicated_TCMSP_relation_set_v1.1.0
637564,1,5,常山 | 柴胡 | 牛蒡子 | 紫苏 | 金银花,1,MOL003060,5,primary_direct,adjudicated_TCMSP_relation_set_v1.1.0
637566,1,35,八角莲 | 化橘红 | 北刘寄奴 | 千年健 | 地枫皮 | 女贞子 | 巴戟天 | 干姜 | 月季花 | 杜仲叶 | 枇杷叶 | 柴胡 | 桂枝 | 桑椹 | 橘红 | 沙棘 | 没药 | 牵牛子 | 玫瑰花 | 玳玳花 | 生姜 | 砂仁 | 紫苏 | 老鹳草 | 芫荽 | 花椒 | 苦杏仁 | 草果 | 藁本 | 辛夷 | 金银花 | 零陵香 | 香橼 | 香茅 | 麻黄,1,MOL000123,35,primary_direct,adjudicated_TCMSP_relation_set_v1.1.0
637775,1,6,升麻 | 川芎 | 芥子 | 马齿苋 | 骨碎补 | 麦芽,1,MOL002152,6,primary_direct,adjudicated_TCMSP_relation_set_v1.1.0
638072,1,17,佛手 | 太子参 | 巴戟天 | 栀子 | 桑叶 | 海金沙 | 牛大力 | 牛蒡子 | 白芷 | 紫苏 | 罗汉果 | 芫花 | 荆芥 | 菊花 | 韭菜子 | 麻黄 | 黄芩,1,MOL001506,17,primary_direct,adjudicated_TCMSP_relation_set_v1.1.0
638278,1,11,垂盆草 | 板蓝根 | 柴胡 | 淫羊藿 | 灯盏细辛 | 甘草 | 肉豆蔻 | 苦杏仁 | 葛花 | 薤白 | 黄精,1,MOL001789,11,primary_direct,adjudicated_TCMSP_relation_set_v1.1.0
638303,1,6,人参 | 半夏 | 无患子 | 板蓝根 | 沙棘 | 黄芩,1,MOL001818,6,primary_direct,adjudicated_TCMSP_relation_set_v1.1.0
638667,1,4,天南星 | 川芎 | 椿皮 | 罗汉果,1,MOL002150,4,primary_direct,adjudicated_TCMSP_relation_set_v1.1.0
640199,1,2,北五味子 | 细辛,1,MOL008984,2,primary_direct,adjudicated_TCMSP_relation_set_v1.1.0
641294,1,2,八角茴香 | 桂枝,1,MOL013205,2,primary_direct,adjudicated_TCMSP_relation_set_v1.1.0
641608,1,1,板蓝根,1,MOL001734,1,primary_direct,adjudicated_TCMSP_relation_set_v1.1.0
642376,1,5,升麻 | 川芎 | 木香 | 白芷 | 蒿本,1,MOL002122,5,primary_direct,adjudicated_TCMSP_relation_set_v1.1.0
642552,1,1,柴胡,1,MOL004588,1,primary_direct,adjudicated_TCMSP_relation_set_v1.1.0
642876,1,1,半枝莲,1,MOL012244,1,primary_direct,adjudicated_TCMSP_relation_set_v1.1.0
643460,1,3,桑椹 | 槟榔 | 瞿麦,1,MOL003505,3,primary_direct,adjudicated_TCMSP_relation_set_v1.1.0
643731,1,2,柏子仁 | 芫荽,1,MOL008154,2,primary_direct,adjudicated_TCMSP_relation_set_v1.1.0
643733,1,1,北五味子,1,MOL008993,1,primary_direct,adjudicated_TCMSP_relation_set_v1.1.0
643779,1,24,仙茅 | 佛手 | 凌霄花 | 化橘红 | 千年健 | 升麻 | 半夏 | 干姜 | 月季花 | 柴胡 | 桑寄生 | 橘红 | 玫瑰花 | 生姜 | 紫苏 | 肉苁蓉 | 芫荽 | 草果 | 荜澄茄 | 藁本 | 辛夷 | 陈皮 | 青皮 | 香茅,1,MOL000127,24,primary_direct,adjudicated_TCMSP_relation_set_v1.1.0
643820,1,19,佛手 | 凌霄花 | 千年健 | 升麻 | 厚朴 | 女贞子 | 枇杷叶 | 玳玳花 | 生姜 | 砂仁 | 紫苏 | 细辛 | 芫荽 | 苍耳子 | 辛夷 | 郁金 | 金银花 | 高良姜 | 鹅不食草,1,MOL000700,19,primary_direct,adjudicated_TCMSP_relation_set_v1.1.0
644160,1,7,小通草 | 木棉花 | 柴胡 | 沙棘 | 芦根 | 通草 | 黄芪,1,MOL000420,7,primary_direct,adjudicated_TCMSP_relation_set_v1.1.0
667495,1,17,乌梅 | 半枝莲 | 广枣 | 橘红 | 水红花子 | 没药 | 灯盏细辛 | 甘松 | 艾叶 | 芫花 | 苦参 | 蒲黄 | 贯众 | 降香 | 马钱子 | 骨碎补 | 鬼箭羽,1,MOL001040,17,primary_direct,adjudicated_TCMSP_relation_set_v1.1.0
676946,1,2,半枝莲 | 辛夷,1,MOL012238,2,primary_direct,adjudicated_TCMSP_relation_set_v1.1.0
677114,1,1,板蓝根,1,MOL001835,1,primary_direct,adjudicated_TCMSP_relation_set_v1.1.0
688025,1,1,半边莲,1,MOL012209,1,primary_direct,adjudicated_TCMSP_relation_set_v1.1.0
689043,1,74,一枝黄花 | 丁公藤 | 丹参 | 亚麻子 | 人参叶 | 仙鹤草 | 北沙参 | 升麻 | 半夏 | 卷柏 | 四季青 | 夏枯草 | 大皂荚 | 天山雪莲 | 女贞子 | 小蓟 | 山楂叶 | 山茱萸 | 山豆根 | 川芎 | 川贝母 | 巴戟天 | 拳参 | 旋覆花 | 木瓜 | 木贼 | 杜仲 | 栀子 | 槲寄生 | 款冬花 | 沙棘 | 灯盏细辛 | 牛蒡子 | 牡丹皮 | 牵牛子 | 玄参 | 玉米须 | 白毛藤 | 皂角刺 | 石菖蒲 | 石见穿 | 秦皮 | 积雪草 | 穿心莲 | 紫苏 | 紫草 | 紫菀 | 红花 | 翻白草 | 肿节风 | 艾叶 | 芦根 | 芫荽 | 苍耳子 | 荆芥 | 草苁蓉 | 菊花 | 菝葜 | 萹蓄 | 薄荷 | 虎耳草 | 贯叶金丝桃 | 车前草 | 连钱草 | 金沸草 | 金盏菊花 | 铁线透骨草 | 银杏叶 | 香茅 | 香薷 | 香附 | 马钱子 | 马齿苋 | 鸡屎藤,1,MOL000223,74,primary_direct,adjudicated_TCMSP_relation_set_v1.1.0
689075,1,7,升麻 | 椿皮 | 灯盏细辛 | 紫苏 | 车前草 | 金银花 | 黄柏,1,MOL006218,7,primary_direct,adjudicated_TCMSP_relation_set_v1.1.0
689222,1,2,八角茴香 | 桂枝,1,MOL010552,2,primary_direct,adjudicated_TCMSP_relation_set_v1.1.0
712316,1,9,土茯苓 | 山药 | 广枣 | 板蓝根 | 桂枝 | 水红花子 | 水飞蓟 | 满山红 | 皂角刺,1,MOL001736,9,primary_direct,adjudicated_TCMSP_relation_set_v1.1.0
736186,1,12,丹参 | 佛手 | 前胡 | 北刘寄奴 | 升麻 | 半边莲 | 荆芥 | 荠菜 | 贯叶金丝桃 | 麦芽 | 黄柏 | 黄芪,1,MOL005928,12,primary_direct,adjudicated_TCMSP_relation_set_v1.1.0
796857,1,1,半枝莲,1,MOL012258,1,primary_direct,adjudicated_TCMSP_relation_set_v1.1.0
820378,1,2,垂盆草 | 景天三七,1,MOL002075,2,primary_direct,adjudicated_TCMSP_relation_set_v1.1.0
821448,1,1,丹参,1,MOL007146,1,primary_direct,adjudicated_TCMSP_relation_set_v1.1.0
855016,1,1,北刘寄奴,1,MOL008131,1,primary_direct,adjudicated_TCMSP_relation_set_v1.1.0
1125227,1,1,板蓝根,1,MOL001822,1,primary_direct,adjudicated_TCMSP_relation_set_v1.1.0
1149877,1,4,化橘红 | 断血流 | 枳实 | 橘红,1,MOL005849,4,primary_direct,adjudicated_TCMSP_relation_set_v1.1.0
1201518,1,21,丹参 | 凌霄花 | 北五味子 | 厚朴 | 巴戟天 | 枇杷叶 | 桂枝 | 桑白皮 | 玉竹 | 石菖蒲 | 砂仁 | 紫苏 | 肉桂 | 艾叶 | 芫荽 | 菊花 | 辛夷 | 连翘 | 郁金 | 金银花 | 零陵香,1,MOL003047,21,primary_direct,adjudicated_TCMSP_relation_set_v1.1.0
1201528,1,7,丁香 | 佩兰 | 柴胡 | 满山红 | 益智 | 香附 | 马兜铃,1,MOL000609,7,primary_direct,adjudicated_TCMSP_relation_set_v1.1.0
1260558,1,2,半夏 | 川贝母,1,MOL006948,2,primary_direct,adjudicated_TCMSP_relation_set_v1.1.0
1268142,1,4,北刘寄奴 | 柴胡 | 蔓荆子 | 香附,1,MOL004067,4,primary_direct,adjudicated_TCMSP_relation_set_v1.1.0
1403454,1,1,牛黄,1,MOL008846,1,primary_direct,adjudicated_TCMSP_relation_set_v1.1.0
1419108,1,1,海金沙,1,MOL002884,1,primary_direct,adjudicated_TCMSP_relation_set_v1.1.0
1548883,1,9,半夏 | 川楝子 | 当归 | 枇杷叶 | 玄参 | 红芪 | 覆盆子 | 黄柏 | 黄芪,1,MOL000389,9,primary_direct,adjudicated_TCMSP_relation_set_v1.1.0
1548943,1,6,党参 | 柴胡 | 白果 | 西洋参 | 辣椒 | 高良姜,1,MOL002579,6,primary_direct,adjudicated_TCMSP_relation_set_v1.1.0
1549026,1,27,丹参 | 乳香 | 北五味子 | 南鹤虱 | 厚朴 | 干姜 | 柴胡 | 桂枝 | 玫瑰花 | 生姜 | 百合 | 砂仁 | 紫苏 | 细辛 | 肉桂 | 艾叶 | 芫荽 | 花椒 | 草果 | 蛇床子 | 豆蔻 | 辛夷 | 防风 | 香橼 | 香茅 | 香薷 | 麻黄,1,MOL000128,27,primary_direct,adjudicated_TCMSP_relation_set_v1.1.0
1549107,1,17,南蛇藤果 | 厚朴 | 干姜 | 木棉花 | 柴胡 | 桂枝 | 玳玳花 | 紫苏 | 罗汉果 | 肉桂 | 芫荽 | 荔枝核 | 菊花 | 豆蔻 | 高良姜 | 麻黄 | 黑老虎,1,MOL000247,17,primary_direct,adjudicated_TCMSP_relation_set_v1.1.0
1549778,1,32,凌霄花 | 十大功劳叶 | 升麻 | 半枝莲 | 南蛇藤果 | 四季青 | 木香 | 杜仲叶 | 枇杷叶 | 柴胡 | 桑叶 | 桑寄生 | 梅花 | 水红花子 | 沙棘 | 海金沙 | 满山红 | 玫瑰花 | 紫苏 | 茺蔚子 | 菊花 | 西河柳 | 西红花 | 辛夷 | 辣椒 | 银杏叶 | 防风 | 降香 | 零陵香 | 香薷 | 麻黄 | 龙脷叶,1,MOL000724,32,primary_direct,adjudicated_TCMSP_relation_set_v1.1.0
1616126,1,3,佛手 | 枇杷叶 | 石菖蒲,1,MOL003572,3,primary_direct,adjudicated_TCMSP_relation_set_v1.1.0
1711945,1,14,丁香 | 凌霄花 | 垂盆草 | 枇杷叶 | 枸杞子 | 柴胡 | 满山红 | 牛大力 | 茺蔚子 | 西河柳 | 银杏叶 | 零陵香 | 麻黄 | 龙脷叶,1,MOL000878,14,primary_direct,adjudicated_TCMSP_relation_set_v1.1.0
1712264,1,1,槟榔,1,MOL010483,1,primary_direct,adjudicated_TCMSP_relation_set_v1.1.0
1713001,1,5,柴胡 | 桑叶 | 玫瑰花 | 菊花 | 银杏叶,1,MOL011598,5,primary_direct,adjudicated_TCMSP_relation_set_v1.1.0
1715097,1,2,北刘寄奴 | 枇杷叶,1,MOL008129,2,primary_direct,adjudicated_TCMSP_relation_set_v1.1.0
1715138,1,1,川贝母,1,MOL009578,1,primary_direct,adjudicated_TCMSP_relation_set_v1.1.0
1715160,1,2,北刘寄奴 | 麻黄,1,MOL008128,2,primary_direct,adjudicated_TCMSP_relation_set_v1.1.0
1794427,1,61,一枝黄花 | 丁公藤 | 丹参 | 八角茴香 | 关黄柏 | 北沙参 | 吴茱萸 | 四季青 | 地耳草 | 天山雪莲 | 小蓟 | 山楂叶 | 拳参 | 旋覆花 | 木瓜 | 木香 | 杜仲 | 杜仲叶 | 枇杷叶 | 栀子 | 桃仁 | 桑叶 | 款冬花 | 沙棘 | 灯盏细辛 | 牛蒡子 | 牵牛子 | 玉米须 | 白茅根 | 百部 | 石韦 | 积雪草 | 穿心莲 | 红花 | 罗布麻叶 | 羌活 | 苍耳子 | 苎麻根 | 苦丁茶 | 苦杏仁 | 茵陈 | 菊花 | 菊苣 | 萹蓄 | 虎耳草 | 西红花 | 贯叶金丝桃 | 车前草 | 金沸草 | 金盏菊花 | 金银花 | 钩藤 | 银杏叶 | 香茅 | 香附 | 马钱子 | 鱼腥草 | 麦芽 | 黄芪 | 黄连 | 鼠曲草,1,MOL001955,61,primary_direct,adjudicated_TCMSP_relation_set_v1.1.0
1810793,1,12,凌霄花 | 半枝莲 | 四季青 | 水红花子 | 海金沙 | 满山红 | 灯心草 | 牛膝 | 白芍 | 瞿麦 | 茺蔚子 | 葶苈子,1,MOL000876,12,primary_direct,adjudicated_TCMSP_relation_set_v1.1.0
1810796,1,22,乌敛莓 | 升麻 | 南沙参 | 天山雪莲 | 杜仲叶 | 柴胡 | 栀子 | 桑叶 | 款冬花 | 沙棘 | 牛大力 | 紫苏 | 苍耳子 | 苦楝子 | 荆芥 | 荠菜 | 菊花 | 谷精草 | 银杏叶 | 防风 | 香薷 | 麻黄,1,MOL001487,22,primary_direct,adjudicated_TCMSP_relation_set_v1.1.0
2723602,1,6,桑椹 | 玉米须 | 艾叶 | 金银花 | 香茅 | 鸡屎藤,1,MOL000777,6,primary_direct,adjudicated_TCMSP_relation_set_v1.1.0
2723631,1,1,大蒜,1,MOL008364,1,primary_direct,adjudicated_TCMSP_relation_set_v1.1.0
2723683,1,2,徐长卿 | 麻黄,1,MOL005609,2,primary_direct,adjudicated_TCMSP_relation_set_v1.1.0
2724159,1,7,乳香 | 南沙参 | 生姜 | 紫苏 | 艾叶 | 败酱草 | 麻黄,1,MOL001254,7,primary_direct,adjudicated_TCMSP_relation_set_v1.1.0
2724161,1,55,伸筋草 | 佩兰 | 八角茴香 | 北五味子 | 千斤拔 | 南蛇藤果 | 南鹤虱 | 厚朴 | 吴茱萸 | 土茯苓 | 女贞子 | 小茴香 | 山柰 | 川芎 | 巴戟天 | 木棉花 | 枇杷叶 | 柴胡 | 桂枝 | 桑寄生 | 梅花 | 橘叶 | 橘络 | 牡荆叶 | 牵牛子 | 玳玳花 | 甘松 | 生姜 | 石菖蒲 | 砂仁 | 竹节参 | 红花 | 羌活 | 肉桂 | 艾叶 | 花椒 | 苏合香 | 苦杏仁 | 荜茇 | 菊花 | 蔓荆子 | 薄荷 | 藁本 | 蛇床子 | 覆盆子 | 贯叶金丝桃 | 郁金 | 银杏叶 | 银柴胡 | 陈皮 | 青蒿 | 香橼 | 高良姜 | 麻黄 | 黑老虎,1,MOL000608,55,primary_direct,adjudicated_TCMSP_relation_set_v1.1.0
2724272,1,2,南瓜子 | 荔枝核,1,MOL010687,2,primary_direct,adjudicated_TCMSP_relation_set_v1.1.0
2724537,1,1,竹沥,1,MOL004468,1,primary_direct,adjudicated_TCMSP_relation_set_v1.1.0
2724896,1,1,矮地茶,1,MOL010991,1,primary_direct,adjudicated_TCMSP_relation_set_v1.1.0
2724897,1,2,生姜 | 莪术,1,MOL000912,2,primary_direct,adjudicated_TCMSP_relation_set_v1.1.0
2724898,1,21,北刘寄奴 | 南蛇藤果 | 柴胡 | 桑寄生 | 玉米须 | 白芷 | 紫花地丁 | 紫苏 | 艾叶 | 芫花 | 芫荽 | 荆芥 | 荆芥穗 | 葛花 | 葱白 | 薄荷 | 辣椒 | 防风 | 鸡屎藤 | 麻黄 | 黄芩,1,MOL000709,21,primary_direct,adjudicated_TCMSP_relation_set_v1.1.0
2724998,1,1,银杏叶,1,MOL011545,1,primary_direct,adjudicated_TCMSP_relation_set_v1.1.0
2728764,1,1,薄荷,1,MOL011613,1,primary_direct,adjudicated_TCMSP_relation_set_v1.1.0
2733294,1,1,梅花,1,MOL010696,1,primary_direct,adjudicated_TCMSP_relation_set_v1.1.0
2733982,1,1,覆盆子,1,MOL008444,1,primary_direct,adjudicated_TCMSP_relation_set_v1.1.0
2734517,1,1,竹沥,1,MOL004484,1,primary_direct,adjudicated_TCMSP_relation_set_v1.1.0
2737541,1,1,玫瑰花,1,MOL010734,1,primary_direct,adjudicated_TCMSP_relation_set_v1.1.0
2751800,1,1,丹参,1,MOL007053,1,primary_direct,adjudicated_TCMSP_relation_set_v1.1.0
2758890,1,1,没药,1,MOL001018,1,primary_direct,adjudicated_TCMSP_relation_set_v1.1.0
2822957,1,1,葶苈子,1,MOL003933,1,primary_direct,adjudicated_TCMSP_relation_set_v1.1.0
3002043,1,2,川芎 | 益智,1,MOL002183,2,primary_direct,adjudicated_TCMSP_relation_set_v1.1.0
3009225,1,1,白芷,1,MOL005792,1,primary_direct,adjudicated_TCMSP_relation_set_v1.1.0
3010930,1,2,杜仲 | 秦皮,1,MOL006709,2,primary_direct,adjudicated_TCMSP_relation_set_v1.1.0
3017295,1,1,云芝,1,MOL012808,1,primary_direct,adjudicated_TCMSP_relation_set_v1.1.0
3032313,1,1,板蓝根,1,MOL001811,1,primary_direct,adjudicated_TCMSP_relation_set_v1.1.0
3032482,1,1,倒扣草,1,MOL008320,1,primary_direct,adjudicated_TCMSP_relation_set_v1.1.0
3033683,1,1,桑叶,1,MOL003876,1,primary_direct,adjudicated_TCMSP_relation_set_v1.1.0
3033866,1,4,墓头回 | 款冬花 | 生姜 | 香薷,1,MOL007948,4,primary_direct,adjudicated_TCMSP_relation_set_v1.1.0
3034394,1,1,蔓荆子,1,MOL011909,1,primary_direct,adjudicated_TCMSP_relation_set_v1.1.0
3034656,1,1,黄芪,1,MOL000386,1,primary_direct,adjudicated_TCMSP_relation_set_v1.1.0
3035728,1,3,大青叶 | 板蓝根 | 青黛,1,MOL001810,3,primary_direct,adjudicated_TCMSP_relation_set_v1.1.0
3037048,1,1,钩藤,1,MOL008471,1,primary_direct,adjudicated_TCMSP_relation_set_v1.1.0
3037151,1,1,钩藤,1,MOL008489,1,primary_direct,adjudicated_TCMSP_relation_set_v1.1.0
3037463,1,1,白果,1,MOL011069,1,primary_direct,adjudicated_TCMSP_relation_set_v1.1.0
3037556,1,4,小通草 | 瓜蒌 | 红花 | 通草,1,MOL002682,4,primary_direct,adjudicated_TCMSP_relation_set_v1.1.0
3037558,1,1,绞股蓝,1,MOL009993,1,primary_direct,adjudicated_TCMSP_relation_set_v1.1.0
3037565,1,1,豨莶草,1,MOL004172,1,primary_direct,adjudicated_TCMSP_relation_set_v1.1.0
3037582,1,1,余甘子,1,MOL006830,1,primary_direct,adjudicated_TCMSP_relation_set_v1.1.0
3037884,1,1,钩藤,1,MOL008465,1,primary_direct,adjudicated_TCMSP_relation_set_v1.1.0
3037997,1,1,钩藤,1,MOL008478,1,primary_direct,adjudicated_TCMSP_relation_set_v1.1.0
3041556,1,1,黄精,1,MOL009755,1,primary_direct,adjudicated_TCMSP_relation_set_v1.1.0
3047739,1,2,半边莲 | 白头翁,1,MOL002000,2,primary_direct,adjudicated_TCMSP_relation_set_v1.1.0
3050416,1,1,木棉花,1,MOL008772,1,primary_direct,adjudicated_TCMSP_relation_set_v1.1.0
3055167,1,1,白芷,1,MOL005800,1,primary_direct,adjudicated_TCMSP_relation_set_v1.1.0
3058605,1,2,苦地丁 | 钩藤,1,MOL008635,2,primary_direct,adjudicated_TCMSP_relation_set_v1.1.0
3059326,1,1,败酱草,1,MOL001687,1,primary_direct,adjudicated_TCMSP_relation_set_v1.1.0
3080551,1,2,枸骨叶 | 灵芝,1,MOL007255,2,primary_direct,adjudicated_TCMSP_relation_set_v1.1.0
3081930,1,3,姜黄 | 莪术 | 郁金,1,MOL000900,3,primary_direct,adjudicated_TCMSP_relation_set_v1.1.0
3082428,1,1,肿节风,1,MOL007742,1,primary_direct,adjudicated_TCMSP_relation_set_v1.1.0
3082765,1,1,丹参,1,MOL007038,1,primary_direct,adjudicated_TCMSP_relation_set_v1.1.0
3083438,1,1,海风藤,1,MOL000319,1,primary_direct,adjudicated_TCMSP_relation_set_v1.1.0
3083514,1,1,丹参,1,MOL007082,1,primary_direct,adjudicated_TCMSP_relation_set_v1.1.0
3083515,1,1,丹参,1,MOL007081,1,primary_direct,adjudicated_TCMSP_relation_set_v1.1.0
3083575,1,2,决明子 | 萱草根,1,MOL006460,2,primary_direct,adjudicated_TCMSP_relation_set_v1.1.0
3083581,1,1,丁香,1,MOL013211,1,primary_direct,adjudicated_TCMSP_relation_set_v1.1.0
3083609,1,1,白鲜皮,1,MOL006261,1,primary_direct,adjudicated_TCMSP_relation_set_v1.1.0
3083834,1,15,党参 | 凌霄花 | 姜黄 | 山茱萸 | 干姜 | 椿皮 | 水红花子 | 满山红 | 灵芝 | 矮地茶 | 艾叶 | 莪术 | 西洋参 | 郁金 | 马鞭草,1,MOL000890,15,primary_direct,adjudicated_TCMSP_relation_set_v1.1.0
3083857,1,5,川芎 | 蒿本 | 藁本 | 防风 | 麻黄,1,MOL002207,5,primary_direct,adjudicated_TCMSP_relation_set_v1.1.0
3083928,1,1,柴胡,1,MOL004614,1,primary_direct,adjudicated_TCMSP_relation_set_v1.1.0
3084331,1,17,一枝黄花 | 三七花 | 乌敛莓 | 北五味子 | 桂枝 | 椿皮 | 生姜 | 白前 | 白芷 | 砂仁 | 罗汉果 | 肉桂 | 花椒 | 菊花 | 蔓荆子 | 辛夷 | 鬼针草,1,MOL003537,17,primary_direct,adjudicated_TCMSP_relation_set_v1.1.0
3085257,1,4,川芎 | 款冬花 | 蒿本 | 藁本,1,MOL002208,4,primary_direct,adjudicated_TCMSP_relation_set_v1.1.0
3702506,1,49,两面针 | 云芝 | 人参叶 | 儿茶 | 千金子 | 半边莲 | 南蛇藤果 | 墨旱莲 | 天葵子 | 射干 | 山豆根 | 川牛膝 | 川芎 | 延胡索 | 木瓜 | 木贼 | 松花粉 | 桂枝 | 海藻 | 满山红 | 灯盏细辛 | 牡丹皮 | 猫爪草 | 瓦松 | 白及 | 百部 | 紫菀 | 肿节风 | 草果 | 荷叶 | 葛花 | 葱白 | 葶苈子 | 蔓荆子 | 薤白 | 覆盆子 | 车前草 | 金沸草 | 金盏菊花 | 金莲花 | 金钱草 | 金银花 | 铁线透骨草 | 银杏叶 | 香附 | 马勃 | 马钱子 | 麻黄 | 龙葵,1,MOL000103,49,primary_direct,adjudicated_TCMSP_relation_set_v1.1.0
5257127,1,13,丹参 | 半夏 | 大枣 | 天竺黄 | 山茱萸 | 山药 | 檀香 | 水飞蓟 | 牛蒡子 | 瓜蒌 | 白术 | 绿豆 | 芡实,1,MOL000050,13,primary_direct,adjudicated_TCMSP_relation_set_v1.1.0
5270603,1,3,川贝母 | 平贝母 | 砂仁,1,MOL007549,3,primary_direct,adjudicated_TCMSP_relation_set_v1.1.0
5273569,1,6,娑罗子 | 柴胡 | 猕猴桃根 | 秦皮 | 防风 | 雷公藤,1,MOL004667,6,primary_direct,adjudicated_TCMSP_relation_set_v1.1.0
5276890,1,3,大腹皮 | 白蔹 | 苦丁茶,1,MOL005830,3,primary_direct,adjudicated_TCMSP_relation_set_v1.1.0
5280343,1,188,一枝黄花 | 丁香 | 三七 | 三白草 | 乌梅 | 乌药 | 人参叶 | 仙鹤草 | 余甘子 | 侧柏叶 | 儿茶 | 八角茴香 | 八角莲 | 关黄柏 | 冬葵果 | 凤仙透骨草 | 凤尾草 | 凤眼草 | 前胡 | 北沙参 | 半枝莲 | 半边莲 | 南蛇藤果 | 吴茱萸 | 四季青 | 土茯苓 | 地榆 | 地耳草 | 地锦草 | 垂盆草 | 墓头回 | 墨旱莲 | 夏枯草 | 大枣 | 大皂荚 | 天冬 | 天山雪莲 | 女贞子 | 委陵菜 | 娑罗子 | 小蓟 | 小通草 | 山楂叶 | 山豆根 | 川楝子 | 川牛膝 | 布渣叶 | 广枣 | 广藿香 | 延胡索 | 急性子 | 拳参 | 旋覆花 | 无患子皮 | 月季花 | 木棉花 | 木瓜 | 木蝴蝶 | 木贼 | 杜仲 | 杜仲叶 | 枇杷叶 | 枳椇子 | 枸杞子 | 枸骨叶 | 柴胡 | 柿蒂 | 栀子 | 桑叶 | 桑寄生 | 桑椹 | 桑白皮 | 椿皮 | 槐花 | 槐角 | 款冬花 | 水红花子 | 水飞蓟 | 沙棘 | 沙苑子 | 没药 | 泽漆 | 洋金花 | 海藻 | 淫羊藿 | 满山红 | 灯盏细辛 | 牛膝 | 牡丹皮 | 猕猴桃根 | 猫眼草 | 王不留行 | 玫瑰花 | 瓦松 | 甘草 | 白果 | 白花蛇舌草 | 白蔹 | 白鲜皮 | 皂角刺 | 益母草 | 矮地茶 | 石榴皮 | 石见穿 | 石韦 | 禹州漏芦 | 积雪草 | 紫菀 | 红芪 | 红花 | 绞股蓝 | 翻白草 | 老鹳草 | 肉苁蓉 | 肿节风 | 胡芦巴 | 艾叶 | 芦荟 | 芫花 | 芫荽 | 花椒 | 苎麻根 | 苦丁茶 | 苦参 | 茵陈 | 荆芥 | 草果 | 荔枝核 | 荜澄茄 | 荷叶 | 莲子心 | 莲房 | 莲须 | 菊花 | 菟丝子 | 萹蓄 | 葛花 | 葶苈子 | 蒲黄 | 蔓荆子 | 蕤仁 | 薤白 | 虎杖 | 虎耳草 | 西河柳 | 西红花 | 覆盆子 | 谷精草 | 豆蔻 | 败酱草 | 贯叶金丝桃 | 车前子 | 连翘 | 连钱草 | 郁李仁 | 野菊花 | 金樱子 | 金沸草 | 金盏菊花 | 金荞麦 | 金莲花 | 金钱草 | 金银花 | 钩藤 | 铁线透骨草 | 银杏叶 | 闹羊花 | 青果 | 青蒿 | 香薷 | 香附 | 马鞭草 | 马齿苋 | 高良姜 | 鬼箭羽 | 鬼针草 | 鱼腥草 | 鸡屎藤 | 鹅不食草 | 鹿衔草 | 麻黄 | 麻黄根 | 黄柏 | 黄芪 | 黄药子 | 黄连 | 鼠曲草 | 龙葵,1,MOL000098,188,primary_direct,adjudicated_TCMSP_relation_set_v1.1.0
5280372,1,8,关黄柏 | 天冬 | 女贞子 | 杜仲 | 枳实 | 椿皮 | 胡黄连 | 黄柏,1,MOL002649,8,primary_direct,adjudicated_TCMSP_relation_set_v1.1.0
5280442,1,21,半边莲 | 地骨皮 | 墨旱莲 | 太子参 | 密蒙花 | 小蓟 | 板蓝根 | 桔梗 | 海金沙 | 甘松 | 荆芥穗 | 菊花 | 薄荷 | 败酱草 | 连钱草 | 野菊花 | 金莲花 | 金钱草 | 香薷 | 鸡屎藤 | 黄芩,1,MOL001689,21,primary_direct,adjudicated_TCMSP_relation_set_v1.1.0
5280443,1,81,丹参 | 乌敛莓 | 仙鹤草 | 侧柏叶 | 党参 | 凌霄花 | 凤尾草 | 化橘红 | 北刘寄奴 | 半枝莲 | 半边莲 | 卷柏 | 四季青 | 地骨皮 | 墨旱莲 | 天山雪莲 | 女贞子 | 委陵菜 | 密蒙花 | 射干 | 布渣叶 | 常山 | 广藿香 | 扁豆花 | 断血流 | 木棉花 | 木蝴蝶 | 木贼 | 板蓝根 | 枳实 | 枳椇子 | 楮实子 | 橘红 | 檀香 | 浮萍 | 海金沙 | 淫羊藿 | 火麻仁 | 灯盏细辛 | 猫眼草 | 玫瑰花 | 益母草 | 石上柏 | 石菖蒲 | 积雪草 | 紫苏 | 紫苏子 | 紫菀 | 红花 | 络石藤 | 罗布麻叶 | 芫花 | 芫荽 | 花生衣 | 苦参 | 荆芥 | 荆芥穗 | 菊花 | 葎草 | 薄荷 | 虎杖 | 败酱草 | 车前子 | 连钱草 | 金樱子 | 金钱草 | 金银花 | 铁线透骨草 | 银杏叶 | 零陵香 | 青蒿 | 香薷 | 马鞭草 | 马齿苋 | 高良姜 | 鹅不食草 | 麻黄 | 麻黄根 | 黄精 | 黄芩 | 鼠曲草,1,MOL000008,81,primary_direct,adjudicated_TCMSP_relation_set_v1.1.0
5280445,1,93,丹参 | 乌敛莓 | 仙桃草 | 仙鹤草 | 余甘子 | 佩兰 | 党参 | 八角茴香 | 冬葵果 | 凤尾草 | 北刘寄奴 | 半枝莲 | 半边莲 | 南鹤虱 | 垂盆草 | 墨旱莲 | 夏枯草 | 大风子 | 天山雪莲 | 太子参 | 女贞子 | 密蒙花 | 射干 | 扁豆花 | 旋覆花 | 木棉花 | 木贼 | 枳实 | 桔梗 | 楮实子 | 檀香 | 泽漆 | 浮萍 | 淫羊藿 | 火麻仁 | 灯心草 | 灯盏细辛 | 玉米须 | 白毛夏枯草 | 白鲜皮 | 相思子 | 石榴皮 | 禹州漏芦 | 紫苏 | 紫苏子 | 紫菀 | 红花 | 络石藤 | 罗布麻叶 | 老鹳草 | 胡芦巴 | 芫花 | 芫荽 | 花生衣 | 苦参 | 荆芥 | 荆芥穗 | 莲子心 | 莲须 | 菊花 | 菊苣 | 萹蓄 | 葎草 | 蔓荆子 | 薄荷 | 虎杖 | 豆蔻 | 败酱草 | 贯叶金丝桃 | 车前草 | 连翘 | 连钱草 | 野菊花 | 金沸草 | 金荞麦 | 金银花 | 银杏叶 | 锦灯笼 | 青蒿 | 香茅 | 香薷 | 香附 | 马鞭草 | 马齿苋 | 骨碎补 | 鬼针草 | 鸡冠花 | 鸡血藤 | 鸦胆子 | 鸭跖草 | 麦芽 | 麻黄 | 鼠曲草,1,MOL000006,93,primary_direct,adjudicated_TCMSP_relation_set_v1.1.0
5280450,1,154,两头尖 | 丹参 | 乌梅 | 乌药 | 亚麻子 | 余甘子 | 佛手 | 使君子 | 党参 | 冬瓜子 | 冬葵果 | 冬虫夏草 | 决明子 | 刀豆 | 功劳木 | 北沙参 | 十大功劳叶 | 千金子 | 升麻 | 半夏 | 南瓜子 | 南鹤虱 | 厚朴 | 土茯苓 | 夏枯草 | 天仙子 | 天南星 | 天葵子 | 太子参 | 娑罗子 | 小茴香 | 山茱萸 | 川芎 | 巴戟天 | 巴豆 | 干姜 | 广枣 | 延胡索 | 徐长卿 | 斑蝥 | 无患子 | 无患子皮 | 昆布 | 月季花 | 木棉花 | 木瓜 | 木蝴蝶 | 木香 | 木鳖子 | 杜仲 | 杜仲叶 | 板蓝根 | 枳实 | 枸杞子 | 柏子仁 | 柴胡 | 栀子 | 桂枝 | 桃仁 | 桑叶 | 桑椹 | 梧桐子 | 楮实子 | 槐花 | 槐角 | 槟榔 | 橘核 | 水红花子 | 水飞蓟 | 沉香 | 沙棘 | 沙苑子 | 泽漆 | 漏芦 | 火麻仁 | 灯心草 | 灵芝 | 熟地黄 | 牛大力 | 牛蒡子 | 牡荆子 | 牵牛子 | 猫爪草 | 玉米须 | 王不留行 | 甘松 | 甜瓜子 | 生姜 | 白扁豆 | 白芷 | 白附子 | 皂荚子 | 砂仁 | 紫苏 | 紫苏子 | 紫草 | 红花 | 绞股蓝 | 罗汉果 | 肉桂 | 胖大海 | 艾叶 | 芡实 | 芥子 | 芦荟 | 芫花 | 芫荽 | 苍耳子 | 苏合香 | 苘麻子 | 苦杏仁 | 苦楝子 | 草果 | 荔枝核 | 荜澄茄 | 莱菔子 | 葎草 | 葛花 | 葱白 | 葶苈子 | 蒿本 | 蓖麻子 | 蔓荆子 | 薄荷 | 薏苡仁 | 薤白 | 藁本 | 蛇床子 | 西河柳 | 西红花 | 诃子 | 赤芍 | 辣椒 | 郁金 | 金莲花 | 铁丝威灵仙 | 银杏叶 | 防风 | 附子 | 零陵香 | 韭菜子 | 香加皮 | 香薷 | 马尾莲 | 马齿苋 | 鸡冠花 | 鹅不食草 | 鹤虱 | 麻黄 | 黄芩 | 黄芪 | 黑芝麻 | 黑豆 | 鼠曲草,1,MOL000131,154,primary_direct,adjudicated_TCMSP_relation_set_v1.1.0
5280460,1,55,丁公藤 | 三分三 | 佛手 | 前胡 | 北沙参 | 华山参 | 地锦草 | 地骨皮 | 夏枯草 | 天山雪莲 | 巴戟天 | 当归 | 旋覆花 | 枸杞子 | 柴胡 | 桑叶 | 桑白皮 | 椿皮 | 楮实子 | 满山红 | 灯盏细辛 | 独活 | 猫眼草 | 甘草 | 甘遂 | 白术 | 白花蛇舌草 | 白芷 | 白鲜皮 | 秦皮 | 紫花前胡 | 紫花地丁 | 罗布麻叶 | 羌活 | 肿节风 | 胡芦巴 | 艾叶 | 芫荽 | 苍耳子 | 茜草 | 茵陈 | 葎草 | 蒿本 | 蚕沙 | 贯叶金丝桃 | 金沸草 | 金盏菊花 | 钩藤 | 铁线透骨草 | 防风 | 青果 | 青蒿 | 香加皮 | 马齿苋 | 龙葵,1,MOL000040,55,primary_direct,adjudicated_TCMSP_relation_set_v1.1.0
5280489,1,29,冬瓜皮 | 大枣 | 大风子 | 杜仲 | 松子仁 | 桑叶 | 桑椹 | 楮实子 | 沙棘 | 浮萍 | 牛蒡子 | 玫瑰花 | 白扁豆 | 白果 | 紫苏 | 紫苏子 | 红花 | 绿豆 | 芡实 | 芦荟 | 芫荽 | 荠菜 | 蚕沙 | 辣椒 | 金银花 | 香橼 | 马鞭草 | 马齿苋 | 龙葵,1,MOL002773,29,primary_direct,adjudicated_TCMSP_relation_set_v1.1.0
5280536,1,10,大风子 | 安息香 | 川楝子 | 杜仲 | 石见穿 | 苍耳子 | 葛花 | 蒿本 | 蔓荆子 | 蕤仁,1,MOL002049,10,primary_direct,adjudicated_TCMSP_relation_set_v1.1.0
5280637,1,35,丹参 | 乌敛莓 | 仙鹤草 | 党参 | 垂盆草 | 墨旱莲 | 夏枯草 | 天山雪莲 | 女贞子 | 密蒙花 | 扁豆花 | 木棉花 | 泽漆 | 浮萍 | 灯心草 | 禹州漏芦 | 紫苏 | 芫花 | 苦参 | 荆芥 | 菊花 | 菊苣 | 葎草 | 蔓荆子 | 薄荷 | 虎杖 | 车前草 | 连钱草 | 金银花 | 马鞭草 | 骨碎补 | 鸦胆子 | 鸭跖草 | 麦芽 | 鼠曲草,1,MOL000009,35,primary_direct,adjudicated_TCMSP_relation_set_v1.1.0
5280666,1,14,半边莲 | 大风子 | 旋覆花 | 木蝴蝶 | 水红花子 | 淫羊藿 | 玉米须 | 芫荽 | 花生衣 | 菊花 | 金银花 | 银杏叶 | 香薷 | 香附,1,MOL003044,14,primary_direct,adjudicated_TCMSP_relation_set_v1.1.0
5280704,1,22,半边莲 | 墨旱莲 | 天山雪莲 | 女贞子 | 密蒙花 | 扁豆花 | 浮萍 | 猫眼草 | 紫苏 | 紫菀 | 络石藤 | 荆芥 | 菊花 | 葎草 | 连钱草 | 金钱草 | 金银花 | 银杏叶 | 马鞭草 | 麻黄 | 黄芩 | 鼠曲草,1,MOL000007,22,primary_direct,adjudicated_TCMSP_relation_set_v1.1.0
5280794,1,132,丁香 | 三七 | 三棱 | 乌梅 | 了哥王根 | 亚麻子 | 人参 | 仙茅 | 伸筋草 | 佩兰 | 使君子 | 倒扣草 | 党参 | 关黄柏 | 冬瓜子 | 决明子 | 刀豆 | 北沙参 | 千金子 | 升麻 | 半夏 | 半枝莲 | 四季青 | 土茯苓 | 地肤子 | 地骨皮 | 夏枯草 | 大枣 | 大皂荚 | 大蓟 | 天冬 | 天南星 | 姜黄 | 威灵仙 | 射干 | 小茴香 | 小蓟 | 山慈菇 | 山楂叶 | 山茱萸 | 山药 | 川木通 | 常山 | 延胡索 | 当归 | 急性子 | 木棉花 | 木蝴蝶 | 木通 | 木香 | 板蓝根 | 枳椇子 | 枸杞子 | 柴胡 | 栀子 | 桑叶 | 椿皮 | 水飞蓟 | 沙棘 | 没药 | 浮萍 | 海桐皮 | 海风藤 | 火麻仁 | 熟地黄 | 牛大力 | 牛膝 | 猪牙皂 | 猫爪草 | 玉米须 | 王不留行 | 生姜 | 番泻叶 | 白头翁 | 白果 | 白花蛇舌草 | 白芷 | 白茅根 | 白蔹 | 百合 | 百部 | 皂角刺 | 益智 | 相思子 | 知母 | 砂仁 | 紫苏子 | 红芪 | 红花 | 络石藤 | 艾叶 | 芦根 | 芫荽 | 苍耳子 | 苦杏仁 | 苦楝皮 | 荆芥 | 荆芥穗 | 荔枝核 | 葎草 | 葛花 | 蔓荆子 | 薏苡仁 | 蛇床子 | 豨莶草 | 败酱草 | 赤芍 | 车前草 | 金盏菊花 | 金银花 | 银杏叶 | 银柴胡 | 零陵香 | 雷丸 | 雷公藤 | 青葙子 | 青蒿 | 香附 | 马钱子 | 马鞭草 | 骨碎补 | 鸡冠花 | 鸡血藤 | 鸡骨草 | 鹅不食草 | 鹤虱 | 麻黄 | 黄柏 | 黄芩 | 黄药子 | 黑豆 | 鼠曲草,1,MOL000449,132,primary_direct,adjudicated_TCMSP_relation_set_v1.1.0
5280802,1,3,板蓝根 | 秦皮 | 葶苈子,1,MOL001778,3,primary_direct,adjudicated_TCMSP_relation_set_v1.1.0
5280804,1,55,三白草 | 八角茴香 | 八角莲 | 凤仙透骨草 | 北沙参 | 南蛇藤果 | 地耳草 | 地锦草 | 垂盆草 | 天山雪莲 | 急性子 | 旋覆花 | 木贼 | 杜仲 | 枇杷叶 | 柴胡 | 栀子 | 桑叶 | 款冬花 | 沙苑子 | 淫羊藿 | 玫瑰花 | 瓦松 | 甘草 | 白鲜皮 | 益母草 | 石榴皮 | 石韦 | 积雪草 | 老鹳草 | 芫花 | 芫荽 | 茵陈 | 荆芥 | 草果 | 荷叶 | 莲须 | 菊花 | 虎杖 | 覆盆子 | 败酱草 | 贯叶金丝桃 | 车前子 | 连翘 | 野菊花 | 金沸草 | 金钱草 | 钩藤 | 银杏叶 | 青蒿 | 鱼腥草 | 鸡屎藤 | 鹿衔草 | 黄芪 | 龙葵,1,MOL000437,55,primary_direct,adjudicated_TCMSP_relation_set_v1.1.0
5280805,1,76,一枝黄花 | 三白草 | 乌药 | 八角莲 | 冬葵果 | 凤仙透骨草 | 凤尾草 | 北沙参 | 吴茱萸 | 夏枯草 | 大枣 | 天山雪莲 | 女贞子 | 小蓟 | 山楂叶 | 山豆根 | 川楝子 | 布渣叶 | 拳参 | 无患子皮 | 月季花 | 杜仲 | 杜仲叶 | 枇杷叶 | 枸杞子 | 柴胡 | 栀子 | 桑叶 | 桑椹 | 椿皮 | 槐角 | 款冬花 | 沙棘 | 泽漆 | 洋金花 | 浮萍 | 牛膝 | 甘草 | 白果 | 白花蛇舌草 | 禹州漏芦 | 紫菀 | 红花 | 绞股蓝 | 罗布麻叶 | 老鹳草 | 肿节风 | 艾叶 | 芦荟 | 芫荽 | 苎麻根 | 苦丁茶 | 茵陈 | 荔枝核 | 荜澄茄 | 莲子心 | 葛花 | 覆盆子 | 败酱草 | 贯叶金丝桃 | 连翘 | 连钱草 | 金盏菊花 | 金荞麦 | 金钱草 | 金银花 | 钩藤 | 铁线透骨草 | 银杏叶 | 青果 | 鬼箭羽 | 鱼腥草 | 鸡屎藤 | 麻黄 | 黄芪 | 鼠曲草,1,MOL000415,76,primary_direct,adjudicated_TCMSP_relation_set_v1.1.0
5280863,1,133,一枝黄花 | 丁香 | 乌梅 | 人参 | 人参叶 | 仙鹤草 | 余甘子 | 侧柏叶 | 儿茶 | 八角茴香 | 八角莲 | 凤仙透骨草 | 凤眼草 | 半边莲 | 南蛇藤果 | 四季青 | 地榆 | 地耳草 | 地锦草 | 夏枯草 | 天山雪莲 | 女贞子 | 委陵菜 | 娑罗子 | 山柰 | 山楂叶 | 山豆根 | 布渣叶 | 广枣 | 急性子 | 旋覆花 | 月季花 | 木贼 | 杜仲 | 杜仲叶 | 松花粉 | 枇杷叶 | 枳椇子 | 枸骨叶 | 柴胡 | 柿蒂 | 栀子 | 桑叶 | 桑枝 | 椿皮 | 槐花 | 槐角 | 款冬花 | 水红花子 | 沙棘 | 沙苑子 | 泽漆 | 洋金花 | 海金沙 | 淫羊藿 | 满山红 | 灯盏细辛 | 牛膝 | 牛蒡子 | 牡丹皮 | 猫眼草 | 瓦松 | 甘草 | 番泻叶 | 白果 | 白芍 | 皂角刺 | 益母草 | 知母 | 矮地茶 | 石榴皮 | 石菖蒲 | 石韦 | 糯稻根 | 紫菀 | 红花 | 细辛 | 罗布麻叶 | 罗汉果 | 翻白草 | 老鹳草 | 胡芦巴 | 芫花 | 苦丁茶 | 荷叶 | 莲须 | 菊花 | 菟丝子 | 萱草根 | 萹蓄 | 葛花 | 葱白 | 葶苈子 | 蒲黄 | 蒺藜 | 蓼大青叶 | 蔓荆子 | 蕤仁 | 西河柳 | 西红花 | 覆盆子 | 败酱草 | 贯众 | 贯叶金丝桃 | 连翘 | 连钱草 | 郁李仁 | 金樱子 | 金钱草 | 金银花 | 钩藤 | 铁线透骨草 | 银杏叶 | 闹羊花 | 零陵香 | 雷公藤 | 青蒿 | 香薷 | 香附 | 马鞭草 | 马齿苋 | 骨碎补 | 高良姜 | 鬼箭羽 | 鱼腥草 | 鸡屎藤 | 鹿衔草 | 麻黄 | 麻黄根 | 黄芪 | 黄药子 | 鼠曲草 | 龙胆,1,MOL000422,133,primary_direct,adjudicated_TCMSP_relation_set_v1.1.0
5280934,1,64,亚麻子 | 余甘子 | 冬瓜子 | 冬葵果 | 千金子 | 半夏 | 南瓜子 | 地锦草 | 地骨皮 | 天南星 | 娑罗子 | 川楝子 | 无患子 | 昆布 | 杜仲 | 松子仁 | 板蓝根 | 柏子仁 | 桑叶 | 桑椹 | 楮实子 | 槐花 | 槐角 | 水飞蓟 | 沙棘 | 沙苑子 | 浮萍 | 火麻仁 | 牛蒡子 | 牵牛子 | 猫爪草 | 王不留行 | 瓜蒌 | 生姜 | 番泻叶 | 益智 | 紫苏 | 紫苏子 | 红花 | 翻白草 | 芥子 | 芫荽 | 苍耳子 | 苦杏仁 | 荆芥 | 荆芥穗 | 荜澄茄 | 莱菔子 | 葶苈子 | 薏苡仁 | 西河柳 | 西洋参 | 辣椒 | 金樱子 | 银杏叶 | 零陵香 | 韭菜子 | 香加皮 | 香薷 | 马尾莲 | 马齿苋 | 麻黄 | 黄芪 | 黑豆,1,MOL000432,64,primary_direct,adjudicated_TCMSP_relation_set_v1.1.0
5281168,1,32,三七 | 冬瓜皮 | 半枝莲 | 南蛇藤果 | 吴茱萸 | 常山 | 广藿香 | 昆布 | 杜仲叶 | 枇杷叶 | 柴胡 | 桑叶 | 满山红 | 牛蒡子 | 牡荆叶 | 玉竹 | 紫苏 | 红花 | 艾叶 | 芫荽 | 苦杏仁 | 苦楝子 | 荷叶 | 菊花 | 葛花 | 薄荷 | 蚕沙 | 辣椒 | 金银花 | 银杏叶 | 零陵香 | 鬼针草,1,MOL002675,32,primary_direct,adjudicated_TCMSP_relation_set_v1.1.0
5281330,1,2,丹参 | 白花蛇舌草,1,MOL001659,2,primary_direct,adjudicated_TCMSP_relation_set_v1.1.0
5281343,1,5,决明子 | 桑白皮 | 水红花子 | 猕猴桃根 | 花生衣,1,MOL005982,5,primary_direct,adjudicated_TCMSP_relation_set_v1.1.0
5281416,1,27,凤仙透骨草 | 凤眼草 | 千金子 | 升麻 | 商陆 | 夏枯草 | 娑罗子 | 巴戟天 | 木瓜 | 柴胡 | 桑白皮 | 灯盏细辛 | 猕猴桃根 | 猫眼草 | 白毛夏枯草 | 秦皮 | 紫花地丁 | 紫苏 | 艾叶 | 芫荽 | 菊苣 | 虎耳草 | 覆盆子 | 金沸草 | 金盏菊花 | 金莲花 | 青蒿,1,MOL003837,27,primary_direct,adjudicated_TCMSP_relation_set_v1.1.0
5281426,1,27,了哥王根 | 京大戟 | 前胡 | 化橘红 | 北刘寄奴 | 地锦草 | 夏枯草 | 小茴香 | 常山 | 杜仲 | 桑叶 | 桑白皮 | 橘红 | 满山红 | 独活 | 猕猴桃根 | 白芷 | 紫花前胡 | 羌活 | 艾叶 | 芫花 | 芫荽 | 花椒 | 蚕沙 | 贯叶金丝桃 | 金盏菊花 | 高良姜,1,MOL002558,27,primary_direct,adjudicated_TCMSP_relation_set_v1.1.0
5281433,1,1,北五味子,1,MOL008964,1,primary_direct,adjudicated_TCMSP_relation_set_v1.1.0
5281515,1,34,三七花 | 丹参 | 乳香 | 人参 | 人参叶 | 冰片 | 凌霄花 | 北五味子 | 垂盆草 | 姜黄 | 枇杷叶 | 柴胡 | 漏芦 | 牡荆子 | 白术 | 益母草 | 禹州漏芦 | 紫苏子 | 红参 | 红花 | 芫荽 | 花椒 | 苍耳子 | 茵陈 | 茺蔚子 | 荆芥 | 莪术 | 藁本 | 西洋参 | 覆盆子 | 金银花 | 青果 | 香橼 | 鱼腥草,1,MOL000036,34,primary_direct,adjudicated_TCMSP_relation_set_v1.1.0
5281516,1,38,一枝黄花 | 丁香 | 丹参 | 人参叶 | 吴茱萸 | 墓头回 | 川芎 | 干姜 | 柴胡 | 桑叶 | 橘叶 | 橘络 | 没药 | 生姜 | 番泻叶 | 白芷 | 紫苏 | 紫苏子 | 细辛 | 肉桂 | 胡椒 | 花椒 | 苦楝子 | 荜茇 | 荷叶 | 莪术 | 菊花 | 蒿本 | 藁本 | 蛇床子 | 辛夷 | 金钱草 | 银杏叶 | 降香 | 香薷 | 高良姜 | 麻黄 | 黑老虎,1,MOL000932,38,primary_direct,adjudicated_TCMSP_relation_set_v1.1.0
5281517,1,55,一枝黄花 | 人参叶 | 伸筋草 | 佩兰 | 侧柏叶 | 北五味子 | 厚朴 | 干姜 | 当归 | 断血流 | 木香 | 枇杷叶 | 柴胡 | 桂枝 | 桑叶 | 桑寄生 | 椿皮 | 楮实子 | 款冬花 | 没药 | 牡荆叶 | 玳玳花 | 生姜 | 白芷 | 砂仁 | 竹节参 | 紫苏 | 红参 | 红花 | 细辛 | 羌活 | 肉桂 | 胡椒 | 艾叶 | 荜茇 | 菊花 | 蒿本 | 薄荷 | 藁本 | 蛇床子 | 西洋参 | 覆盆子 | 辛夷 | 郁金 | 金银花 | 银杏叶 | 降香 | 零陵香 | 青蒿 | 香薷 | 马鞭草 | 鬼针草 | 鸡血藤 | 鹅不食草 | 麻黄,1,MOL000479,55,primary_direct,adjudicated_TCMSP_relation_set_v1.1.0
5281519,1,11,椿皮 | 没药 | 牡荆叶 | 生姜 | 砂仁 | 紫苏 | 细辛 | 莪术 | 蛇床子 | 郁金 | 鬼针草,1,MOL000936,11,primary_direct,adjudicated_TCMSP_relation_set_v1.1.0
5281520,1,75,一枝黄花 | 丁香 | 佛手 | 佩兰 | 八角茴香 | 凌霄花 | 北五味子 | 千斤拔 | 厚朴 | 吴茱萸 | 墓头回 | 大蓟 | 天南星 | 女贞子 | 川芎 | 常山 | 平贝母 | 广藿香 | 断血流 | 木棉花 | 木香 | 水红花子 | 没药 | 火麻仁 | 牡荆叶 | 牡荆子 | 独活 | 玳玳花 | 白术 | 白芷 | 益母草 | 知母 | 矮地茶 | 石菖蒲 | 砂仁 | 禹州漏芦 | 紫苏子 | 红花 | 肉桂 | 肉苁蓉 | 胡椒 | 艾叶 | 芥子 | 芦根 | 芫花 | 芫荽 | 花椒 | 苍术 | 荆芥 | 荆芥穗 | 荔枝核 | 荜茇 | 荷叶 | 莪术 | 菟丝子 | 葎草 | 蔓荆子 | 藁本 | 覆盆子 | 豆蔻 | 败酱草 | 贯叶金丝桃 | 连翘 | 郁金 | 金钱草 | 降香 | 香薷 | 香附 | 马兜铃 | 马鞭草 | 鬼针草 | 麻黄 | 黄芩 | 黑老虎 | 鼠曲草,1,MOL000024,75,primary_direct,adjudicated_TCMSP_relation_set_v1.1.0
5281522,1,35,一枝黄花 | 八角茴香 | 平贝母 | 木贼 | 桂枝 | 桑叶 | 椿皮 | 款冬花 | 满山红 | 牛蒡子 | 生姜 | 白芷 | 矮地茶 | 紫苏 | 细辛 | 羌活 | 芫荽 | 苍耳子 | 苦杏仁 | 荆芥 | 荜茇 | 菊花 | 蒿本 | 蔓荆子 | 薄荷 | 蛇床子 | 西洋参 | 辛夷 | 防风 | 香薷 | 马兜铃 | 鱼腥草 | 鹅不食草 | 麻黄 | 黑老虎,1,MOL001556,35,primary_direct,adjudicated_TCMSP_relation_set_v1.1.0
5281525,1,10,乳香 | 凌霄花 | 枇杷叶 | 柴胡 | 栀子 | 灵芝 | 牡荆叶 | 紫苏 | 紫苏子 | 金银花,1,MOL001283,10,primary_direct,adjudicated_TCMSP_relation_set_v1.1.0
5281553,1,45,一枝黄花 | 丁香 | 乌药 | 乳香 | 冰片 | 凌霄花 | 十大功劳叶 | 千年健 | 吴茱萸 | 地枫皮 | 寻骨风 | 川芎 | 干姜 | 当归 | 断血流 | 枳壳 | 柴胡 | 桑叶 | 沙棘 | 没药 | 满山红 | 独活 | 玳玳花 | 生姜 | 砂仁 | 细辛 | 羌活 | 肉桂 | 花椒 | 荜茇 | 菊花 | 蒿本 | 薄荷 | 覆盆子 | 辛夷 | 连翘 | 郁金 | 陈皮 | 香橼 | 香薷 | 马兜铃 | 高良姜 | 鬼针草 | 麻黄 | 黑芝麻,1,MOL000201,45,primary_direct,adjudicated_TCMSP_relation_set_v1.1.0
5281559,1,2,川芎 | 当归,1,MOL002098,2,primary_direct,adjudicated_TCMSP_relation_set_v1.1.0
5281601,1,6,了哥王根 | 半枝莲 | 淫羊藿 | 穿心莲 | 西河柳 | 金银花,1,MOL003097,6,primary_direct,adjudicated_TCMSP_relation_set_v1.1.0
5281605,1,12,关黄柏 | 半夏 | 半枝莲 | 木蝴蝶 | 槐角 | 灯盏细辛 | 牛膝 | 红花 | 赤芍 | 车前草 | 黄精 | 黄芩,1,MOL002714,12,primary_direct,adjudicated_TCMSP_relation_set_v1.1.0
5281607,1,7,关黄柏 | 决明子 | 木蝴蝶 | 栀子 | 益智 | 高良姜 | 黄芩,1,MOL002560,7,primary_direct,adjudicated_TCMSP_relation_set_v1.1.0
5281612,1,15,两面针 | 佛手 | 半边莲 | 海金沙 | 瓜蒌 | 羌活 | 花椒 | 荆芥 | 荠菜 | 菊花 | 薄荷 | 蛇床子 | 银杏叶 | 马鞭草 | 麻黄,1,MOL002881,15,primary_direct,adjudicated_TCMSP_relation_set_v1.1.0
5281613,1,9,两面针 | 佛手 | 半边莲 | 海金沙 | 芫荽 | 花椒 | 荠菜 | 菊花 | 薄荷,1,MOL005093,9,primary_direct,adjudicated_TCMSP_relation_set_v1.1.0
5281617,1,9,了哥王根 | 大风子 | 广藿香 | 芫花 | 茵陈 | 薄荷 | 银杏叶 | 青叶胆 | 麻黄,1,MOL005573,9,primary_direct,adjudicated_TCMSP_relation_set_v1.1.0
5281628,1,10,了哥王根 | 半枝莲 | 大蓟 | 天山雪莲 | 射干 | 木蝴蝶 | 板蓝根 | 谷精草 | 车前子 | 车前草,1,MOL001735,10,primary_direct,adjudicated_TCMSP_relation_set_v1.1.0
5281643,1,53,三白草 | 仙鹤草 | 余甘子 | 关黄柏 | 凤眼草 | 夏枯草 | 山楂叶 | 布渣叶 | 广枣 | 广藿香 | 拳参 | 木棉花 | 杜仲叶 | 枇杷叶 | 枸骨叶 | 柴胡 | 柿蒂 | 款冬花 | 沙苑子 | 泽漆 | 淫羊藿 | 满山红 | 牛膝 | 猫眼草 | 益母草 | 罗布麻叶 | 老鹳草 | 芫荽 | 花椒 | 苦丁茶 | 草果 | 荷叶 | 莲子心 | 莲房 | 菟丝子 | 萹蓄 | 虎杖 | 覆盆子 | 连翘 | 金钱草 | 金银花 | 钩藤 | 青果 | 青蒿 | 鬼箭羽 | 鬼针草 | 鱼腥草 | 鸦胆子 | 鹿衔草 | 黄柏 | 黄药子 | 鼠曲草 | 龙葵,1,MOL004368,53,primary_direct,adjudicated_TCMSP_relation_set_v1.1.0
5281654,1,40,吴茱萸 | 垂盆草 | 委陵菜 | 射干 | 山楂叶 | 山豆根 | 布渣叶 | 旋覆花 | 无患子皮 | 枇杷叶 | 枸骨叶 | 柴胡 | 槐花 | 槲寄生 | 檀香 | 沙棘 | 甘草 | 白头翁 | 白果 | 益母草 | 紫菀 | 茵陈 | 荷叶 | 菊花 | 菟丝子 | 葶苈子 | 蒲黄 | 蒺藜 | 西河柳 | 西红花 | 金盏菊花 | 金荞麦 | 金钱草 | 银杏叶 | 闹羊花 | 青蒿 | 香附 | 高良姜 | 鸡冠花 | 黄芪,1,MOL000354,40,primary_direct,adjudicated_TCMSP_relation_set_v1.1.0
5281671,1,5,大风子 | 山茱萸 | 桑白皮 | 甘草 | 败酱草,1,MOL001696,5,primary_direct,adjudicated_TCMSP_relation_set_v1.1.0
5281691,1,7,丁香 | 乌梅 | 儿茶 | 委陵菜 | 广藿香 | 金荞麦 | 青蒿,1,MOL005889,7,primary_direct,adjudicated_TCMSP_relation_set_v1.1.0
5281697,1,7,半枝莲 | 木蝴蝶 | 灯盏细辛 | 紫苏 | 红花 | 车前草 | 黄芩,1,MOL002737,7,primary_direct,adjudicated_TCMSP_relation_set_v1.1.0
5281702,1,14,了哥王根 | 垂盆草 | 射干 | 淫羊藿 | 瓜蒌 | 胡芦巴 | 芦根 | 蒺藜 | 金银花 | 银杏叶 | 香附 | 鹅不食草 | 麦芽 | 麻黄,1,MOL002083,14,primary_direct,adjudicated_TCMSP_relation_set_v1.1.0
5281703,1,10,关黄柏 | 半枝莲 | 木蝴蝶 | 牛膝 | 白鲜皮 | 穿心莲 | 苍术 | 连翘 | 防风 | 黄芩,1,MOL000173,10,primary_direct,adjudicated_TCMSP_relation_set_v1.1.0
5281708,1,12,乳香 | 女贞子 | 山豆根 | 川牛膝 | 淡豆豉 | 胡芦巴 | 葛根 | 葛花 | 鸡屎藤 | 鸡血藤 | 黄芪 | 黑豆,1,MOL000390,12,primary_direct,adjudicated_TCMSP_relation_set_v1.1.0
5281758,1,7,川芎 | 木棉花 | 桂枝 | 白前 | 石菖蒲 | 葎草 | 香薷,1,MOL002124,7,primary_direct,adjudicated_TCMSP_relation_set_v1.1.0
5281783,1,3,垂盆草 | 山柰 | 桂枝,1,MOL002062,3,primary_direct,adjudicated_TCMSP_relation_set_v1.1.0
5281793,1,1,丹参,1,MOL007136,1,primary_direct,adjudicated_TCMSP_relation_set_v1.1.0
5281807,1,5,川牛膝 | 柴胡 | 萱草根 | 葛根 | 葛花,1,MOL012297,5,primary_direct,adjudicated_TCMSP_relation_set_v1.1.0
5282102,1,37,八角茴香 | 八角莲 | 凤仙透骨草 | 地锦草 | 夏枯草 | 委陵菜 | 急性子 | 杜仲 | 杜仲叶 | 枇杷叶 | 枸骨叶 | 桑叶 | 款冬花 | 沙棘 | 沙苑子 | 淫羊藿 | 牛膝 | 甘草 | 白芍 | 石榴皮 | 石菖蒲 | 红花 | 细辛 | 罗布麻叶 | 老鹳草 | 萹蓄 | 葱白 | 蓼大青叶 | 蔓荆子 | 覆盆子 | 连翘 | 金钱草 | 金银花 | 香薷 | 骨碎补 | 鸡屎藤 | 鹿衔草,1,MOL000561,37,primary_direct,adjudicated_TCMSP_relation_set_v1.1.0
5282457,1,22,三棱 | 人参 | 冬虫夏草 | 地骨皮 | 大枣 | 山茱萸 | 枸杞子 | 柴胡 | 款冬花 | 浮萍 | 玉竹 | 白果 | 白芷 | 益智 | 禹州漏芦 | 苍耳子 | 西洋参 | 诃子 | 谷精草 | 野菊花 | 铁丝威灵仙 | 鱼腥草,1,MOL000749,22,primary_direct,adjudicated_TCMSP_relation_set_v1.1.0
5282709,1,2,柴胡 | 沙苑子,1,MOL004587,2,primary_direct,adjudicated_TCMSP_relation_set_v1.1.0
5282714,1,2,柴胡 | 荆芥,1,MOL004592,2,primary_direct,adjudicated_TCMSP_relation_set_v1.1.0
5282729,1,6,乌药 | 槐花 | 槟榔 | 芫荽 | 苘麻子 | 茯苓,1,MOL000301,6,primary_direct,adjudicated_TCMSP_relation_set_v1.1.0
5282745,1,7,三棱 | 人参 | 木蝴蝶 | 柴胡 | 矮地茶 | 砂仁 | 蔓荆子,1,MOL001312,7,primary_direct,adjudicated_TCMSP_relation_set_v1.1.0
5282756,1,1,斑蝥,1,MOL001855,1,primary_direct,adjudicated_TCMSP_relation_set_v1.1.0
5282800,1,5,槐角 | 槟榔 | 紫花地丁 | 苘麻子 | 蓖麻子,1,MOL004454,5,primary_direct,adjudicated_TCMSP_relation_set_v1.1.0
5283316,1,18,十大功劳叶 | 南沙参 | 南蛇藤果 | 巴戟天 | 杜仲叶 | 柴胡 | 栀子 | 桑寄生 | 楮实子 | 沙棘 | 牵牛子 | 玉米须 | 苦丁茶 | 苦杏仁 | 蛇床子 | 西河柳 | 金银花 | 银杏叶,1,MOL000707,18,primary_direct,adjudicated_TCMSP_relation_set_v1.1.0
5283321,1,12,三七 | 南蛇藤果 | 昆布 | 杜仲叶 | 枇杷叶 | 柴胡 | 桑寄生 | 海金沙 | 菊花 | 西红花 | 银杏叶 | 零陵香,1,MOL000711,12,primary_direct,adjudicated_TCMSP_relation_set_v1.1.0
5283324,1,15,冬葵果 | 升麻 | 南沙参 | 巴戟天 | 昆布 | 柴胡 | 栀子 | 灵芝 | 牛蒡子 | 生姜 | 竹节参 | 芫荽 | 菊花 | 西红花 | 银杏叶,1,MOL001417,15,primary_direct,adjudicated_TCMSP_relation_set_v1.1.0
5283329,1,2,昆布 | 柴胡,1,MOL010621,2,primary_direct,adjudicated_TCMSP_relation_set_v1.1.0
5283335,1,22,凌霄花 | 升麻 | 南沙参 | 厚朴 | 昆布 | 木香 | 杜仲叶 | 柴胡 | 桑寄生 | 沙棘 | 牵牛子 | 白芷 | 紫苏 | 芫荽 | 苍耳子 | 苦楝子 | 西河柳 | 银杏叶 | 防风 | 零陵香 | 麻黄 | 黄柏,1,MOL000716,22,primary_direct,adjudicated_TCMSP_relation_set_v1.1.0
5283339,1,9,党参 | 升麻 | 南沙参 | 松节 | 柴胡 | 桑寄生 | 知母 | 罗布麻叶 | 芫荽,1,MOL000721,9,primary_direct,adjudicated_TCMSP_relation_set_v1.1.0
5283345,1,19,南瓜子 | 大蒜 | 松节 | 柴胡 | 栀子 | 桑寄生 | 楮实子 | 沙棘 | 淫羊藿 | 灵芝 | 细辛 | 羌活 | 芫荽 | 苦杏仁 | 苦楝子 | 草果 | 西河柳 | 银杏叶 | 防风,1,MOL000120,19,primary_direct,adjudicated_TCMSP_relation_set_v1.1.0
5283349,1,32,人参叶 | 冬葵果 | 升麻 | 南沙参 | 南瓜子 | 厚朴 | 土茯苓 | 昆布 | 木棉花 | 柴胡 | 栀子 | 桑寄生 | 楮实子 | 沙棘 | 海金沙 | 灵芝 | 牛蒡子 | 红花 | 羌活 | 芥子 | 芫荽 | 苍耳子 | 苦杏仁 | 茺蔚子 | 荔枝核 | 蛇床子 | 西河柳 | 西红花 | 辣椒 | 防风 | 韭菜子 | 麻黄,1,MOL000723,32,primary_direct,adjudicated_TCMSP_relation_set_v1.1.0
5283387,1,10,十大功劳叶 | 吴茱萸 | 山茱萸 | 板蓝根 | 枸骨叶 | 桂枝 | 绞股蓝 | 罗汉果 | 赤芍 | 钩藤,1,MOL001746,10,primary_direct,adjudicated_TCMSP_relation_set_v1.1.0
5283639,1,3,冬瓜皮 | 天花粉 | 菊花,1,MOL006759,3,primary_direct,adjudicated_TCMSP_relation_set_v1.1.0
5283655,1,1,冬瓜皮,1,MOL007886,1,primary_direct,adjudicated_TCMSP_relation_set_v1.1.0
5283663,1,4,党参 | 冬瓜皮 | 没药 | 牛膝,1,MOL001006,4,primary_direct,adjudicated_TCMSP_relation_set_v1.1.0
5284421,1,40,人参 | 人参叶 | 侧柏叶 | 党参 | 凌霄花 | 化橘红 | 十大功劳叶 | 厚朴 | 大蓟 | 天南星 | 威灵仙 | 川芎 | 巴豆 | 月季花 | 枇杷叶 | 栀子 | 梧桐子 | 楮实子 | 款冬花 | 满山红 | 牛蒡子 | 瓜蒌 | 白芷 | 紫菀 | 羌活 | 胖大海 | 芫荽 | 苦杏仁 | 草乌 | 荔枝核 | 莱菔子 | 菊花 | 葱白 | 薏苡仁 | 赤芍 | 金银花 | 银杏叶 | 防风 | 零陵香 | 青果,1,MOL001641,40,primary_direct,adjudicated_TCMSP_relation_set_v1.1.0
5284499,1,6,一枝黄花 | 丹参 | 乳香 | 白芍 | 白芷 | 锦灯笼,1,MOL001219,6,primary_direct,adjudicated_TCMSP_relation_set_v1.1.0
5284503,1,10,化橘红 | 半枝莲 | 桑叶 | 牛蒡子 | 玫瑰花 | 紫苏 | 芫荽 | 薄荷 | 银杏叶 | 鸡屎藤,1,MOL011563,10,primary_direct,adjudicated_TCMSP_relation_set_v1.1.0
5311110,1,2,柴胡 | 瓜蒌,1,MOL004691,2,primary_direct,adjudicated_TCMSP_relation_set_v1.1.0
5312435,1,1,槟榔,1,MOL010488,1,primary_direct,adjudicated_TCMSP_relation_set_v1.1.0
5312529,1,2,柏子仁 | 葶苈子,1,MOL003927,2,primary_direct,adjudicated_TCMSP_relation_set_v1.1.0
5312586,1,2,柴胡 | 辣椒,1,MOL004591,2,primary_direct,adjudicated_TCMSP_relation_set_v1.1.0
5314753,1,1,椿皮,1,MOL006307,1,primary_direct,adjudicated_TCMSP_relation_set_v1.1.0
5315862,1,1,川芎,1,MOL002123,1,primary_direct,adjudicated_TCMSP_relation_set_v1.1.0
5315892,1,7,冬虫夏草 | 地骨皮 | 枸杞子 | 桂枝 | 梅花 | 肉桂 | 苏合香,1,MOL002225,7,primary_direct,adjudicated_TCMSP_relation_set_v1.1.0
5315978,1,1,北五味子,1,MOL008965,1,primary_direct,adjudicated_TCMSP_relation_set_v1.1.0
5316141,1,3,巴豆 | 细辛 | 辛夷,1,MOL001643,3,primary_direct,adjudicated_TCMSP_relation_set_v1.1.0
5316200,1,1,北五味子,1,MOL008994,1,primary_direct,adjudicated_TCMSP_relation_set_v1.1.0
5316800,1,2,丹参 | 决明子,1,MOL006452,2,primary_direct,adjudicated_TCMSP_relation_set_v1.1.0
5316860,1,18,党参 | 北沙参 | 四季青 | 大蓟 | 大青叶 | 天山雪莲 | 拳参 | 木香 | 杜仲 | 板蓝根 | 枳实 | 槲寄生 | 秦皮 | 红花 | 薤白 | 金果揽 | 鬼针草 | 黄柏,1,MOL000347,18,primary_direct,adjudicated_TCMSP_relation_set_v1.1.0
5317025,1,15,半边莲 | 地骨皮 | 墨旱莲 | 太子参 | 密蒙花 | 小蓟 | 板蓝根 | 海金沙 | 菊花 | 薄荷 | 败酱草 | 连钱草 | 野菊花 | 金钱草 | 鸡屎藤,1,MOL001790,15,primary_direct,adjudicated_TCMSP_relation_set_v1.1.0
5317045,1,3,凌霄花 | 柴胡 | 牛膝,1,MOL004686,3,primary_direct,adjudicated_TCMSP_relation_set_v1.1.0
5317247,1,7,南鹤虱 | 木棉花 | 柴胡 | 玫瑰花 | 花椒 | 诃子 | 香橼,1,MOL004665,7,primary_direct,adjudicated_TCMSP_relation_set_v1.1.0
5317319,1,14,八角茴香 | 干姜 | 桑叶 | 楮实子 | 款冬花 | 生姜 | 禹州漏芦 | 紫苏 | 细辛 | 莪术 | 菊花 | 薄荷 | 辛夷 | 香薷,1,MOL000926,14,primary_direct,adjudicated_TCMSP_relation_set_v1.1.0
5317570,1,23,三七 | 丹参 | 侧柏叶 | 川芎 | 常山 | 柴胡 | 椿皮 | 款冬花 | 没药 | 生姜 | 紫苏 | 紫苏子 | 细辛 | 芫荽 | 苍耳子 | 莪术 | 菊花 | 蔓荆子 | 薄荷 | 覆盆子 | 金银花 | 香薷 | 黄芩,1,MOL003127,23,primary_direct,adjudicated_TCMSP_relation_set_v1.1.0
5317844,1,16,三七 | 人参叶 | 倒扣草 | 广藿香 | 柴胡 | 没药 | 火麻仁 | 牛蒡子 | 生姜 | 紫苏 | 红参 | 细辛 | 苍术 | 金钱草 | 香薷 | 黄芩,1,MOL000169,16,primary_direct,adjudicated_TCMSP_relation_set_v1.1.0
5318017,1,1,柴胡,1,MOL004654,1,primary_direct,adjudicated_TCMSP_relation_set_v1.1.0
5318101,1,14,柴胡 | 桂枝 | 满山红 | 生姜 | 紫苏 | 细辛 | 芫荽 | 苍耳子 | 荆芥 | 菊花 | 蒿本 | 薄荷 | 香薷 | 麻黄,1,MOL012439,14,primary_direct,adjudicated_TCMSP_relation_set_v1.1.0
5318102,1,8,丁香 | 人参 | 冰片 | 柴胡 | 生姜 | 白术 | 石菖蒲 | 芫荽,1,MOL000029,8,primary_direct,adjudicated_TCMSP_relation_set_v1.1.0
5318136,1,1,决明子,1,MOL006458,1,primary_direct,adjudicated_TCMSP_relation_set_v1.1.0
5318214,1,5,半边莲 | 山茱萸 | 瓜蒌 | 芫花 | 青叶胆,1,MOL005530,5,primary_direct,adjudicated_TCMSP_relation_set_v1.1.0
5318290,1,3,丹参 | 党参 | 杜仲,1,MOL007059,3,primary_direct,adjudicated_TCMSP_relation_set_v1.1.0
5318350,1,1,丹参,1,MOL007046,1,primary_direct,adjudicated_TCMSP_relation_set_v1.1.0
5318432,1,4,大青叶 | 板蓝根 | 蓼大青叶 | 青黛,1,MOL001781,4,primary_direct,adjudicated_TCMSP_relation_set_v1.1.0
5318433,1,2,板蓝根 | 蓼大青叶,1,MOL001782,2,primary_direct,adjudicated_TCMSP_relation_set_v1.1.0
5318434,1,1,板蓝根,1,MOL001824,1,primary_direct,adjudicated_TCMSP_relation_set_v1.1.0
5318624,1,6,京大戟 | 淫羊藿 | 牵牛子 | 石菖蒲 | 苦参 | 香附,1,MOL003542,6,primary_direct,adjudicated_TCMSP_relation_set_v1.1.0
5318635,1,3,北五味子 | 木香 | 细辛,1,MOL008941,3,primary_direct,adjudicated_TCMSP_relation_set_v1.1.0
5318645,1,8,枸骨叶 | 柴胡 | 槲寄生 | 沙棘 | 茵陈 | 菊花 | 金盏菊花 | 银杏叶,1,MOL007260,8,primary_direct,adjudicated_TCMSP_relation_set_v1.1.0
5318663,1,1,北五味子,1,MOL008983,1,primary_direct,adjudicated_TCMSP_relation_set_v1.1.0
5318755,1,4,人参叶 | 八角茴香 | 石韦 | 钩藤,1,MOL008479,4,primary_direct,adjudicated_TCMSP_relation_set_v1.1.0
5319252,1,2,前胡 | 柴胡,1,MOL004653,2,primary_direct,adjudicated_TCMSP_relation_set_v1.1.0
5319323,1,2,决明子 | 虎杖,1,MOL006468,2,primary_direct,adjudicated_TCMSP_relation_set_v1.1.0
5319562,1,6,川贝母 | 板蓝根 | 芫花 | 莲子心 | 金银花 | 钩藤,1,MOL001837,6,primary_direct,adjudicated_TCMSP_relation_set_v1.1.0
5319706,1,23,人参叶 | 侧柏叶 | 凌霄花 | 土茯苓 | 山茱萸 | 急性子 | 板蓝根 | 桑叶 | 款冬花 | 牛大力 | 牛蒡子 | 瓜蒌 | 砂仁 | 紫苏 | 红芪 | 红花 | 芫荽 | 莱菔子 | 菊花 | 西红花 | 金银花 | 银杏叶 | 零陵香,1,MOL001398,23,primary_direct,adjudicated_TCMSP_relation_set_v1.1.0
5319835,1,1,丹参,1,MOL007119,1,primary_direct,adjudicated_TCMSP_relation_set_v1.1.0
5319836,1,1,丹参,1,MOL007120,1,primary_direct,adjudicated_TCMSP_relation_set_v1.1.0
5320066,1,1,丹参,1,MOL007124,1,primary_direct,adjudicated_TCMSP_relation_set_v1.1.0
5320113,1,1,丹参,1,MOL007091,1,primary_direct,adjudicated_TCMSP_relation_set_v1.1.0
5320114,1,1,丹参,1,MOL007092,1,primary_direct,adjudicated_TCMSP_relation_set_v1.1.0
5320377,1,4,川芎 | 砂仁 | 细辛 | 香薷,1,MOL002119,4,primary_direct,adjudicated_TCMSP_relation_set_v1.1.0
5320945,1,5,半枝莲 | 射干 | 川射干 | 槲寄生 | 绞股蓝,1,MOL000351,5,primary_direct,adjudicated_TCMSP_relation_set_v1.1.0
5321620,1,1,丹参,1,MOL007151,1,primary_direct,adjudicated_TCMSP_relation_set_v1.1.0
5321864,1,2,半枝莲 | 黄芩,1,MOL012240,2,primary_direct,adjudicated_TCMSP_relation_set_v1.1.0
5321977,1,3,决明子 | 川楝子 | 虎杖,1,MOL002055,3,primary_direct,adjudicated_TCMSP_relation_set_v1.1.0
5321980,1,3,决明子 | 大黄 | 谷精草,1,MOL002281,3,primary_direct,adjudicated_TCMSP_relation_set_v1.1.0
5322079,1,2,京大戟 | 苦参,1,MOL006599,2,primary_direct,adjudicated_TCMSP_relation_set_v1.1.0
5325830,1,36,丁香 | 丹参 | 乳香 | 佛手 | 侧柏叶 | 前胡 | 厚朴 | 川芎 | 木香 | 柴胡 | 桂枝 | 没药 | 满山红 | 灵芝 | 生姜 | 白芷 | 百合 | 益智 | 矮地茶 | 紫花前胡 | 紫苏 | 细辛 | 肉豆蔻 | 芫荽 | 苍耳子 | 荆芥 | 莪术 | 菊花 | 蒿本 | 辛夷 | 防风 | 陈皮 | 香薷 | 香附 | 马兜铃 | 高良姜,1,MOL000922,36,primary_direct,adjudicated_TCMSP_relation_set_v1.1.0
5325912,1,1,柴胡,1,MOL004726,1,primary_direct,adjudicated_TCMSP_relation_set_v1.1.0
5351234,1,1,半边莲,1,MOL012213,1,primary_direct,adjudicated_TCMSP_relation_set_v1.1.0
5352001,1,1,北刘寄奴,1,MOL008127,1,primary_direct,adjudicated_TCMSP_relation_set_v1.1.0
5352437,1,4,川芎 | 桂枝 | 生姜 | 莪术,1,MOL000933,4,primary_direct,adjudicated_TCMSP_relation_set_v1.1.0
5352899,1,4,川芎 | 当归 | 柴胡 | 藁本,1,MOL002111,4,primary_direct,adjudicated_TCMSP_relation_set_v1.1.0
5354503,1,6,半枝莲 | 猫爪草 | 白头翁 | 砂仁 | 薤白 | 零陵香,1,MOL001973,6,primary_direct,adjudicated_TCMSP_relation_set_v1.1.0
5354833,1,2,冬葵果 | 芫荽,1,MOL008343,2,primary_direct,adjudicated_TCMSP_relation_set_v1.1.0
5354834,1,5,南沙参 | 柴胡 | 生姜 | 羌活 | 芫荽,1,MOL003443,5,primary_direct,adjudicated_TCMSP_relation_set_v1.1.0
5362616,1,2,柴胡 | 西红花,1,MOL001397,2,primary_direct,adjudicated_TCMSP_relation_set_v1.1.0
5362701,1,1,冬葵果,1,MOL008336,1,primary_direct,adjudicated_TCMSP_relation_set_v1.1.0
5363229,1,3,柴胡 | 桑寄生 | 牛膝,1,MOL000713,3,primary_direct,adjudicated_TCMSP_relation_set_v1.1.0
5363535,1,1,丹参,1,MOL007083,1,primary_direct,adjudicated_TCMSP_relation_set_v1.1.0
5363695,1,1,冬葵果,1,MOL008324,1,primary_direct,adjudicated_TCMSP_relation_set_v1.1.0
5364586,1,1,柴胡,1,MOL004586,1,primary_direct,adjudicated_TCMSP_relation_set_v1.1.0
5364660,1,1,垂盆草,1,MOL002059,1,primary_direct,adjudicated_TCMSP_relation_set_v1.1.0
5364941,1,3,冬葵果 | 川芎 | 芫荽,1,MOL002154,3,primary_direct,adjudicated_TCMSP_relation_set_v1.1.0
5364952,1,1,冬葵果,1,MOL008335,1,primary_direct,adjudicated_TCMSP_relation_set_v1.1.0
5365682,1,1,川芎,1,MOL002204,1,primary_direct,adjudicated_TCMSP_relation_set_v1.1.0
5365710,1,1,柴胡,1,MOL004603,1,primary_direct,adjudicated_TCMSP_relation_set_v1.1.0
5365891,1,3,北五味子 | 瞿麦 | 麻黄,1,MOL003519,3,primary_direct,adjudicated_TCMSP_relation_set_v1.1.0
5367412,1,2,川芎 | 薄荷,1,MOL002197,2,primary_direct,adjudicated_TCMSP_relation_set_v1.1.0
5367530,1,2,十大功劳叶 | 柴胡,1,MOL004585,2,primary_direct,adjudicated_TCMSP_relation_set_v1.1.0
5368821,1,7,川芎 | 当归 | 菊花 | 蒿本 | 薄荷 | 鬼针草 | 麻黄,1,MOL002110,7,primary_direct,adjudicated_TCMSP_relation_set_v1.1.0
5370101,1,7,北刘寄奴 | 升麻 | 吴茱萸 | 桑叶 | 菊花 | 西红花 | 银杏叶,1,MOL001382,7,primary_direct,adjudicated_TCMSP_relation_set_v1.1.0
5370646,1,2,川贝母 | 麻黄,1,MOL009568,2,primary_direct,adjudicated_TCMSP_relation_set_v1.1.0
5372817,1,1,斑蝥,1,MOL001866,1,primary_direct,adjudicated_TCMSP_relation_set_v1.1.0
5373941,1,1,半枝莲,1,MOL012263,1,primary_direct,adjudicated_TCMSP_relation_set_v1.1.0
5380905,1,2,柴胡 | 西河柳,1,MOL004600,2,primary_direct,adjudicated_TCMSP_relation_set_v1.1.0
5452236,1,8,侧柏叶 | 半枝莲 | 墓头回 | 红花 | 菟丝子 | 银杏叶 | 青蒿 | 香薷,1,MOL002016,8,primary_direct,adjudicated_TCMSP_relation_set_v1.1.0
5459840,1,6,地肤子 | 川牛膝 | 桑叶 | 漏芦 | 白毛夏枯草 | 金果揽,1,MOL002212,6,primary_direct,adjudicated_TCMSP_relation_set_v1.1.0
5466139,1,2,柴胡 | 葛根,1,MOL004631,2,primary_direct,adjudicated_TCMSP_relation_set_v1.1.0
5481237,1,3,京大戟 | 苦参 | 骨碎补,1,MOL006585,3,primary_direct,adjudicated_TCMSP_relation_set_v1.1.0
5481663,1,5,山豆根 | 布渣叶 | 柴胡 | 甘草 | 银杏叶,1,MOL003686,5,primary_direct,adjudicated_TCMSP_relation_set_v1.1.0
5484202,1,10,凤眼草 | 半夏 | 半枝莲 | 板蓝根 | 椿皮 | 砂仁 | 苍耳子 | 菊花 | 鬼箭羽 | 麻黄,1,MOL001755,10,primary_direct,adjudicated_TCMSP_relation_set_v1.1.0
5489485,1,1,垂盆草,1,MOL002072,1,primary_direct,adjudicated_TCMSP_relation_set_v1.1.0
5490127,1,1,半枝莲,1,MOL012251,1,primary_direct,adjudicated_TCMSP_relation_set_v1.1.0
5742590,1,184,三七 | 三七花 | 两面针 | 乌药 | 亚麻子 | 仙茅 | 余甘子 | 八角莲 | 冬葵果 | 凌霄花 | 凤仙透骨草 | 凤眼草 | 前胡 | 化橘红 | 北沙参 | 千年健 | 千金子 | 升麻 | 半夏 | 南沙参 | 南蛇藤果 | 吴茱萸 | 四季青 | 土茯苓 | 土荆皮 | 土贝母 | 地榆 | 垂盆草 | 夏枯草 | 大枣 | 天冬 | 天南星 | 天山雪莲 | 太子参 | 女贞子 | 委陵菜 | 寻骨风 | 小茴香 | 山慈菇 | 山茱萸 | 川射干 | 川木通 | 川牛膝 | 川芎 | 川贝母 | 布渣叶 | 干姜 | 广枣 | 延胡索 | 当归 | 旋覆花 | 景天三七 | 木棉花 | 板蓝根 | 枳椇子 | 枸骨叶 | 柿蒂 | 桂枝 | 桑叶 | 桑白皮 | 椿皮 | 楮实子 | 槐花 | 槲寄生 | 橘红 | 款冬花 | 水红花子 | 沙棘 | 沙苑子 | 泽漆 | 浮萍 | 淫羊藿 | 漏芦 | 熟地黄 | 牛膝 | 牛蒡子 | 牵牛子 | 独活 | 猕猴桃根 | 玄参 | 玫瑰花 | 瓦松 | 白前 | 白头翁 | 白果 | 白毛夏枯草 | 白芍 | 白花蛇舌草 | 白芷 | 白蔹 | 白薇 | 白附子 | 白鲜皮 | 百合 | 百部 | 皂角刺 | 石见穿 | 禹州漏芦 | 秦皮 | 秦艽 | 紫花前胡 | 紫菀 | 红花 | 续断 | 罗汉果 | 羌活 | 翻白草 | 肉苁蓉 | 肉豆蔻 | 肿节风 | 胖大海 | 胡芦巴 | 芫花 | 花生衣 | 苍耳子 | 苦丁茶 | 苦楝子 | 苦楝皮 | 茜草 | 荆芥 | 草苁蓉 | 荔枝核 | 荜澄茄 | 荷叶 | 菊花 | 菊苣 | 菝葜 | 菟丝子 | 葎草 | 葛根 | 葛花 | 葱白 | 蒲黄 | 蒺藜 | 蔓荆子 | 蕤仁 | 薄荷 | 薤白 | 虎杖 | 西河柳 | 西洋参 | 覆盆子 | 败酱草 | 赤芍 | 路路通 | 连翘 | 连钱草 | 郁金 | 野菊花 | 金樱子 | 金沸草 | 金荞麦 | 金莲花 | 金银花 | 钩藤 | 银杏叶 | 锦灯笼 | 防风 | 零陵香 | 雷公藤 | 青葙子 | 预知子 | 香加皮 | 香橼 | 香薷 | 香附 | 马兜铃 | 马勃 | 马鞭草 | 骨碎补 | 高良姜 | 鬼箭羽 | 鸡屎藤 | 鸦胆子 | 鸭跖草 | 鹅不食草 | 麦芽 | 麻黄 | 麻黄根 | 黄柏 | 黄精 | 黄芩 | 黄药子 | 鼠曲草,1,MOL000357,184,primary_direct,adjudicated_TCMSP_relation_set_v1.1.0
5748603,1,1,半边莲,1,MOL012233,1,primary_direct,adjudicated_TCMSP_relation_set_v1.1.0
5877292,1,4,小茴香 | 川芎 | 当归 | 柴胡,1,MOL002201,4,primary_direct,adjudicated_TCMSP_relation_set_v1.1.0
6321405,1,31,乌药 | 党参 | 冰片 | 千年健 | 厚朴 | 地枫皮 | 山柰 | 川楝子 | 干姜 | 急性子 | 松节 | 柴胡 | 桂枝 | 生姜 | 白术 | 砂仁 | 细辛 | 艾叶 | 芫荽 | 荜茇 | 莪术 | 菊花 | 蛇床子 | 辛夷 | 郁金 | 防风 | 青蒿 | 香薷 | 高良姜 | 鸡屎藤 | 黄芩,1,MOL000018,31,primary_direct,adjudicated_TCMSP_relation_set_v1.1.0
6326181,1,8,川芎 | 生姜 | 细辛 | 羌活 | 芫荽 | 蒿本 | 蔓荆子 | 辛夷,1,MOL002126,8,primary_direct,adjudicated_TCMSP_relation_set_v1.1.0
6370843,1,4,丹参 | 佩兰 | 枳壳 | 苦楝子,1,MOL000613,4,primary_direct,adjudicated_TCMSP_relation_set_v1.1.0
6371716,1,6,十大功劳叶 | 山茱萸 | 川楝子 | 枸杞子 | 牛大力 | 金银花,1,MOL001495,6,primary_direct,adjudicated_TCMSP_relation_set_v1.1.0
6429301,1,64,丁香 | 伸筋草 | 佩兰 | 八角茴香 | 前胡 | 化橘红 | 北刘寄奴 | 千斤拔 | 南蛇藤果 | 南鹤虱 | 厚朴 | 吴茱萸 | 地枫皮 | 地耳草 | 墓头回 | 大蓟 | 天南星 | 寻骨风 | 平贝母 | 广藿香 | 徐长卿 | 断血流 | 木香 | 枳实 | 柴胡 | 桑寄生 | 楮实子 | 没药 | 牡荆叶 | 白前 | 白鲜皮 | 矮地茶 | 石菖蒲 | 砂仁 | 紫花前胡 | 紫花地丁 | 罗布麻叶 | 肉桂 | 胡椒 | 芦根 | 苍术 | 荔枝核 | 荜茇 | 荷叶 | 菊花 | 葎草 | 蔓荆子 | 薄荷 | 蛇床子 | 西洋参 | 豆蔻 | 败酱草 | 贯叶金丝桃 | 郁金 | 金钱草 | 锦灯笼 | 青蒿 | 马鞭草 | 高良姜 | 鬼针草 | 鸡屎藤 | 麻黄 | 黑老虎 | 鼠曲草,1,MOL000193,64,primary_direct,adjudicated_TCMSP_relation_set_v1.1.0
6431019,1,1,柴胡,1,MOL004651,1,primary_direct,adjudicated_TCMSP_relation_set_v1.1.0
6431152,1,19,一枝黄花 | 佩兰 | 千斤拔 | 厚朴 | 吴茱萸 | 地枫皮 | 川芎 | 干姜 | 广藿香 | 木香 | 牡荆叶 | 砂仁 | 紫苏 | 胡椒 | 荜茇 | 菊花 | 蔓荆子 | 藁本 | 青蒿,1,MOL000204,19,primary_direct,adjudicated_TCMSP_relation_set_v1.1.0
6432308,1,14,一枝黄花 | 三七花 | 凌霄花 | 柴胡 | 桂枝 | 牡荆叶 | 生姜 | 紫苏 | 紫苏子 | 羌活 | 菊花 | 薄荷 | 辛夷 | 防风,1,MOL004727,14,primary_direct,adjudicated_TCMSP_relation_set_v1.1.0
6432404,1,11,一枝黄花 | 乌敛莓 | 垂盆草 | 干姜 | 当归 | 没药 | 紫苏 | 肉桂 | 鬼针草 | 鸡血藤 | 鼠曲草,1,MOL000489,11,primary_direct,adjudicated_TCMSP_relation_set_v1.1.0
6432469,1,10,柴胡 | 番泻叶 | 积雪草 | 绞股蓝 | 老鹳草 | 荆芥 | 菊花 | 薄荷 | 连钱草 | 麻黄,1,MOL002375,10,primary_direct,adjudicated_TCMSP_relation_set_v1.1.0
6438710,1,1,垂盆草,1,MOL002079,1,primary_direct,adjudicated_TCMSP_relation_set_v1.1.0
6441416,1,4,椿皮 | 猪苓 | 猫爪草 | 马勃,1,MOL000802,4,primary_direct,adjudicated_TCMSP_relation_set_v1.1.0
6441498,1,1,丹参,1,MOL007113,1,primary_direct,adjudicated_TCMSP_relation_set_v1.1.0
6442145,1,2,柴胡 | 楮实子,1,MOL004683,2,primary_direct,adjudicated_TCMSP_relation_set_v1.1.0
6450454,1,1,倒扣草,1,MOL008308,1,primary_direct,adjudicated_TCMSP_relation_set_v1.1.0
6450812,1,12,丁香 | 北五味子 | 墓头回 | 柴胡 | 生姜 | 石菖蒲 | 细辛 | 芫荽 | 花椒 | 菊花 | 辛夷 | 防己,1,MOL002335,12,primary_direct,adjudicated_TCMSP_relation_set_v1.1.0
6508206,1,3,丹参 | 侧柏叶 | 冰片,1,MOL002014,3,primary_direct,adjudicated_TCMSP_relation_set_v1.1.0
6552009,1,45,三七花 | 乌药 | 伸筋草 | 冰片 | 功劳木 | 十大功劳叶 | 升麻 | 厚朴 | 墓头回 | 女贞子 | 姜黄 | 山柰 | 川楝子 | 巴戟天 | 干姜 | 木棉花 | 木香 | 柴胡 | 桂枝 | 沙棘 | 淫羊藿 | 火麻仁 | 生姜 | 白芷 | 知母 | 矮地茶 | 细辛 | 羌活 | 芫荽 | 苍耳子 | 苦杏仁 | 茺蔚子 | 莪术 | 菊花 | 菟丝子 | 蔓荆子 | 薄荷 | 豆蔻 | 败酱草 | 赤芍 | 辛夷 | 防己 | 零陵香 | 香薷 | 黑老虎,1,MOL000244,45,primary_direct,adjudicated_TCMSP_relation_set_v1.1.0
6602508,1,7,升麻 | 川木通 | 百合 | 苍耳子 | 葛花 | 马钱子 | 鹅不食草,1,MOL007777,7,primary_direct,adjudicated_TCMSP_relation_set_v1.1.0
6603781,1,1,川贝母,1,MOL009574,1,primary_direct,adjudicated_TCMSP_relation_set_v1.1.0
6708682,1,2,佛手 | 柴胡,1,MOL004661,2,primary_direct,adjudicated_TCMSP_relation_set_v1.1.0
6709746,1,1,丹参,1,MOL007050,1,primary_direct,adjudicated_TCMSP_relation_set_v1.1.0
6857581,1,9,丹参 | 半夏 | 吴茱萸 | 天竺黄 | 山茱萸 | 山药 | 檀香 | 牛蒡子 | 瓜蒌,1,MOL003969,9,primary_direct,adjudicated_TCMSP_relation_set_v1.1.0
6857681,1,4,人参 | 北五味子 | 檀香 | 鹅不食草,1,MOL005394,4,primary_direct,adjudicated_TCMSP_relation_set_v1.1.0
6916037,1,2,半边莲 | 苍耳子,1,MOL011678,2,primary_direct,adjudicated_TCMSP_relation_set_v1.1.0
6918391,1,48,一枝黄花 | 三七 | 三七花 | 乌敛莓 | 乌药 | 人参 | 人参叶 | 伸筋草 | 侧柏叶 | 冰片 | 凌霄花 | 半夏 | 天南星 | 山柰 | 川芎 | 桂枝 | 椿皮 | 款冬花 | 沙棘 | 没药 | 牛蒡子 | 生姜 | 白芷 | 紫苏 | 红参 | 细辛 | 胡椒 | 花椒 | 茵陈 | 荆芥 | 荆芥穗 | 莪术 | 菊花 | 蒿本 | 蔓荆子 | 薄荷 | 蛇床子 | 覆盆子 | 辛夷 | 郁金 | 金钱草 | 金银花 | 青蒿 | 香附 | 马兜铃 | 高良姜 | 黄柏 | 鼠曲草,1,MOL000908,48,primary_direct,adjudicated_TCMSP_relation_set_v1.1.0
6918774,1,9,丹参 | 凌霄花 | 大枣 | 委陵菜 | 山茱萸 | 枇杷叶 | 覆盆子 | 诃子 | 金樱子,1,MOL005508,9,primary_direct,adjudicated_TCMSP_relation_set_v1.1.0
6923516,1,4,吴茱萸 | 大青叶 | 板蓝根 | 薤白,1,MOL001780,4,primary_direct,adjudicated_TCMSP_relation_set_v1.1.0
6923517,1,1,柴胡,1,MOL004710,1,primary_direct,adjudicated_TCMSP_relation_set_v1.1.0
6925665,1,9,丹参 | 天竺黄 | 山茱萸 | 山药 | 槟榔 | 檀香 | 牛蒡子 | 瓜蒌 | 白术,1,MOL000041,9,primary_direct,adjudicated_TCMSP_relation_set_v1.1.0
6942100,1,8,丹参 | 半夏 | 天竺黄 | 山药 | 檀香 | 牛蒡子 | 瓜蒌 | 白术,1,MOL000056,8,primary_direct,adjudicated_TCMSP_relation_set_v1.1.0
6971009,1,11,丹参 | 半夏 | 土茯苓 | 天竺黄 | 山茱萸 | 山药 | 檀香 | 牛蒡子 | 瓜蒌 | 白术 | 芡实,1,MOL000071,11,primary_direct,adjudicated_TCMSP_relation_set_v1.1.0
6971018,1,12,丹参 | 半夏 | 大枣 | 天竺黄 | 山药 | 桔梗 | 檀香 | 牛蒡子 | 瓜蒌 | 白术 | 绿豆 | 芡实,1,MOL000067,12,primary_direct,adjudicated_TCMSP_relation_set_v1.1.0
6971019,1,11,丹参 | 半夏 | 吴茱萸 | 天竺黄 | 山茱萸 | 山药 | 檀香 | 牛蒡子 | 瓜蒌 | 绿豆 | 芡实,1,MOL003971,11,primary_direct,adjudicated_TCMSP_relation_set_v1.1.0
6971047,1,14,丹参 | 大枣 | 天竺黄 | 山茱萸 | 山药 | 桑叶 | 檀香 | 沙棘 | 牛蒡子 | 瓜蒌 | 白术 | 绿豆 | 芡实 | 黄芪,1,MOL000061,14,primary_direct,adjudicated_TCMSP_relation_set_v1.1.0
6971195,1,2,大腹皮 | 槟榔,1,MOL005833,2,primary_direct,adjudicated_TCMSP_relation_set_v1.1.0
6971249,1,8,柴胡 | 桑叶 | 牛蒡子 | 紫苏 | 菊花 | 薄荷 | 辣椒 | 黑芝麻,1,MOL008672,8,primary_direct,adjudicated_TCMSP_relation_set_v1.1.0
6991966,1,6,丹参 | 半夏 | 檀香 | 竹沥 | 绿豆 | 芡实,1,MOL004481,6,primary_direct,adjudicated_TCMSP_relation_set_v1.1.0
6992087,1,11,丹参 | 天竺黄 | 山茱萸 | 山药 | 当归 | 檀香 | 牛蒡子 | 瓜蒌 | 绿豆 | 芡实 | 银杏叶,1,MOL005449,11,primary_direct,adjudicated_TCMSP_relation_set_v1.1.0
6992244,1,13,云芝 | 凌霄花 | 半枝莲 | 南沙参 | 昆布 | 柴胡 | 玉竹 | 瞿麦 | 紫花地丁 | 艾叶 | 马鞭草 | 鸡血藤 | 龙脷叶,1,MOL000459,13,primary_direct,adjudicated_TCMSP_relation_set_v1.1.0
6994762,1,1,柴胡,1,MOL004601,1,primary_direct,adjudicated_TCMSP_relation_set_v1.1.0
6999975,1,9,北五味子 | 吴茱萸 | 干姜 | 玫瑰花 | 生姜 | 芫荽 | 花椒 | 蒿本 | 藁本,1,MOL002455,9,primary_direct,adjudicated_TCMSP_relation_set_v1.1.0
7019274,1,1,半枝莲,1,MOL012264,1,primary_direct,adjudicated_TCMSP_relation_set_v1.1.0
7043901,1,14,丹参 | 乳香 | 半夏 | 天竺黄 | 山茱萸 | 山药 | 桔梗 | 檀香 | 牛蒡子 | 瓜蒌 | 白术 | 绿豆 | 芡实 | 蚕沙,1,MOL000068,14,primary_direct,adjudicated_TCMSP_relation_set_v1.1.0
7045798,1,7,丹参 | 半夏 | 大枣 | 山药 | 檀香 | 牛蒡子 | 瓜蒌,1,MOL005448,7,primary_direct,adjudicated_TCMSP_relation_set_v1.1.0
7057904,1,3,冬葵果 | 柴胡 | 苦杏仁,1,MOL004725,3,primary_direct,adjudicated_TCMSP_relation_set_v1.1.0
7057966,1,1,柴胡,1,MOL004607,1,primary_direct,adjudicated_TCMSP_relation_set_v1.1.0
7057972,1,2,北五味子 | 柴胡,1,MOL004608,2,primary_direct,adjudicated_TCMSP_relation_set_v1.1.0
7059437,1,7,半夏 | 川贝母 | 柴胡 | 款冬花 | 白蔹 | 白附子 | 蒺藜,1,MOL004649,7,primary_direct,adjudicated_TCMSP_relation_set_v1.1.0
7059439,1,2,板蓝根 | 胡黄连,1,MOL001743,2,primary_direct,adjudicated_TCMSP_relation_set_v1.1.0
7059534,1,2,大腹皮 | 槟榔,1,MOL005838,2,primary_direct,adjudicated_TCMSP_relation_set_v1.1.0
7060889,1,1,丹参,1,MOL007077,1,primary_direct,adjudicated_TCMSP_relation_set_v1.1.0
7067335,1,12,丁公藤 | 八角茴香 | 小蓟 | 松节 | 石韦 | 红花 | 苦杏仁 | 虎耳草 | 车前草 | 金沸草 | 金盏菊花 | 香茅,1,MOL000222,12,primary_direct,adjudicated_TCMSP_relation_set_v1.1.0
7311724,1,7,丹参 | 大枣 | 天竺黄 | 山茱萸 | 山药 | 牛蒡子 | 白术,1,MOL000042,7,primary_direct,adjudicated_TCMSP_relation_set_v1.1.0
9548595,1,4,佛手 | 枸杞子 | 桃仁 | 薏苡仁,1,MOL001323,4,primary_direct,adjudicated_TCMSP_relation_set_v1.1.0
9576416,1,3,大青叶 | 白花菜子 | 知母,1,MOL000017,3,primary_direct,adjudicated_TCMSP_relation_set_v1.1.0
9794468,1,1,柴胡,1,MOL004706,1,primary_direct,adjudicated_TCMSP_relation_set_v1.1.0
9815282,1,1,板蓝根,1,MOL001720,1,primary_direct,adjudicated_TCMSP_relation_set_v1.1.0
9841711,1,1,丹参,1,MOL007131,1,primary_direct,adjudicated_TCMSP_relation_set_v1.1.0
9841799,1,2,丹参 | 肿节风,1,MOL007132,2,primary_direct,adjudicated_TCMSP_relation_set_v1.1.0
9855795,1,18,一枝黄花 | 乌药 | 厚朴 | 山茱萸 | 广藿香 | 松节 | 柴胡 | 沉香 | 满山红 | 生姜 | 益智 | 细辛 | 苦楝子 | 荜茇 | 菊花 | 蒿本 | 防己 | 高良姜,1,MOL001606,18,primary_direct,adjudicated_TCMSP_relation_set_v1.1.0
9859094,1,7,三棱 | 丹参 | 柴胡 | 栀子 | 益母草 | 羌活 | 艾叶,1,MOL001303,7,primary_direct,adjudicated_TCMSP_relation_set_v1.1.0
9868802,1,1,柴胡,1,MOL004641,1,primary_direct,adjudicated_TCMSP_relation_set_v1.1.0
9926694,1,1,丹参,1,MOL007155,1,primary_direct,adjudicated_TCMSP_relation_set_v1.1.0
9932254,1,1,冬瓜皮,1,MOL007889,1,primary_direct,adjudicated_TCMSP_relation_set_v1.1.0
9971827,1,3,半边莲 | 杜仲 | 牛大力,1,MOL001504,3,primary_direct,adjudicated_TCMSP_relation_set_v1.1.0
9978650,1,2,杜仲 | 白毛夏枯草,1,MOL007749,2,primary_direct,adjudicated_TCMSP_relation_set_v1.1.0
9982511,1,1,白及,1,MOL005776,1,primary_direct,adjudicated_TCMSP_relation_set_v1.1.0
9990075,1,3,川芎 | 芥子 | 蒿本,1,MOL002189,3,primary_direct,adjudicated_TCMSP_relation_set_v1.1.0
10036567,1,2,柴胡 | 藁本,1,MOL004705,2,primary_direct,adjudicated_TCMSP_relation_set_v1.1.0
10058085,1,1,川芎,1,MOL002206,1,primary_direct,adjudicated_TCMSP_relation_set_v1.1.0
10062187,1,1,丹参,1,MOL007127,1,primary_direct,adjudicated_TCMSP_relation_set_v1.1.0
10104370,1,29,安息香 | 当归 | 枇杷叶 | 柴胡 | 桂枝 | 桑叶 | 楮实子 | 款冬花 | 灵芝 | 生姜 | 白芷 | 矮地茶 | 砂仁 | 禹州漏芦 | 紫苏 | 羌活 | 肉桂 | 芫荽 | 菊花 | 蒿本 | 西河柳 | 西洋参 | 覆盆子 | 辛夷 | 防风 | 降香 | 香薷 | 鹅不食草 | 黑芝麻,1,MOL002972,29,primary_direct,adjudicated_TCMSP_relation_set_v1.1.0
10130521,1,9,大蓟 | 木香 | 板蓝根 | 枳实 | 槲寄生 | 红花 | 薤白 | 鬼针草 | 黄柏,1,MOL000348,9,primary_direct,adjudicated_TCMSP_relation_set_v1.1.0
10176122,1,1,两头尖,1,MOL000541,1,primary_direct,adjudicated_TCMSP_relation_set_v1.1.0
10274530,1,2,八角茴香 | 鱼腥草,1,MOL004354,2,primary_direct,adjudicated_TCMSP_relation_set_v1.1.0
10290825,1,25,三七 | 乳香 | 侧柏叶 | 党参 | 冰片 | 北五味子 | 姜黄 | 桂枝 | 桑叶 | 生姜 | 紫苏 | 细辛 | 肉豆蔻 | 芫荽 | 荆芥 | 莪术 | 菊花 | 蒿本 | 蔓荆子 | 薄荷 | 防风 | 青果 | 香薷 | 鱼腥草 | 麻黄,1,MOL000905,25,primary_direct,adjudicated_TCMSP_relation_set_v1.1.0
10313185,1,2,垂盆草 | 石榴皮,1,MOL002077,2,primary_direct,adjudicated_TCMSP_relation_set_v1.1.0
10353528,1,6,厚朴 | 川芎 | 沉香 | 苍术 | 郁金 | 银柴胡,1,MOL000165,6,primary_direct,adjudicated_TCMSP_relation_set_v1.1.0
10355691,1,1,丹参,1,MOL007145,1,primary_direct,adjudicated_TCMSP_relation_set_v1.1.0
10398656,1,14,一枝黄花 | 丹参 | 人参 | 桂枝 | 生姜 | 白芷 | 紫苏 | 细辛 | 芫荽 | 莪术 | 菊花 | 西河柳 | 西红花 | 辛夷,1,MOL000942,14,primary_direct,adjudicated_TCMSP_relation_set_v1.1.0
10403222,1,1,丹参,1,MOL007048,1,primary_direct,adjudicated_TCMSP_relation_set_v1.1.0
10405595,1,1,板蓝根,1,MOL001828,1,primary_direct,adjudicated_TCMSP_relation_set_v1.1.0
10450045,1,1,肉豆蔻,1,MOL009240,1,primary_direct,adjudicated_TCMSP_relation_set_v1.1.0
10450921,1,1,辛夷,1,MOL012136,1,primary_direct,adjudicated_TCMSP_relation_set_v1.1.0
10453987,1,1,巴戟天,1,MOL009560,1,primary_direct,adjudicated_TCMSP_relation_set_v1.1.0
10454589,1,1,荜澄茄,1,MOL013196,1,primary_direct,adjudicated_TCMSP_relation_set_v1.1.0
10456516,1,1,枇杷叶,1,MOL012577,1,primary_direct,adjudicated_TCMSP_relation_set_v1.1.0
10457774,1,2,臭梧桐 | 车前草,1,MOL000157,2,primary_direct,adjudicated_TCMSP_relation_set_v1.1.0
10459879,1,2,大黄 | 番泻叶,1,MOL002274,2,primary_direct,adjudicated_TCMSP_relation_set_v1.1.0
10464455,1,1,猫爪草,1,MOL011324,1,primary_direct,adjudicated_TCMSP_relation_set_v1.1.0
10464767,1,1,杜仲,1,MOL009049,1,primary_direct,adjudicated_TCMSP_relation_set_v1.1.0
10466307,1,5,山茱萸 | 续断 | 败酱草 | 金银花 | 马钱子,1,MOL001681,5,primary_direct,adjudicated_TCMSP_relation_set_v1.1.0
10466651,1,2,姜黄 | 紫苏,1,MOL000957,2,primary_direct,adjudicated_TCMSP_relation_set_v1.1.0
10466989,1,2,山药 | 白及,1,MOL005444,2,primary_direct,adjudicated_TCMSP_relation_set_v1.1.0
10467092,1,1,瓜蒌,1,MOL007183,1,primary_direct,adjudicated_TCMSP_relation_set_v1.1.0
10467801,1,1,西洋参,1,MOL011413,1,primary_direct,adjudicated_TCMSP_relation_set_v1.1.0
10470747,1,1,丹参,1,MOL007070,1,primary_direct,adjudicated_TCMSP_relation_set_v1.1.0
10470863,1,1,黄药子,1,MOL009773,1,primary_direct,adjudicated_TCMSP_relation_set_v1.1.0
10471123,1,1,白芍,1,MOL001923,1,primary_direct,adjudicated_TCMSP_relation_set_v1.1.0
10475115,1,1,钩藤,1,MOL008473,1,primary_direct,adjudicated_TCMSP_relation_set_v1.1.0
10477353,1,1,牛黄,1,MOL008838,1,primary_direct,adjudicated_TCMSP_relation_set_v1.1.0
10479460,1,1,瓜蒌,1,MOL007182,1,primary_direct,adjudicated_TCMSP_relation_set_v1.1.0
10481601,1,1,灵芝,1,MOL011184,1,primary_direct,adjudicated_TCMSP_relation_set_v1.1.0
10484580,1,1,马尾莲,1,MOL008817,1,primary_direct,adjudicated_TCMSP_relation_set_v1.1.0
10496532,1,1,没药,1,MOL001019,1,primary_direct,adjudicated_TCMSP_relation_set_v1.1.0
10507459,1,1,枇杷叶,1,MOL012543,1,primary_direct,adjudicated_TCMSP_relation_set_v1.1.0
10507805,1,1,金莲花,1,MOL007278,1,primary_direct,adjudicated_TCMSP_relation_set_v1.1.0
10514946,1,1,白花蛇舌草,1,MOL001670,1,primary_direct,adjudicated_TCMSP_relation_set_v1.1.0
10534862,1,4,荆芥 | 荆芥穗 | 薄荷 | 麻黄,1,MOL011876,4,primary_direct,adjudicated_TCMSP_relation_set_v1.1.0
10537120,1,2,大枣 | 枇杷叶,1,MOL012949,2,primary_direct,adjudicated_TCMSP_relation_set_v1.1.0
10538117,1,1,白及,1,MOL005764,1,primary_direct,adjudicated_TCMSP_relation_set_v1.1.0
10542808,1,1,甘草,1,MOL004838,1,primary_direct,adjudicated_TCMSP_relation_set_v1.1.0
10550610,1,3,大枣 | 玉米须 | 蕤仁,1,MOL013357,3,primary_direct,adjudicated_TCMSP_relation_set_v1.1.0
10568300,1,1,没药,1,MOL001023,1,primary_direct,adjudicated_TCMSP_relation_set_v1.1.0
10569137,1,1,辛夷,1,MOL012120,1,primary_direct,adjudicated_TCMSP_relation_set_v1.1.0
10576163,1,1,连翘,1,MOL003297,1,primary_direct,adjudicated_TCMSP_relation_set_v1.1.0
10597338,1,1,蛇床子,1,MOL003605,1,primary_direct,adjudicated_TCMSP_relation_set_v1.1.0
10603320,1,1,枇杷叶,1,MOL012545,1,primary_direct,adjudicated_TCMSP_relation_set_v1.1.0
10606775,1,1,麻黄,1,MOL010747,1,primary_direct,adjudicated_TCMSP_relation_set_v1.1.0
10607833,1,1,三棱,1,MOL001299,1,primary_direct,adjudicated_TCMSP_relation_set_v1.1.0
10613719,1,1,草果,1,MOL000074,1,primary_direct,adjudicated_TCMSP_relation_set_v1.1.0
10618232,1,1,辛夷,1,MOL012138,1,primary_direct,adjudicated_TCMSP_relation_set_v1.1.0
10632629,1,2,菊花 | 香附,1,MOL004030,2,primary_direct,adjudicated_TCMSP_relation_set_v1.1.0
10633702,1,1,香附,1,MOL004051,1,primary_direct,adjudicated_TCMSP_relation_set_v1.1.0
10643865,1,1,蝉蜕,1,MOL011682,1,primary_direct,adjudicated_TCMSP_relation_set_v1.1.0
10647480,1,1,苦丁茶,1,MOL006500,1,primary_direct,adjudicated_TCMSP_relation_set_v1.1.0
10654258,1,1,白芍,1,MOL001913,1,primary_direct,adjudicated_TCMSP_relation_set_v1.1.0
10655819,1,5,牛蒡子 | 细辛 | 菊花 | 蒿本 | 郁金,1,MOL004238,5,primary_direct,adjudicated_TCMSP_relation_set_v1.1.0
10672073,1,3,柴胡 | 荆芥 | 西洋参,1,MOL004632,3,primary_direct,adjudicated_TCMSP_relation_set_v1.1.0
10683031,1,1,郁金,1,MOL004244,1,primary_direct,adjudicated_TCMSP_relation_set_v1.1.0
10704181,1,1,满山红,1,MOL012410,1,primary_direct,adjudicated_TCMSP_relation_set_v1.1.0
10704868,1,1,款冬花,1,MOL010008,1,primary_direct,adjudicated_TCMSP_relation_set_v1.1.0
10711515,1,1,没药,1,MOL001020,1,primary_direct,adjudicated_TCMSP_relation_set_v1.1.0
10713269,1,1,辛夷,1,MOL012119,1,primary_direct,adjudicated_TCMSP_relation_set_v1.1.0
10715163,1,1,蝉蜕,1,MOL011681,1,primary_direct,adjudicated_TCMSP_relation_set_v1.1.0
10715412,1,1,蛇床子,1,MOL003598,1,primary_direct,adjudicated_TCMSP_relation_set_v1.1.0
10721020,1,1,灵芝,1,MOL011192,1,primary_direct,adjudicated_TCMSP_relation_set_v1.1.0
10725382,1,1,杜仲,1,MOL009019,1,primary_direct,adjudicated_TCMSP_relation_set_v1.1.0
10727728,1,1,板蓝根,1,MOL001830,1,primary_direct,adjudicated_TCMSP_relation_set_v1.1.0
10736226,1,1,肉豆蔻,1,MOL009267,1,primary_direct,adjudicated_TCMSP_relation_set_v1.1.0
10740654,1,1,蔓荆子,1,MOL011941,1,primary_direct,adjudicated_TCMSP_relation_set_v1.1.0
10743008,1,1,茯苓,1,MOL000273,1,primary_direct,adjudicated_TCMSP_relation_set_v1.1.0
10750739,1,3,款冬花 | 金银花 | 鬼针草,1,MOL003004,3,primary_direct,adjudicated_TCMSP_relation_set_v1.1.0
10766328,1,1,苦丁茶,1,MOL006529,1,primary_direct,adjudicated_TCMSP_relation_set_v1.1.0
10776403,1,1,三七,1,MOL007459,1,primary_direct,adjudicated_TCMSP_relation_set_v1.1.0
10779560,1,1,茜草,1,MOL006167,1,primary_direct,adjudicated_TCMSP_relation_set_v1.1.0
10788149,1,1,女贞子,1,MOL005172,1,primary_direct,adjudicated_TCMSP_relation_set_v1.1.0
10798423,1,2,西红花 | 银杏叶,1,MOL001384,2,primary_direct,adjudicated_TCMSP_relation_set_v1.1.0
10813969,1,1,月季花,1,MOL012782,1,primary_direct,adjudicated_TCMSP_relation_set_v1.1.0
10814524,1,1,猪苓,1,MOL000815,1,primary_direct,adjudicated_TCMSP_relation_set_v1.1.0
10820631,1,1,艾叶,1,MOL005747,1,primary_direct,adjudicated_TCMSP_relation_set_v1.1.0
10823100,1,1,金银花,1,MOL003026,1,primary_direct,adjudicated_TCMSP_relation_set_v1.1.0
10831307,1,1,没药,1,MOL001024,1,primary_direct,adjudicated_TCMSP_relation_set_v1.1.0
10841200,1,1,络石藤,1,MOL000531,1,primary_direct,adjudicated_TCMSP_relation_set_v1.1.0
10848577,1,1,山茱萸,1,MOL005519,1,primary_direct,adjudicated_TCMSP_relation_set_v1.1.0
10856614,1,10,柴胡 | 桂枝 | 牛蒡子 | 生姜 | 矮地茶 | 苍耳子 | 菊花 | 蒿本 | 覆盆子 | 香薷,1,MOL004717,10,primary_direct,adjudicated_TCMSP_relation_set_v1.1.0
10857540,1,1,益智,1,MOL009353,1,primary_direct,adjudicated_TCMSP_relation_set_v1.1.0
10860310,1,1,肉豆蔻,1,MOL009255,1,primary_direct,adjudicated_TCMSP_relation_set_v1.1.0
10867095,1,1,土荆皮,1,MOL008898,1,primary_direct,adjudicated_TCMSP_relation_set_v1.1.0
10869933,1,1,佩兰,1,MOL000587,1,primary_direct,adjudicated_TCMSP_relation_set_v1.1.0
10870920,1,1,没药,1,MOL001164,1,primary_direct,adjudicated_TCMSP_relation_set_v1.1.0
10877278,1,1,薄荷,1,MOL011626,1,primary_direct,adjudicated_TCMSP_relation_set_v1.1.0
10878761,1,2,白术 | 紫苏,1,MOL000058,2,primary_direct,adjudicated_TCMSP_relation_set_v1.1.0
10879760,1,1,大黄,1,MOL002262,1,primary_direct,adjudicated_TCMSP_relation_set_v1.1.0
10881804,1,1,甘草,1,MOL004815,1,primary_direct,adjudicated_TCMSP_relation_set_v1.1.0
10883331,1,2,郁金 | 高良姜,1,MOL002535,2,primary_direct,adjudicated_TCMSP_relation_set_v1.1.0
10887941,1,1,巴戟天,1,MOL009528,1,primary_direct,adjudicated_TCMSP_relation_set_v1.1.0
10887971,1,4,乳香 | 芫荽 | 荜澄茄 | 郁金,1,MOL001296,4,primary_direct,adjudicated_TCMSP_relation_set_v1.1.0
10887972,1,1,柴胡,1,MOL004714,1,primary_direct,adjudicated_TCMSP_relation_set_v1.1.0
10887985,1,2,干姜 | 生姜,1,MOL002482,2,primary_direct,adjudicated_TCMSP_relation_set_v1.1.0
10888107,1,1,柴胡,1,MOL004656,1,primary_direct,adjudicated_TCMSP_relation_set_v1.1.0
10889018,1,4,砂仁 | 紫苏 | 菊花 | 薄荷,1,MOL007554,4,primary_direct,adjudicated_TCMSP_relation_set_v1.1.0
10889124,1,1,地锦草,1,MOL006317,1,primary_direct,adjudicated_TCMSP_relation_set_v1.1.0
10889963,1,3,半枝莲 | 巴戟天 | 白花蛇舌草,1,MOL001649,3,primary_direct,adjudicated_TCMSP_relation_set_v1.1.0
10891602,1,1,紫菀,1,MOL010464,1,primary_direct,adjudicated_TCMSP_relation_set_v1.1.0
10898915,1,2,徐长卿 | 甘松,1,MOL005617,2,primary_direct,adjudicated_TCMSP_relation_set_v1.1.0
10899740,1,15,一枝黄花 | 三七花 | 柴胡 | 桂枝 | 没药 | 生姜 | 白芷 | 益母草 | 石菖蒲 | 荆芥 | 菊花 | 薄荷 | 辛夷 | 银杏叶 | 麻黄,1,MOL001179,15,primary_direct,adjudicated_TCMSP_relation_set_v1.1.0
10899741,1,4,川芎 | 满山红 | 羌活 | 麻黄,1,MOL002132,4,primary_direct,adjudicated_TCMSP_relation_set_v1.1.0
10900762,1,4,南沙参 | 白芷 | 荆芥 | 麻黄,1,MOL003449,4,primary_direct,adjudicated_TCMSP_relation_set_v1.1.0
10902387,1,1,墨旱莲,1,MOL003387,1,primary_direct,adjudicated_TCMSP_relation_set_v1.1.0
10903924,1,1,山药,1,MOL005437,1,primary_direct,adjudicated_TCMSP_relation_set_v1.1.0
10909635,1,2,没药 | 菊花,1,MOL001202,2,primary_direct,adjudicated_TCMSP_relation_set_v1.1.0
10910653,1,9,一枝黄花 | 椿皮 | 石菖蒲 | 肉桂 | 荔枝核 | 辛夷 | 郁金 | 陈皮 | 香薷,1,MOL003538,9,primary_direct,adjudicated_TCMSP_relation_set_v1.1.0
10910685,1,2,关黄柏 | 黄柏,1,MOL006414,2,primary_direct,adjudicated_TCMSP_relation_set_v1.1.0
10911621,1,1,土贝母,1,MOL010312,1,primary_direct,adjudicated_TCMSP_relation_set_v1.1.0
10914066,1,1,大黄,1,MOL002237,1,primary_direct,adjudicated_TCMSP_relation_set_v1.1.0
10914547,1,1,余甘子,1,MOL006800,1,primary_direct,adjudicated_TCMSP_relation_set_v1.1.0
10920530,1,1,零陵香,1,MOL011883,1,primary_direct,adjudicated_TCMSP_relation_set_v1.1.0
10920919,1,1,龙脷叶,1,MOL008748,1,primary_direct,adjudicated_TCMSP_relation_set_v1.1.0
10922465,1,1,青蒿,1,MOL007428,1,primary_direct,adjudicated_TCMSP_relation_set_v1.1.0
10923274,1,1,没药,1,MOL001173,1,primary_direct,adjudicated_TCMSP_relation_set_v1.1.0
10931630,1,3,桂枝 | 甘松 | 西洋参,1,MOL011432,3,primary_direct,adjudicated_TCMSP_relation_set_v1.1.0
10932599,1,1,藁本,1,MOL011773,1,primary_direct,adjudicated_TCMSP_relation_set_v1.1.0
10937119,1,1,关黄柏,1,MOL006417,1,primary_direct,adjudicated_TCMSP_relation_set_v1.1.0
10944926,1,2,罗汉果 | 菊花,1,MOL010079,2,primary_direct,adjudicated_TCMSP_relation_set_v1.1.0
10946210,1,2,乳香 | 牡荆叶,1,MOL001234,2,primary_direct,adjudicated_TCMSP_relation_set_v1.1.0
10946969,1,1,商陆,1,MOL003797,1,primary_direct,adjudicated_TCMSP_relation_set_v1.1.0
10956572,1,1,紫苏,1,MOL006205,1,primary_direct,adjudicated_TCMSP_relation_set_v1.1.0
10965145,1,1,地榆,1,MOL005854,1,primary_direct,adjudicated_TCMSP_relation_set_v1.1.0
10966105,1,2,生姜 | 砂仁,1,MOL007548,2,primary_direct,adjudicated_TCMSP_relation_set_v1.1.0
10969850,1,2,贯叶金丝桃 | 银杏叶,1,MOL005929,2,primary_direct,adjudicated_TCMSP_relation_set_v1.1.0
10970376,1,2,栀子 | 金银花,1,MOL003095,2,primary_direct,adjudicated_TCMSP_relation_set_v1.1.0
10976879,1,1,枸杞子,1,MOL009606,1,primary_direct,adjudicated_TCMSP_relation_set_v1.1.0
10977290,1,1,佩兰,1,MOL000585,1,primary_direct,adjudicated_TCMSP_relation_set_v1.1.0
10979933,1,1,余甘子,1,MOL006778,1,primary_direct,adjudicated_TCMSP_relation_set_v1.1.0
10983572,1,1,茵陈,1,MOL008053,1,primary_direct,adjudicated_TCMSP_relation_set_v1.1.0
10986446,1,4,凌霄花 | 没药 | 番泻叶 | 紫花地丁,1,MOL001017,4,primary_direct,adjudicated_TCMSP_relation_set_v1.1.0
10986613,1,1,荆芥穗,1,MOL011877,1,primary_direct,adjudicated_TCMSP_relation_set_v1.1.0
10987383,1,4,桂枝 | 椿皮 | 苍耳子 | 辛夷,1,MOL006316,4,primary_direct,adjudicated_TCMSP_relation_set_v1.1.0
10988340,1,2,泽泻 | 郁金,1,MOL000827,2,primary_direct,adjudicated_TCMSP_relation_set_v1.1.0
10998653,1,1,丹参,1,MOL007035,1,primary_direct,adjudicated_TCMSP_relation_set_v1.1.0
11008522,1,1,洋金花,1,MOL011524,1,primary_direct,adjudicated_TCMSP_relation_set_v1.1.0
11011966,1,1,丹参,1,MOL007036,1,primary_direct,adjudicated_TCMSP_relation_set_v1.1.0
11021311,1,1,没药,1,MOL001064,1,primary_direct,adjudicated_TCMSP_relation_set_v1.1.0
11029861,1,1,川芎,1,MOL002172,1,primary_direct,adjudicated_TCMSP_relation_set_v1.1.0
11033582,1,1,儿茶,1,MOL008431,1,primary_direct,adjudicated_TCMSP_relation_set_v1.1.0
11051711,1,47,乌敛莓 | 侧柏叶 | 八角茴香 | 千年健 | 南鹤虱 | 吴茱萸 | 小茴香 | 山柰 | 川芎 | 常山 | 干姜 | 木棉花 | 枳实 | 没药 | 满山红 | 牡荆叶 | 牡荆子 | 牵牛子 | 生姜 | 石菖蒲 | 砂仁 | 紫苏 | 细辛 | 羌活 | 胡椒 | 艾叶 | 芫荽 | 花椒 | 荆芥 | 荜茇 | 莪术 | 菊花 | 蒿本 | 蔓荆子 | 薄荷 | 藁本 | 覆盆子 | 豆蔻 | 辛夷 | 连翘 | 防风 | 陈皮 | 香薷 | 高良姜 | 鬼针草 | 麻黄 | 黑芝麻,1,MOL000268,47,primary_direct,adjudicated_TCMSP_relation_set_v1.1.0
11052941,1,1,川牛膝,1,MOL012293,1,primary_direct,adjudicated_TCMSP_relation_set_v1.1.0
11062697,1,1,川芎,1,MOL002188,1,primary_direct,adjudicated_TCMSP_relation_set_v1.1.0
11085323,1,1,川芎,1,MOL002165,1,primary_direct,adjudicated_TCMSP_relation_set_v1.1.0
11095734,1,30,乳香 | 佩兰 | 地枫皮 | 川芎 | 常山 | 木香 | 桂枝 | 桑叶 | 椿皮 | 沉香 | 牡荆叶 | 生姜 | 白芷 | 矮地茶 | 紫苏子 | 红参 | 细辛 | 肉桂 | 艾叶 | 苍耳子 | 莪术 | 菊花 | 蒿本 | 蔓荆子 | 藁本 | 辛夷 | 郁金 | 香薷 | 鬼针草 | 麻黄,1,MOL000208,30,primary_direct,adjudicated_TCMSP_relation_set_v1.1.0
11160025,1,4,椿皮 | 檀香 | 石菖蒲 | 香附,1,MOL003557,4,primary_direct,adjudicated_TCMSP_relation_set_v1.1.0
11163864,1,1,白及,1,MOL005755,1,primary_direct,adjudicated_TCMSP_relation_set_v1.1.0
11206026,1,1,佛手,1,MOL013252,1,primary_direct,adjudicated_TCMSP_relation_set_v1.1.0
11228920,1,2,佛手 | 肉豆蔻,1,MOL009252,2,primary_direct,adjudicated_TCMSP_relation_set_v1.1.0
11241545,1,33,佩兰 | 八角茴香 | 北五味子 | 十大功劳叶 | 升麻 | 南蛇藤果 | 吴茱萸 | 地枫皮 | 安息香 | 干姜 | 广藿香 | 桑寄生 | 檀香 | 独活 | 玳玳花 | 生姜 | 瞿麦 | 石菖蒲 | 砂仁 | 紫苏 | 细辛 | 肉桂 | 艾叶 | 芫荽 | 花椒 | 荆芥 | 草果 | 菊花 | 西河柳 | 豆蔻 | 辣椒 | 银杏叶 | 麻黄,1,MOL000119,33,primary_direct,adjudicated_TCMSP_relation_set_v1.1.0
11250133,1,6,大腹皮 | 扁豆花 | 槟榔 | 罗布麻叶 | 赤小豆 | 金荞麦,1,MOL000004,6,primary_direct,adjudicated_TCMSP_relation_set_v1.1.0
11265913,1,1,川芎,1,MOL002100,1,primary_direct,adjudicated_TCMSP_relation_set_v1.1.0
11281091,1,1,半边莲,1,MOL012225,1,primary_direct,adjudicated_TCMSP_relation_set_v1.1.0
11282492,1,1,白及,1,MOL005765,1,primary_direct,adjudicated_TCMSP_relation_set_v1.1.0
11286536,1,4,丁香 | 罗汉果 | 芫荽 | 香橼,1,MOL010090,4,primary_direct,adjudicated_TCMSP_relation_set_v1.1.0
11289099,1,1,密蒙花,1,MOL006665,1,primary_direct,adjudicated_TCMSP_relation_set_v1.1.0
11294177,1,3,水红花子 | 菊花 | 银杏叶,1,MOL011580,3,primary_direct,adjudicated_TCMSP_relation_set_v1.1.0
11298625,1,11,一枝黄花 | 千斤拔 | 木香 | 桂枝 | 牡荆叶 | 肉桂 | 苏合香 | 荔枝核 | 薄荷 | 高良姜 | 麻黄,1,MOL000677,11,primary_direct,adjudicated_TCMSP_relation_set_v1.1.0
11311158,1,1,骨碎补,1,MOL009084,1,primary_direct,adjudicated_TCMSP_relation_set_v1.1.0
11317652,1,1,白及,1,MOL005774,1,primary_direct,adjudicated_TCMSP_relation_set_v1.1.0
11327449,1,1,银柴胡,1,MOL007709,1,primary_direct,adjudicated_TCMSP_relation_set_v1.1.0
11333027,1,1,胡椒,1,MOL002845,1,primary_direct,adjudicated_TCMSP_relation_set_v1.1.0
11335274,1,2,吴茱萸 | 生姜,1,MOL003978,2,primary_direct,adjudicated_TCMSP_relation_set_v1.1.0
11349817,1,1,甘草,1,MOL004852,1,primary_direct,adjudicated_TCMSP_relation_set_v1.1.0
11351007,1,1,女贞子,1,MOL005205,1,primary_direct,adjudicated_TCMSP_relation_set_v1.1.0
11361225,1,1,龙胆,1,MOL003163,1,primary_direct,adjudicated_TCMSP_relation_set_v1.1.0
11367121,1,1,西红花,1,MOL001379,1,primary_direct,adjudicated_TCMSP_relation_set_v1.1.0
11388341,1,1,龙胆,1,MOL003158,1,primary_direct,adjudicated_TCMSP_relation_set_v1.1.0
11389600,1,1,草果,1,MOL000113,1,primary_direct,adjudicated_TCMSP_relation_set_v1.1.0
11389922,1,1,花椒,1,MOL013267,1,primary_direct,adjudicated_TCMSP_relation_set_v1.1.0
11401461,1,9,伸筋草 | 大蓟 | 广藿香 | 木香 | 松节 | 砂仁 | 艾叶 | 芦根 | 辣椒,1,MOL003180,9,primary_direct,adjudicated_TCMSP_relation_set_v1.1.0
11412603,1,1,草果,1,MOL000083,1,primary_direct,adjudicated_TCMSP_relation_set_v1.1.0
11413813,1,1,高良姜,1,MOL002561,1,primary_direct,adjudicated_TCMSP_relation_set_v1.1.0
11413903,1,3,枇杷叶 | 柴胡 | 茺蔚子,1,MOL000872,3,primary_direct,adjudicated_TCMSP_relation_set_v1.1.0
11423556,1,2,吴茱萸 | 百合,1,MOL003998,2,primary_direct,adjudicated_TCMSP_relation_set_v1.1.0
11424773,1,1,穿心莲,1,MOL008207,1,primary_direct,adjudicated_TCMSP_relation_set_v1.1.0
11426154,1,2,关黄柏 | 荷叶,1,MOL006405,2,primary_direct,adjudicated_TCMSP_relation_set_v1.1.0
11426211,1,1,常山,1,MOL008178,1,primary_direct,adjudicated_TCMSP_relation_set_v1.1.0
11429497,1,1,海风藤,1,MOL000320,1,primary_direct,adjudicated_TCMSP_relation_set_v1.1.0
11435490,1,8,柴胡 | 甘松 | 生姜 | 白芷 | 羌活 | 芫荽 | 菊花 | 鹅不食草,1,MOL004581,8,primary_direct,adjudicated_TCMSP_relation_set_v1.1.0
11437978,1,1,白及,1,MOL005756,1,primary_direct,adjudicated_TCMSP_relation_set_v1.1.0
11438306,1,1,半夏,1,MOL006957,1,primary_direct,adjudicated_TCMSP_relation_set_v1.1.0
11439770,1,1,海风藤,1,MOL000318,1,primary_direct,adjudicated_TCMSP_relation_set_v1.1.0
11444588,1,1,矮地茶,1,MOL010963,1,primary_direct,adjudicated_TCMSP_relation_set_v1.1.0
11447394,1,1,香附,1,MOL004055,1,primary_direct,adjudicated_TCMSP_relation_set_v1.1.0
11449086,1,5,儿茶 | 土茯苓 | 桑枝 | 菝葜 | 鬼箭羽,1,MOL000730,5,primary_direct,adjudicated_TCMSP_relation_set_v1.1.0
11457687,1,2,柴胡 | 檀香,1,MOL004716,2,primary_direct,adjudicated_TCMSP_relation_set_v1.1.0
11461162,1,1,儿茶,1,MOL008428,1,primary_direct,adjudicated_TCMSP_relation_set_v1.1.0
11462191,1,1,蔓荆子,1,MOL011900,1,primary_direct,adjudicated_TCMSP_relation_set_v1.1.0
11462401,1,1,延胡索,1,MOL004200,1,primary_direct,adjudicated_TCMSP_relation_set_v1.1.0
11468733,1,7,三七 | 人参 | 人参叶 | 竹节参 | 红参 | 绞股蓝 | 西洋参,1,MOL005284,7,primary_direct,adjudicated_TCMSP_relation_set_v1.1.0
11469649,1,7,北五味子 | 生姜 | 细辛 | 芫荽 | 菊花 | 蒿本 | 藁本,1,MOL008990,7,primary_direct,adjudicated_TCMSP_relation_set_v1.1.0
11472105,1,1,鹅不食草,1,MOL011704,1,primary_direct,adjudicated_TCMSP_relation_set_v1.1.0
11473265,1,1,巴豆,1,MOL001628,1,primary_direct,adjudicated_TCMSP_relation_set_v1.1.0
11503965,1,1,仙茅,1,MOL004165,1,primary_direct,adjudicated_TCMSP_relation_set_v1.1.0
11504083,1,3,凌霄花 | 枇杷叶 | 麻黄,1,MOL012346,3,primary_direct,adjudicated_TCMSP_relation_set_v1.1.0
11506999,1,1,山慈菇,1,MOL007991,1,primary_direct,adjudicated_TCMSP_relation_set_v1.1.0
11521428,1,1,川芎,1,MOL002210,1,primary_direct,adjudicated_TCMSP_relation_set_v1.1.0
11522801,1,1,青叶胆,1,MOL007965,1,primary_direct,adjudicated_TCMSP_relation_set_v1.1.0
11537361,1,1,百部,1,MOL009441,1,primary_direct,adjudicated_TCMSP_relation_set_v1.1.0
11558452,1,1,甘草,1,MOL004913,1,primary_direct,adjudicated_TCMSP_relation_set_v1.1.0
11564505,1,2,佛手 | 细辛,1,MOL013260,2,primary_direct,adjudicated_TCMSP_relation_set_v1.1.0
11571818,1,1,款冬花,1,MOL010021,1,primary_direct,adjudicated_TCMSP_relation_set_v1.1.0
11573479,1,1,一枝黄花,1,MOL012165,1,primary_direct,adjudicated_TCMSP_relation_set_v1.1.0
11586487,1,7,干姜 | 生姜 | 羌活 | 菊花 | 蒿本 | 藁本 | 郁金,1,MOL002475,7,primary_direct,adjudicated_TCMSP_relation_set_v1.1.0
11600642,1,3,丹参 | 石见穿 | 黄连,1,MOL007134,3,primary_direct,adjudicated_TCMSP_relation_set_v1.1.0
11602092,1,1,丹参,1,MOL007140,1,primary_direct,adjudicated_TCMSP_relation_set_v1.1.0
11602329,1,1,甘草,1,MOL004914,1,primary_direct,adjudicated_TCMSP_relation_set_v1.1.0
11604108,1,6,关黄柏 | 半边莲 | 玉竹 | 雷公藤 | 黄柏 | 黄精,1,MOL006384,6,primary_direct,adjudicated_TCMSP_relation_set_v1.1.0
11630663,1,1,荜茇,1,MOL001587,1,primary_direct,adjudicated_TCMSP_relation_set_v1.1.0
11637048,1,1,满山红,1,MOL012431,1,primary_direct,adjudicated_TCMSP_relation_set_v1.1.0
11637239,1,2,姜黄 | 莪术,1,MOL000921,2,primary_direct,adjudicated_TCMSP_relation_set_v1.1.0
11651583,1,1,香附,1,MOL004032,1,primary_direct,adjudicated_TCMSP_relation_set_v1.1.0
11659239,1,1,巴戟天,1,MOL009517,1,primary_direct,adjudicated_TCMSP_relation_set_v1.1.0
11664505,1,1,金盏菊花,1,MOL006096,1,primary_direct,adjudicated_TCMSP_relation_set_v1.1.0
11666871,1,1,穿心莲,1,MOL008219,1,primary_direct,adjudicated_TCMSP_relation_set_v1.1.0
11673075,1,2,木香 | 甘松,1,MOL010536,2,primary_direct,adjudicated_TCMSP_relation_set_v1.1.0
11673107,1,1,檀香,1,MOL007588,1,primary_direct,adjudicated_TCMSP_relation_set_v1.1.0
11674044,1,1,巴戟天,1,MOL009500,1,primary_direct,adjudicated_TCMSP_relation_set_v1.1.0
11688333,1,1,菊花,1,MOL011816,1,primary_direct,adjudicated_TCMSP_relation_set_v1.1.0
11703153,1,1,肉豆蔻,1,MOL009241,1,primary_direct,adjudicated_TCMSP_relation_set_v1.1.0
11711021,1,1,侧柏叶,1,MOL002034,1,primary_direct,adjudicated_TCMSP_relation_set_v1.1.0
11711453,1,2,关黄柏 | 雷公藤,1,MOL006364,2,primary_direct,adjudicated_TCMSP_relation_set_v1.1.0
11717379,1,1,海风藤,1,MOL000327,1,primary_direct,adjudicated_TCMSP_relation_set_v1.1.0
11736067,1,3,姜黄 | 莪术 | 降香,1,MOL000944,3,primary_direct,adjudicated_TCMSP_relation_set_v1.1.0
11740990,1,1,熟地黄,1,MOL003725,1,primary_direct,adjudicated_TCMSP_relation_set_v1.1.0
11744785,1,1,高良姜,1,MOL002571,1,primary_direct,adjudicated_TCMSP_relation_set_v1.1.0
11744854,1,1,丹参,1,MOL007047,1,primary_direct,adjudicated_TCMSP_relation_set_v1.1.0
11745794,1,1,关黄柏,1,MOL006415,1,primary_direct,adjudicated_TCMSP_relation_set_v1.1.0
11747425,1,1,没药,1,MOL001157,1,primary_direct,adjudicated_TCMSP_relation_set_v1.1.0
11757331,1,1,石上柏,1,MOL007576,1,primary_direct,adjudicated_TCMSP_relation_set_v1.1.0
11769623,1,1,三七,1,MOL007509,1,primary_direct,adjudicated_TCMSP_relation_set_v1.1.0
11769694,1,2,泽泻 | 黄药子,1,MOL000836,2,primary_direct,adjudicated_TCMSP_relation_set_v1.1.0
11770062,1,10,昆布 | 桂枝 | 生姜 | 白芷 | 罗汉果 | 羌活 | 菊花 | 西河柳 | 辛夷 | 防风,1,MOL010120,10,primary_direct,adjudicated_TCMSP_relation_set_v1.1.0
11771639,1,1,蔓荆子,1,MOL011926,1,primary_direct,adjudicated_TCMSP_relation_set_v1.1.0
11776892,1,2,莪术 | 郁金,1,MOL000897,2,primary_direct,adjudicated_TCMSP_relation_set_v1.1.0
11777169,1,1,降香,1,MOL002984,1,primary_direct,adjudicated_TCMSP_relation_set_v1.1.0
11778225,1,1,急性子,1,MOL008612,1,primary_direct,adjudicated_TCMSP_relation_set_v1.1.0
11778300,1,1,丹参,1,MOL007099,1,primary_direct,adjudicated_TCMSP_relation_set_v1.1.0
11779541,1,1,降香,1,MOL002997,1,primary_direct,adjudicated_TCMSP_relation_set_v1.1.0
11783365,1,1,香加皮,1,MOL005650,1,primary_direct,adjudicated_TCMSP_relation_set_v1.1.0
11788274,1,2,常山 | 芫荽,1,MOL008163,2,primary_direct,adjudicated_TCMSP_relation_set_v1.1.0
11788398,1,8,凌霄花 | 生姜 | 紫苏 | 紫苏子 | 细辛 | 艾叶 | 菊花 | 香薷,1,MOL005752,8,primary_direct,adjudicated_TCMSP_relation_set_v1.1.0
11789373,1,2,菊花 | 野菊花,1,MOL008921,2,primary_direct,adjudicated_TCMSP_relation_set_v1.1.0
11789644,1,1,乳香,1,MOL001292,1,primary_direct,adjudicated_TCMSP_relation_set_v1.1.0
11796268,1,1,功劳木,1,MOL013004,1,primary_direct,adjudicated_TCMSP_relation_set_v1.1.0
11797786,1,1,连翘,1,MOL003296,1,primary_direct,adjudicated_TCMSP_relation_set_v1.1.0
11799446,1,1,漏芦,1,MOL007943,1,primary_direct,adjudicated_TCMSP_relation_set_v1.1.0
11800639,1,1,大黄,1,MOL002283,1,primary_direct,adjudicated_TCMSP_relation_set_v1.1.0
11804727,1,2,竹节参 | 陈皮,1,MOL005821,2,primary_direct,adjudicated_TCMSP_relation_set_v1.1.0
11804943,1,2,川芎 | 当归,1,MOL002184,2,primary_direct,adjudicated_TCMSP_relation_set_v1.1.0
11809239,1,1,连翘,1,MOL003329,1,primary_direct,adjudicated_TCMSP_relation_set_v1.1.0
11810558,1,1,玄参,1,MOL007663,1,primary_direct,adjudicated_TCMSP_relation_set_v1.1.0
11812750,1,2,白头翁 | 鸡骨草,1,MOL001957,2,primary_direct,adjudicated_TCMSP_relation_set_v1.1.0
11815467,1,1,桑椹,1,MOL010298,1,primary_direct,adjudicated_TCMSP_relation_set_v1.1.0
11815846,1,1,牵牛子,1,MOL005259,1,primary_direct,adjudicated_TCMSP_relation_set_v1.1.0
11816951,1,2,大枣 | 枇杷叶,1,MOL012966,2,primary_direct,adjudicated_TCMSP_relation_set_v1.1.0
11817856,1,1,前胡,1,MOL013076,1,primary_direct,adjudicated_TCMSP_relation_set_v1.1.0
11819488,1,2,白芷 | 芫荽,1,MOL005808,2,primary_direct,adjudicated_TCMSP_relation_set_v1.1.0
11820258,1,4,人参 | 川芎 | 金银花 | 鬼针草,1,MOL002121,4,primary_direct,adjudicated_TCMSP_relation_set_v1.1.0
11842593,1,9,乳香 | 吴茱萸 | 川芎 | 干姜 | 柴胡 | 白芷 | 菊花 | 蒿本 | 麻黄,1,MOL001210,9,primary_direct,adjudicated_TCMSP_relation_set_v1.1.0
11870462,1,4,倒扣草 | 党参 | 紫菀 | 金银花,1,MOL003036,4,primary_direct,adjudicated_TCMSP_relation_set_v1.1.0
11954881,1,1,板蓝根,1,MOL001765,1,primary_direct,adjudicated_TCMSP_relation_set_v1.1.0
11972394,1,1,板蓝根,1,MOL001834,1,primary_direct,adjudicated_TCMSP_relation_set_v1.1.0
11975273,1,14,南瓜子 | 威灵仙 | 桑椹 | 槟榔 | 番泻叶 | 相思子 | 紫草 | 红参 | 苦杏仁 | 荆芥穗 | 薏苡仁 | 虎耳草 | 鼠曲草 | 龙脷叶,1,MOL002372,14,primary_direct,adjudicated_TCMSP_relation_set_v1.1.0
11996452,1,10,椿皮 | 沉香 | 淫羊藿 | 玳玳花 | 甘松 | 生姜 | 矮地茶 | 紫苏 | 荔枝核 | 菊花,1,MOL004419,10,primary_direct,adjudicated_TCMSP_relation_set_v1.1.0
12002600,1,1,柴胡,1,MOL004602,1,primary_direct,adjudicated_TCMSP_relation_set_v1.1.0
12004524,1,3,关黄柏 | 椿皮 | 黄柏,1,MOL006276,3,primary_direct,adjudicated_TCMSP_relation_set_v1.1.0
12095091,1,3,两面针 | 佛手 | 荠菜,1,MOL005087,3,primary_direct,adjudicated_TCMSP_relation_set_v1.1.0
12219153,1,2,川贝母 | 红花,1,MOL002687,2,primary_direct,adjudicated_TCMSP_relation_set_v1.1.0
12263096,1,2,甘草 | 菊花,1,MOL004970,2,primary_direct,adjudicated_TCMSP_relation_set_v1.1.0
12299190,1,2,凌霄花 | 生姜,1,MOL012359,2,primary_direct,adjudicated_TCMSP_relation_set_v1.1.0
12299191,1,2,胡椒 | 菊花,1,MOL002832,2,primary_direct,adjudicated_TCMSP_relation_set_v1.1.0
12299876,1,1,白术,1,MOL000046,1,primary_direct,adjudicated_TCMSP_relation_set_v1.1.0
12300041,1,1,桃仁,1,MOL001373,1,primary_direct,adjudicated_TCMSP_relation_set_v1.1.0
12300069,1,1,没药,1,MOL001204,1,primary_direct,adjudicated_TCMSP_relation_set_v1.1.0
12300073,1,2,姜黄 | 当归,1,MOL000967,2,primary_direct,adjudicated_TCMSP_relation_set_v1.1.0
12302130,1,3,人参 | 北五味子 | 豨莶草,1,MOL004174,3,primary_direct,adjudicated_TCMSP_relation_set_v1.1.0
12302190,1,1,紫苏子,1,MOL012884,1,primary_direct,adjudicated_TCMSP_relation_set_v1.1.0
12302223,1,3,枇杷叶 | 椿皮 | 矮地茶,1,MOL006288,3,primary_direct,adjudicated_TCMSP_relation_set_v1.1.0
12302226,1,1,牡荆叶,1,MOL011898,1,primary_direct,adjudicated_TCMSP_relation_set_v1.1.0
12302227,1,4,柴胡 | 桂枝 | 生姜 | 紫苏,1,MOL004707,4,primary_direct,adjudicated_TCMSP_relation_set_v1.1.0
12302243,1,12,功劳木 | 山茱萸 | 柴胡 | 桂枝 | 椿皮 | 矮地茶 | 石菖蒲 | 砂仁 | 菊花 | 辛夷 | 郁金 | 麻黄,1,MOL003573,12,primary_direct,adjudicated_TCMSP_relation_set_v1.1.0
12302318,1,1,紫菀,1,MOL010475,1,primary_direct,adjudicated_TCMSP_relation_set_v1.1.0
12302323,1,1,紫菀,1,MOL010479,1,primary_direct,adjudicated_TCMSP_relation_set_v1.1.0
12303645,1,160,一枝黄花 | 两头尖 | 两面针 | 乌药 | 亚麻子 | 人参叶 | 伸筋草 | 佩兰 | 冬瓜子 | 刀豆 | 前胡 | 千金子 | 升麻 | 半枝莲 | 南瓜子 | 南蛇藤果 | 吴茱萸 | 土茯苓 | 土贝母 | 地耳草 | 地锦草 | 大皂荚 | 大蓟 | 大血藤 | 天仙藤 | 天冬 | 天南星 | 娑罗子 | 寻骨风 | 小蓟 | 山楂叶 | 山茱萸 | 川木通 | 川槿皮 | 川芎 | 川贝母 | 巴戟天 | 巴豆 | 常山 | 干姜 | 平贝母 | 延胡索 | 徐长卿 | 景天三七 | 木香 | 松花粉 | 板蓝根 | 枸骨叶 | 柏子仁 | 桂枝 | 桑寄生 | 槲寄生 | 沙棘 | 泽泻 | 淫羊藿 | 漏芦 | 火麻仁 | 灯心草 | 熟地黄 | 牡丹皮 | 牵牛子 | 猕猴桃根 | 猪牙皂 | 玄参 | 玉米须 | 玫瑰花 | 瓦松 | 甘松 | 甘草 | 番泻叶 | 白前 | 白芍 | 白蔹 | 白薇 | 白附子 | 百部 | 皂角刺 | 益智 | 相思子 | 石上柏 | 秦艽 | 积雪草 | 紫花前胡 | 紫草 | 络石藤 | 绞股蓝 | 续断 | 绿豆 | 罗布麻叶 | 羌活 | 翻白草 | 老鹳草 | 肿节风 | 胖大海 | 芦荟 | 芫花 | 花生衣 | 苍耳子 | 苦杏仁 | 苦楝子 | 苦楝皮 | 茜草 | 荆芥 | 荆芥穗 | 荔枝核 | 荜澄茄 | 荷叶 | 莱菔子 | 菝葜 | 萹蓄 | 葛花 | 葱白 | 蒺藜 | 蔓荆子 | 蕤仁 | 薄荷 | 薏苡仁 | 藁本 | 西河柳 | 覆盆子 | 败酱草 | 贯叶金丝桃 | 赤芍 | 路路通 | 车前子 | 车前草 | 辣椒 | 通草 | 郁金 | 野菊花 | 金盏菊花 | 金荞麦 | 金莲花 | 金钱草 | 钩藤 | 铁线透骨草 | 银柴胡 | 锦灯笼 | 防风 | 附子 | 陈皮 | 降香 | 零陵香 | 雷丸 | 青叶胆 | 青蒿 | 预知子 | 香加皮 | 香附 | 高良姜 | 鬼箭羽 | 鸡屎藤 | 鹅不食草 | 鹿衔草 | 麦芽 | 黄精 | 黄芩 | 鼠曲草 | 龙胆 | 龙葵,1,MOL000359,160,primary_direct,adjudicated_TCMSP_relation_set_v1.1.0
12303666,1,1,酸枣仁,1,MOL001532,1,primary_direct,adjudicated_TCMSP_relation_set_v1.1.0
12303924,1,3,关黄柏 | 千金子 | 夏枯草,1,MOL005217,3,primary_direct,adjudicated_TCMSP_relation_set_v1.1.0
12304196,1,1,没药,1,MOL001196,1,primary_direct,adjudicated_TCMSP_relation_set_v1.1.0
12304222,1,1,丁香,1,MOL013232,1,primary_direct,adjudicated_TCMSP_relation_set_v1.1.0
12304272,1,1,郁金,1,MOL004243,1,primary_direct,adjudicated_TCMSP_relation_set_v1.1.0
12304273,1,3,生姜 | 菊花 | 覆盆子,1,MOL008434,3,primary_direct,adjudicated_TCMSP_relation_set_v1.1.0
12304325,1,1,没药,1,MOL000999,1,primary_direct,adjudicated_TCMSP_relation_set_v1.1.0
12304570,1,3,三七 | 绞股蓝 | 芫荽,1,MOL007464,3,primary_direct,adjudicated_TCMSP_relation_set_v1.1.0
12304610,1,1,北五味子,1,MOL008991,1,primary_direct,adjudicated_TCMSP_relation_set_v1.1.0
12304886,1,1,女贞子,1,MOL005152,1,primary_direct,adjudicated_TCMSP_relation_set_v1.1.0
12304985,1,15,丁香 | 川芎 | 广藿香 | 木香 | 牡荆叶 | 独活 | 生姜 | 白芷 | 荆芥 | 菊花 | 西红花 | 金钱草 | 防己 | 防风 | 麻黄,1,MOL001390,15,primary_direct,adjudicated_TCMSP_relation_set_v1.1.0
12305110,1,1,款冬花,1,MOL010019,1,primary_direct,adjudicated_TCMSP_relation_set_v1.1.0
12305182,1,2,白茅根 | 薏苡仁,1,MOL001874,2,primary_direct,adjudicated_TCMSP_relation_set_v1.1.0
12305213,1,1,北五味子,1,MOL008942,1,primary_direct,adjudicated_TCMSP_relation_set_v1.1.0
12305247,1,1,当归,1,MOL008283,1,primary_direct,adjudicated_TCMSP_relation_set_v1.1.0
12305517,1,2,杜仲 | 甘草,1,MOL004987,2,primary_direct,adjudicated_TCMSP_relation_set_v1.1.0
12305721,1,2,常山 | 白鲜皮,1,MOL006268,2,primary_direct,adjudicated_TCMSP_relation_set_v1.1.0
12305761,1,1,芦荟,1,MOL005046,1,primary_direct,adjudicated_TCMSP_relation_set_v1.1.0
12305991,1,1,葶苈子,1,MOL003910,1,primary_direct,adjudicated_TCMSP_relation_set_v1.1.0
12306046,1,9,安息香 | 常山 | 柴胡 | 桂枝 | 椿皮 | 水红花子 | 芫荽 | 菊花 | 薄荷,1,MOL006287,9,primary_direct,adjudicated_TCMSP_relation_set_v1.1.0
12306047,1,29,一枝黄花 | 丁香 | 伸筋草 | 厚朴 | 吴茱萸 | 木棉花 | 桂枝 | 款冬花 | 没药 | 满山红 | 生姜 | 白芷 | 紫苏 | 细辛 | 羌活 | 肉桂 | 苍耳子 | 菊花 | 蔓荆子 | 蛇床子 | 西河柳 | 辛夷 | 金银花 | 防己 | 防风 | 香薷 | 香附 | 高良姜 | 鹅不食草,1,MOL001123,29,primary_direct,adjudicated_TCMSP_relation_set_v1.1.0
12306048,1,8,凌霄花 | 桂枝 | 椿皮 | 苍耳子 | 薄荷 | 辛夷 | 香薷 | 香附,1,MOL004056,8,primary_direct,adjudicated_TCMSP_relation_set_v1.1.0
12306049,1,10,巴戟天 | 枸杞子 | 桂枝 | 生姜 | 石菖蒲 | 蛇床子 | 辛夷 | 金银花 | 香薷 | 鬼针草,1,MOL003126,10,primary_direct,adjudicated_TCMSP_relation_set_v1.1.0
12306052,1,3,椿皮 | 覆盆子 | 辛夷,1,MOL006286,3,primary_direct,adjudicated_TCMSP_relation_set_v1.1.0
12306055,1,9,丹参 | 吴茱萸 | 广藿香 | 满山红 | 矮地茶 | 胡椒 | 辛夷 | 香薷 | 马兜铃,1,MOL002835,9,primary_direct,adjudicated_TCMSP_relation_set_v1.1.0
12306059,1,1,石菖蒲,1,MOL003556,1,primary_direct,adjudicated_TCMSP_relation_set_v1.1.0
12306155,1,1,乳香,1,MOL001244,1,primary_direct,adjudicated_TCMSP_relation_set_v1.1.0
12306866,1,2,三分三 | 洋金花,1,MOL005408,2,primary_direct,adjudicated_TCMSP_relation_set_v1.1.0
12308603,1,1,青蒿,1,MOL007411,1,primary_direct,adjudicated_TCMSP_relation_set_v1.1.0
12308619,1,1,白茅根,1,MOL001879,1,primary_direct,adjudicated_TCMSP_relation_set_v1.1.0
12308625,1,2,北刘寄奴 | 花椒,1,MOL008130,2,primary_direct,adjudicated_TCMSP_relation_set_v1.1.0
12308845,1,10,一枝黄花 | 北五味子 | 椿皮 | 生姜 | 砂仁 | 紫苏 | 细辛 | 蒿本 | 藁本 | 香薷,1,MOL006292,10,primary_direct,adjudicated_TCMSP_relation_set_v1.1.0
12308846,1,2,山柰 | 香薷,1,MOL012107,2,primary_direct,adjudicated_TCMSP_relation_set_v1.1.0
12308885,1,1,葶苈子,1,MOL003907,1,primary_direct,adjudicated_TCMSP_relation_set_v1.1.0
12308908,1,1,罂粟壳,1,MOL009335,1,primary_direct,adjudicated_TCMSP_relation_set_v1.1.0
12309018,1,1,西洋参,1,MOL011419,1,primary_direct,adjudicated_TCMSP_relation_set_v1.1.0
12309050,1,2,南鹤虱 | 玫瑰花,1,MOL006104,2,primary_direct,adjudicated_TCMSP_relation_set_v1.1.0
12309067,1,2,丹参 | 蔓荆子,1,MOL007096,2,primary_direct,adjudicated_TCMSP_relation_set_v1.1.0
12309077,1,3,大青叶 | 板蓝根 | 蓼大青叶,1,MOL001770,3,primary_direct,adjudicated_TCMSP_relation_set_v1.1.0
12309092,1,1,北豆根,1,MOL012917,1,primary_direct,adjudicated_TCMSP_relation_set_v1.1.0
12309447,1,1,当归,1,MOL008244,1,primary_direct,adjudicated_TCMSP_relation_set_v1.1.0
12309449,1,15,一枝黄花 | 凌霄花 | 墓头回 | 椿皮 | 生姜 | 白芷 | 紫苏 | 细辛 | 羌活 | 芫荽 | 荜茇 | 菊花 | 蒿本 | 蔓荆子 | 辛夷,1,MOL001608,15,primary_direct,adjudicated_TCMSP_relation_set_v1.1.0
12309451,1,3,人参 | 藁本 | 郁金,1,MOL004237,3,primary_direct,adjudicated_TCMSP_relation_set_v1.1.0
12309452,1,18,一枝黄花 | 姜黄 | 桂枝 | 款冬花 | 生姜 | 白术 | 益母草 | 紫苏 | 细辛 | 羌活 | 芫荽 | 莪术 | 菊花 | 蒿本 | 蔓荆子 | 薄荷 | 辛夷 | 鹅不食草,1,MOL000037,18,primary_direct,adjudicated_TCMSP_relation_set_v1.1.0
12309505,1,2,细辛 | 辛夷,1,MOL012128,2,primary_direct,adjudicated_TCMSP_relation_set_v1.1.0
12309540,1,1,紫菀,1,MOL010461,1,primary_direct,adjudicated_TCMSP_relation_set_v1.1.0
12309576,1,1,椿皮,1,MOL006296,1,primary_direct,adjudicated_TCMSP_relation_set_v1.1.0
12309637,1,1,京大戟,1,MOL010588,1,primary_direct,adjudicated_TCMSP_relation_set_v1.1.0
12309694,1,8,党参 | 杜仲叶 | 栀子 | 槲寄生 | 浙贝母 | 红芪 | 雷公藤 | 青风藤,1,MOL000365,8,primary_direct,adjudicated_TCMSP_relation_set_v1.1.0
12309811,1,4,甘松 | 菊花 | 金钱草 | 香附,1,MOL004033,4,primary_direct,adjudicated_TCMSP_relation_set_v1.1.0
12309838,1,3,芫荽 | 菊花 | 薄荷,1,MOL012157,3,primary_direct,adjudicated_TCMSP_relation_set_v1.1.0
12309841,1,1,伸筋草,1,MOL005422,1,primary_direct,adjudicated_TCMSP_relation_set_v1.1.0
12309844,1,1,柴胡,1,MOL004721,1,primary_direct,adjudicated_TCMSP_relation_set_v1.1.0
12309865,1,1,月季花,1,MOL012781,1,primary_direct,adjudicated_TCMSP_relation_set_v1.1.0
12310695,1,1,垂盆草,1,MOL002065,1,primary_direct,adjudicated_TCMSP_relation_set_v1.1.0
12310757,1,1,淫羊藿,1,MOL004377,1,primary_direct,adjudicated_TCMSP_relation_set_v1.1.0
12310830,1,5,人参叶 | 关黄柏 | 积雪草 | 苍耳子 | 菊花,1,MOL006378,5,primary_direct,adjudicated_TCMSP_relation_set_v1.1.0
12311071,1,1,板蓝根,1,MOL001786,1,primary_direct,adjudicated_TCMSP_relation_set_v1.1.0
12311278,1,1,徐长卿,1,MOL005621,1,primary_direct,adjudicated_TCMSP_relation_set_v1.1.0
12311348,1,2,女贞子 | 马钱子,1,MOL005159,2,primary_direct,adjudicated_TCMSP_relation_set_v1.1.0
12313020,1,7,一枝黄花 | 没药 | 生姜 | 紫苏 | 蛇床子 | 覆盆子 | 金银花,1,MOL001180,7,primary_direct,adjudicated_TCMSP_relation_set_v1.1.0
12313023,1,1,柴胡,1,MOL004724,1,primary_direct,adjudicated_TCMSP_relation_set_v1.1.0
12313665,1,2,椿皮 | 西洋参,1,MOL006295,2,primary_direct,adjudicated_TCMSP_relation_set_v1.1.0
12313974,1,1,马齿苋,1,MOL006660,1,primary_direct,adjudicated_TCMSP_relation_set_v1.1.0
12314302,1,1,益智,1,MOL009359,1,primary_direct,adjudicated_TCMSP_relation_set_v1.1.0
12314814,1,1,郁金,1,MOL004337,1,primary_direct,adjudicated_TCMSP_relation_set_v1.1.0
12314859,1,1,没药,1,MOL001000,1,primary_direct,adjudicated_TCMSP_relation_set_v1.1.0
12315192,1,1,仙茅,1,MOL004133,1,primary_direct,adjudicated_TCMSP_relation_set_v1.1.0
12315259,1,5,乌敛莓 | 乌药 | 枸骨叶 | 檀香 | 砂仁,1,MOL007243,5,primary_direct,adjudicated_TCMSP_relation_set_v1.1.0
12315283,1,1,满山红,1,MOL012447,1,primary_direct,adjudicated_TCMSP_relation_set_v1.1.0
12315349,1,2,巴戟天 | 栀子,1,MOL009547,2,primary_direct,adjudicated_TCMSP_relation_set_v1.1.0
12315451,1,1,当归,1,MOL008251,1,primary_direct,adjudicated_TCMSP_relation_set_v1.1.0
12315453,1,2,人参 | 川芎,1,MOL002136,2,primary_direct,adjudicated_TCMSP_relation_set_v1.1.0
12315492,1,12,川芎 | 巴戟天 | 木香 | 独活 | 生姜 | 紫苏 | 羌活 | 荔枝核 | 菊花 | 薄荷 | 郁金 | 香薷,1,MOL002117,12,primary_direct,adjudicated_TCMSP_relation_set_v1.1.0
12330567,1,1,佛手,1,MOL013244,1,primary_direct,adjudicated_TCMSP_relation_set_v1.1.0
12358389,1,2,丹参 | 余甘子,1,MOL006824,2,primary_direct,adjudicated_TCMSP_relation_set_v1.1.0
12358781,1,1,北五味子,1,MOL008940,1,primary_direct,adjudicated_TCMSP_relation_set_v1.1.0
12360346,1,1,决明子,1,MOL006454,1,primary_direct,adjudicated_TCMSP_relation_set_v1.1.0
12366272,1,4,半边莲 | 天葵子 | 瓜蒌 | 罗汉果,1,MOL007170,4,primary_direct,adjudicated_TCMSP_relation_set_v1.1.0
12442794,1,5,冬瓜子 | 冬瓜皮 | 白茅根 | 艾叶 | 马钱子,1,MOL001871,5,primary_direct,adjudicated_TCMSP_relation_set_v1.1.0
12443330,1,4,川芎 | 牵牛子 | 艾叶 | 麻黄,1,MOL002160,4,primary_direct,adjudicated_TCMSP_relation_set_v1.1.0
12444328,1,1,干姜,1,MOL002499,1,primary_direct,adjudicated_TCMSP_relation_set_v1.1.0
12444386,1,1,诃子,1,MOL009141,1,primary_direct,adjudicated_TCMSP_relation_set_v1.1.0
12444418,1,3,刀豆 | 芡实 | 辣椒,1,MOL008695,3,primary_direct,adjudicated_TCMSP_relation_set_v1.1.0
12444466,1,1,西洋参,1,MOL011442,1,primary_direct,adjudicated_TCMSP_relation_set_v1.1.0
12444487,1,1,灵芝,1,MOL011149,1,primary_direct,adjudicated_TCMSP_relation_set_v1.1.0
12444662,1,1,玫瑰花,1,MOL010738,1,primary_direct,adjudicated_TCMSP_relation_set_v1.1.0
12444745,1,2,山茱萸 | 马鞭草,1,MOL005545,2,primary_direct,adjudicated_TCMSP_relation_set_v1.1.0
12451106,1,1,洋金花,1,MOL011491,1,primary_direct,adjudicated_TCMSP_relation_set_v1.1.0
12453628,1,1,甘松,1,MOL010537,1,primary_direct,adjudicated_TCMSP_relation_set_v1.1.0
12454408,1,1,砂仁,1,MOL007522,1,primary_direct,adjudicated_TCMSP_relation_set_v1.1.0
12468616,1,1,淫羊藿,1,MOL004396,1,primary_direct,adjudicated_TCMSP_relation_set_v1.1.0
12468617,1,1,大风子,1,MOL008241,1,primary_direct,adjudicated_TCMSP_relation_set_v1.1.0
12477208,1,1,佛手,1,MOL013240,1,primary_direct,adjudicated_TCMSP_relation_set_v1.1.0
12480741,1,2,木棉花 | 菊花,1,MOL008775,2,primary_direct,adjudicated_TCMSP_relation_set_v1.1.0
12482226,1,1,黑豆,1,MOL009690,1,primary_direct,adjudicated_TCMSP_relation_set_v1.1.0
12504268,1,2,半枝莲 | 细辛,1,MOL012241,2,primary_direct,adjudicated_TCMSP_relation_set_v1.1.0
12512776,1,1,矮地茶,1,MOL011028,1,primary_direct,adjudicated_TCMSP_relation_set_v1.1.0
12532693,1,2,川芎 | 干姜,1,MOL002175,2,primary_direct,adjudicated_TCMSP_relation_set_v1.1.0
12536912,1,1,降香,1,MOL002942,1,primary_direct,adjudicated_TCMSP_relation_set_v1.1.0
12566215,1,1,北五味子,1,MOL008948,1,primary_direct,adjudicated_TCMSP_relation_set_v1.1.0
12575964,1,1,苦杏仁,1,MOL010926,1,primary_direct,adjudicated_TCMSP_relation_set_v1.1.0
12576879,1,1,辣椒,1,MOL008677,1,primary_direct,adjudicated_TCMSP_relation_set_v1.1.0
12641386,1,1,罗汉果,1,MOL010086,1,primary_direct,adjudicated_TCMSP_relation_set_v1.1.0
12662077,1,1,海藻,1,MOL010576,1,primary_direct,adjudicated_TCMSP_relation_set_v1.1.0
12663337,1,1,檀香,1,MOL007595,1,primary_direct,adjudicated_TCMSP_relation_set_v1.1.0
12678291,1,4,吴茱萸 | 杜仲 | 甘草 | 麻黄,1,MOL003985,4,primary_direct,adjudicated_TCMSP_relation_set_v1.1.0
12682184,1,1,荜茇,1,MOL001611,1,primary_direct,adjudicated_TCMSP_relation_set_v1.1.0
12695575,1,1,瓜蒌,1,MOL007169,1,primary_direct,adjudicated_TCMSP_relation_set_v1.1.0
12702415,1,1,沙棘,1,MOL010249,1,primary_direct,adjudicated_TCMSP_relation_set_v1.1.0
12731045,1,1,矮地茶,1,MOL010945,1,primary_direct,adjudicated_TCMSP_relation_set_v1.1.0
12775852,1,1,月季花,1,MOL012798,1,primary_direct,adjudicated_TCMSP_relation_set_v1.1.0
12795736,1,2,桃仁 | 芫荽,1,MOL001333,2,primary_direct,adjudicated_TCMSP_relation_set_v1.1.0
12800099,1,1,冬虫夏草,1,MOL009000,1,primary_direct,adjudicated_TCMSP_relation_set_v1.1.0
12816526,1,1,荜茇,1,MOL001576,1,primary_direct,adjudicated_TCMSP_relation_set_v1.1.0
12840862,1,1,西河柳,1,MOL012087,1,primary_direct,adjudicated_TCMSP_relation_set_v1.1.0
12855920,1,2,三七 | 红参,1,MOL007484,2,primary_direct,adjudicated_TCMSP_relation_set_v1.1.0
12858404,1,2,佛手 | 木香,1,MOL010829,2,primary_direct,adjudicated_TCMSP_relation_set_v1.1.0
12859936,1,1,独活,1,MOL004773,1,primary_direct,adjudicated_TCMSP_relation_set_v1.1.0
12883590,1,1,苦参,1,MOL006603,1,primary_direct,adjudicated_TCMSP_relation_set_v1.1.0
12886254,1,1,瓜蒌,1,MOL007184,1,primary_direct,adjudicated_TCMSP_relation_set_v1.1.0
12900741,1,2,莪术 | 银杏叶,1,MOL000939,2,primary_direct,adjudicated_TCMSP_relation_set_v1.1.0
12927329,1,2,桔梗 | 麻黄,1,MOL005992,2,primary_direct,adjudicated_TCMSP_relation_set_v1.1.0
12936734,1,1,冬葵果,1,MOL008345,1,primary_direct,adjudicated_TCMSP_relation_set_v1.1.0
12944527,1,2,八角莲 | 垂盆草,1,MOL001711,2,primary_direct,adjudicated_TCMSP_relation_set_v1.1.0
12960505,1,7,一枝黄花 | 党参 | 夏枯草 | 天花粉 | 柴胡 | 牛膝 | 银柴胡,1,MOL004652,7,primary_direct,adjudicated_TCMSP_relation_set_v1.1.0
12967793,1,1,覆盆子,1,MOL008442,1,primary_direct,adjudicated_TCMSP_relation_set_v1.1.0
12978150,1,1,芫荽,1,MOL012151,1,primary_direct,adjudicated_TCMSP_relation_set_v1.1.0
13010829,1,2,生姜 | 郁金,1,MOL004266,2,primary_direct,adjudicated_TCMSP_relation_set_v1.1.0
13059907,1,1,黄精,1,MOL009757,1,primary_direct,adjudicated_TCMSP_relation_set_v1.1.0
13072631,1,1,广藿香,1,MOL005906,1,primary_direct,adjudicated_TCMSP_relation_set_v1.1.0
13077038,1,1,桔梗,1,MOL006007,1,primary_direct,adjudicated_TCMSP_relation_set_v1.1.0
13093776,1,1,浮萍,1,MOL011762,1,primary_direct,adjudicated_TCMSP_relation_set_v1.1.0
13124049,1,1,枇杷叶,1,MOL012607,1,primary_direct,adjudicated_TCMSP_relation_set_v1.1.0
13179951,1,1,川楝子,1,MOL002051,1,primary_direct,adjudicated_TCMSP_relation_set_v1.1.0
13240755,1,1,辣椒,1,MOL008673,1,primary_direct,adjudicated_TCMSP_relation_set_v1.1.0
13252683,1,1,禹州漏芦,1,MOL012844,1,primary_direct,adjudicated_TCMSP_relation_set_v1.1.0
13269088,1,1,金荞麦,1,MOL007279,1,primary_direct,adjudicated_TCMSP_relation_set_v1.1.0
13269089,1,1,骨碎补,1,MOL009073,1,primary_direct,adjudicated_TCMSP_relation_set_v1.1.0
13336517,1,3,山药 | 海风藤 | 辛夷,1,MOL000309,3,primary_direct,adjudicated_TCMSP_relation_set_v1.1.0
13337242,1,2,胡椒 | 荆芥,1,MOL002846,2,primary_direct,adjudicated_TCMSP_relation_set_v1.1.0
13343541,1,2,白芷 | 蛇床子,1,MOL003592,2,primary_direct,adjudicated_TCMSP_relation_set_v1.1.0
13345443,1,1,红花,1,MOL002728,1,primary_direct,adjudicated_TCMSP_relation_set_v1.1.0
13347318,1,3,干姜 | 生姜 | 高良姜,1,MOL002468,3,primary_direct,adjudicated_TCMSP_relation_set_v1.1.0
13369486,1,1,苦楝皮,1,MOL010630,1,primary_direct,adjudicated_TCMSP_relation_set_v1.1.0
13386213,1,7,北沙参 | 半边莲 | 土茯苓 | 土贝母 | 天葵子 | 百合 | 黄药子,1,MOL001947,7,primary_direct,adjudicated_TCMSP_relation_set_v1.1.0
13386214,1,3,土茯苓 | 天葵子 | 黄药子,1,MOL009778,3,primary_direct,adjudicated_TCMSP_relation_set_v1.1.0
13412786,1,1,巴戟天,1,MOL009503,1,primary_direct,adjudicated_TCMSP_relation_set_v1.1.0
13435948,1,1,八角莲,1,MOL001718,1,primary_direct,adjudicated_TCMSP_relation_set_v1.1.0
13436179,1,1,安息香,1,MOL012177,1,primary_direct,adjudicated_TCMSP_relation_set_v1.1.0
13529206,1,1,淫羊藿,1,MOL004363,1,primary_direct,adjudicated_TCMSP_relation_set_v1.1.0
13532956,1,1,葱白,1,MOL011664,1,primary_direct,adjudicated_TCMSP_relation_set_v1.1.0
13548104,1,1,葱白,1,MOL011646,1,primary_direct,adjudicated_TCMSP_relation_set_v1.1.0
13632872,1,2,山豆根 | 鸡骨草,1,MOL003651,2,primary_direct,adjudicated_TCMSP_relation_set_v1.1.0
13632905,1,1,鸡骨草,1,MOL013327,1,primary_direct,adjudicated_TCMSP_relation_set_v1.1.0
13673764,1,1,桑椹,1,MOL010303,1,primary_direct,adjudicated_TCMSP_relation_set_v1.1.0
13677920,1,1,桂枝,1,MOL010553,1,primary_direct,adjudicated_TCMSP_relation_set_v1.1.0
13682637,1,1,吴茱萸,1,MOL003982,1,primary_direct,adjudicated_TCMSP_relation_set_v1.1.0
13688752,1,2,旋覆花 | 紫菀,1,MOL004096,2,primary_direct,adjudicated_TCMSP_relation_set_v1.1.0
13743810,1,1,当归,1,MOL008258,1,primary_direct,adjudicated_TCMSP_relation_set_v1.1.0
13747942,1,1,麻黄,1,MOL010793,1,primary_direct,adjudicated_TCMSP_relation_set_v1.1.0
13779265,1,2,漏芦 | 芦根,1,MOL003175,2,primary_direct,adjudicated_TCMSP_relation_set_v1.1.0
13800357,1,6,牛蒡子 | 牵牛子 | 玫瑰花 | 甘草 | 花椒 | 辣椒,1,MOL004971,6,primary_direct,adjudicated_TCMSP_relation_set_v1.1.0
13809865,1,1,石菖蒲,1,MOL003564,1,primary_direct,adjudicated_TCMSP_relation_set_v1.1.0
13831064,1,1,银杏叶,1,MOL011584,1,primary_direct,adjudicated_TCMSP_relation_set_v1.1.0
13843578,1,1,竹节参,1,MOL012850,1,primary_direct,adjudicated_TCMSP_relation_set_v1.1.0
13846639,1,3,丁香 | 桑叶 | 瞿麦,1,MOL003502,3,primary_direct,adjudicated_TCMSP_relation_set_v1.1.0
13854251,1,1,川芎,1,MOL002182,1,primary_direct,adjudicated_TCMSP_relation_set_v1.1.0
13854252,1,1,木香,1,MOL010844,1,primary_direct,adjudicated_TCMSP_relation_set_v1.1.0
13854256,1,6,满山红 | 石菖蒲 | 红参 | 花椒 | 葎草 | 银杏叶,1,MOL003571,6,primary_direct,adjudicated_TCMSP_relation_set_v1.1.0
13855373,1,4,了哥王根 | 川射干 | 知母 | 败酱草,1,MOL001677,4,primary_direct,adjudicated_TCMSP_relation_set_v1.1.0
13855597,1,1,两面针,1,MOL005106,1,primary_direct,adjudicated_TCMSP_relation_set_v1.1.0
13855894,1,1,洋金花,1,MOL011533,1,primary_direct,adjudicated_TCMSP_relation_set_v1.1.0
13857098,1,1,北五味子,1,MOL008967,1,primary_direct,adjudicated_TCMSP_relation_set_v1.1.0
13857510,1,3,枇杷叶 | 洋金花 | 矮地茶,1,MOL010932,3,primary_direct,adjudicated_TCMSP_relation_set_v1.1.0
13857703,1,1,贯众,1,MOL002629,1,primary_direct,adjudicated_TCMSP_relation_set_v1.1.0
13857712,1,1,骨碎补,1,MOL009083,1,primary_direct,adjudicated_TCMSP_relation_set_v1.1.0
13870572,1,1,肉豆蔻,1,MOL009264,1,primary_direct,adjudicated_TCMSP_relation_set_v1.1.0
13870579,1,1,肉豆蔻,1,MOL009253,1,primary_direct,adjudicated_TCMSP_relation_set_v1.1.0
13871363,1,1,猫眼草,1,MOL010160,1,primary_direct,adjudicated_TCMSP_relation_set_v1.1.0
13871759,1,1,石上柏,1,MOL007571,1,primary_direct,adjudicated_TCMSP_relation_set_v1.1.0
13878127,1,1,两头尖,1,MOL000544,1,primary_direct,adjudicated_TCMSP_relation_set_v1.1.0
13889021,1,1,半枝莲,1,MOL012247,1,primary_direct,adjudicated_TCMSP_relation_set_v1.1.0
13889022,1,2,半枝莲 | 黄芩,1,MOL012266,2,primary_direct,adjudicated_TCMSP_relation_set_v1.1.0
13889654,1,20,佛手 | 八角茴香 | 南鹤虱 | 吴茱萸 | 川芎 | 干姜 | 木香 | 桂枝 | 款冬花 | 没药 | 满山红 | 玳玳花 | 白芷 | 砂仁 | 紫苏子 | 肉桂 | 荜茇 | 香薷 | 高良姜 | 麻黄,1,MOL001201,20,primary_direct,adjudicated_TCMSP_relation_set_v1.1.0
13892722,1,2,丹参 | 栀子,1,MOL007147,2,primary_direct,adjudicated_TCMSP_relation_set_v1.1.0
13894537,1,4,椿皮 | 没药 | 砂仁 | 蔓荆子,1,MOL001184,4,primary_direct,adjudicated_TCMSP_relation_set_v1.1.0
13965751,1,1,川芎,1,MOL002099,1,primary_direct,adjudicated_TCMSP_relation_set_v1.1.0
13966147,1,1,丹参,1,MOL007144,1,primary_direct,adjudicated_TCMSP_relation_set_v1.1.0
13967183,1,1,椿皮,1,MOL006294,1,primary_direct,adjudicated_TCMSP_relation_set_v1.1.0
14015437,1,1,灵芝,1,MOL011157,1,primary_direct,adjudicated_TCMSP_relation_set_v1.1.0
14018803,1,1,鸡血藤,1,MOL000470,1,primary_direct,adjudicated_TCMSP_relation_set_v1.1.0
14019266,1,2,小茴香 | 蛇床子,1,MOL003614,2,primary_direct,adjudicated_TCMSP_relation_set_v1.1.0
14029831,1,2,急性子 | 紫苏子,1,MOL008594,2,primary_direct,adjudicated_TCMSP_relation_set_v1.1.0
14033813,1,1,杜仲,1,MOL009014,1,primary_direct,adjudicated_TCMSP_relation_set_v1.1.0
14033815,1,1,杜仲,1,MOL009012,1,primary_direct,adjudicated_TCMSP_relation_set_v1.1.0
14034832,1,1,女贞子,1,MOL005174,1,primary_direct,adjudicated_TCMSP_relation_set_v1.1.0
14036811,1,1,泽泻,1,MOL000862,1,primary_direct,adjudicated_TCMSP_relation_set_v1.1.0
14038452,1,1,砂仁,1,MOL007531,1,primary_direct,adjudicated_TCMSP_relation_set_v1.1.0
14038842,1,1,香附,1,MOL004050,1,primary_direct,adjudicated_TCMSP_relation_set_v1.1.0
14038843,1,3,人参 | 荆芥 | 郁金,1,MOL004275,3,primary_direct,adjudicated_TCMSP_relation_set_v1.1.0
14038846,1,1,柴胡,1,MOL004722,1,primary_direct,adjudicated_TCMSP_relation_set_v1.1.0
14057197,1,2,广藿香 | 香薷,1,MOL005911,2,primary_direct,adjudicated_TCMSP_relation_set_v1.1.0
14057208,1,1,仙鹤草,1,MOL006178,1,primary_direct,adjudicated_TCMSP_relation_set_v1.1.0
14058036,1,1,鸡血藤,1,MOL000509,1,primary_direct,adjudicated_TCMSP_relation_set_v1.1.0
14059525,1,1,半边莲,1,MOL012232,1,primary_direct,adjudicated_TCMSP_relation_set_v1.1.0
14076601,1,1,香附,1,MOL004041,1,primary_direct,adjudicated_TCMSP_relation_set_v1.1.0
14076604,1,1,香附,1,MOL004052,1,primary_direct,adjudicated_TCMSP_relation_set_v1.1.0
14077830,1,2,降香 | 黄芪,1,MOL000380,2,primary_direct,adjudicated_TCMSP_relation_set_v1.1.0
14079468,1,1,垂盆草,1,MOL002060,1,primary_direct,adjudicated_TCMSP_relation_set_v1.1.0
14091860,1,1,川芎,1,MOL002173,1,primary_direct,adjudicated_TCMSP_relation_set_v1.1.0
14107524,1,1,郁金,1,MOL004330,1,primary_direct,adjudicated_TCMSP_relation_set_v1.1.0
14109386,1,1,灵芝,1,MOL011278,1,primary_direct,adjudicated_TCMSP_relation_set_v1.1.0
14132337,1,1,辣椒,1,MOL008745,1,primary_direct,adjudicated_TCMSP_relation_set_v1.1.0
14135400,1,1,枇杷叶,1,MOL012569,1,primary_direct,adjudicated_TCMSP_relation_set_v1.1.0
14135593,1,1,党参,1,MOL008409,1,primary_direct,adjudicated_TCMSP_relation_set_v1.1.0
14137571,1,1,没药,1,MOL001081,1,primary_direct,adjudicated_TCMSP_relation_set_v1.1.0
14151162,1,1,余甘子,1,MOL006777,1,primary_direct,adjudicated_TCMSP_relation_set_v1.1.0
14162621,1,1,桑白皮,1,MOL012710,1,primary_direct,adjudicated_TCMSP_relation_set_v1.1.0
14314156,1,1,白毛夏枯草,1,MOL007754,1,primary_direct,adjudicated_TCMSP_relation_set_v1.1.0
14314623,1,2,川牛膝 | 牛膝,1,MOL012277,2,primary_direct,adjudicated_TCMSP_relation_set_v1.1.0
14353376,1,1,半枝莲,1,MOL012248,1,primary_direct,adjudicated_TCMSP_relation_set_v1.1.0
14356990,1,1,白毛夏枯草,1,MOL007762,1,primary_direct,adjudicated_TCMSP_relation_set_v1.1.0
14356994,1,1,白毛夏枯草,1,MOL007753,1,primary_direct,adjudicated_TCMSP_relation_set_v1.1.0
14447801,1,1,白毛夏枯草,1,MOL007767,1,primary_direct,adjudicated_TCMSP_relation_set_v1.1.0
14447803,1,1,白毛夏枯草,1,MOL007768,1,primary_direct,adjudicated_TCMSP_relation_set_v1.1.0
14447807,1,1,白毛夏枯草,1,MOL007759,1,primary_direct,adjudicated_TCMSP_relation_set_v1.1.0
14583572,1,1,白及,1,MOL005780,1,primary_direct,adjudicated_TCMSP_relation_set_v1.1.0
14609847,1,1,丹参,1,MOL007058,1,primary_direct,adjudicated_TCMSP_relation_set_v1.1.0
14609850,1,1,丹参,1,MOL007054,1,primary_direct,adjudicated_TCMSP_relation_set_v1.1.0
14609851,1,1,丹参,1,MOL007049,1,primary_direct,adjudicated_TCMSP_relation_set_v1.1.0
14610613,1,1,丹参,1,MOL007117,1,primary_direct,adjudicated_TCMSP_relation_set_v1.1.0
14626764,1,1,丹参,1,MOL007045,1,primary_direct,adjudicated_TCMSP_relation_set_v1.1.0
14630662,1,1,白及,1,MOL005761,1,primary_direct,adjudicated_TCMSP_relation_set_v1.1.0
14825644,1,1,半枝莲,1,MOL012250,1,primary_direct,adjudicated_TCMSP_relation_set_v1.1.0
14863077,1,1,白及,1,MOL005778,1,primary_direct,adjudicated_TCMSP_relation_set_v1.1.0
14863079,1,1,白及,1,MOL005754,1,primary_direct,adjudicated_TCMSP_relation_set_v1.1.0
15100720,1,1,半枝莲,1,MOL012243,1,primary_direct,adjudicated_TCMSP_relation_set_v1.1.0
15138552,1,1,川芎,1,MOL002101,1,primary_direct,adjudicated_TCMSP_relation_set_v1.1.0
15160109,1,1,白屈菜,1,MOL001465,1,primary_direct,adjudicated_TCMSP_relation_set_v1.1.0
15250836,1,1,垂盆草,1,MOL002076,1,primary_direct,adjudicated_TCMSP_relation_set_v1.1.0
15431199,1,15,一枝黄花 | 厚朴 | 川芎 | 柴胡 | 桂枝 | 牡荆叶 | 砂仁 | 紫苏 | 紫苏子 | 苏合香 | 莪术 | 辛夷 | 郁金 | 青果 | 麻黄,1,MOL000937,15,primary_direct,adjudicated_TCMSP_relation_set_v1.1.0
15480629,1,1,冬虫夏草,1,MOL009001,1,primary_direct,adjudicated_TCMSP_relation_set_v1.1.0
15560128,1,1,川芎,1,MOL002114,1,primary_direct,adjudicated_TCMSP_relation_set_v1.1.0
15560276,1,16,三七 | 三七花 | 人参 | 桂枝 | 椿皮 | 生姜 | 白鲜皮 | 紫苏子 | 莪术 | 菊花 | 薄荷 | 西洋参 | 辛夷 | 防己 | 香薷 | 鼠曲草,1,MOL000935,16,primary_direct,adjudicated_TCMSP_relation_set_v1.1.0
15560279,1,10,伸筋草 | 北五味子 | 徐长卿 | 甘松 | 生姜 | 石菖蒲 | 荜茇 | 蔓荆子 | 辛夷 | 郁金,1,MOL001566,10,primary_direct,adjudicated_TCMSP_relation_set_v1.1.0
15661821,1,1,儿茶,1,MOL008430,1,primary_direct,adjudicated_TCMSP_relation_set_v1.1.0
15690458,1,1,丹参,1,MOL007098,1,primary_direct,adjudicated_TCMSP_relation_set_v1.1.0
15693458,1,1,白及,1,MOL005758,1,primary_direct,adjudicated_TCMSP_relation_set_v1.1.0
15693459,1,1,白及,1,MOL005757,1,primary_direct,adjudicated_TCMSP_relation_set_v1.1.0
15693460,1,1,白及,1,MOL005762,1,primary_direct,adjudicated_TCMSP_relation_set_v1.1.0
15764610,1,1,川芎,1,MOL002164,1,primary_direct,adjudicated_TCMSP_relation_set_v1.1.0
15917998,1,2,丹参 | 凌霄花,1,MOL007042,2,primary_direct,adjudicated_TCMSP_relation_set_v1.1.0
16053313,1,1,椿皮,1,MOL006298,1,primary_direct,adjudicated_TCMSP_relation_set_v1.1.0
16058081,1,1,冬瓜皮,1,MOL007885,1,primary_direct,adjudicated_TCMSP_relation_set_v1.1.0
16211192,1,5,川芎 | 木香 | 生姜 | 郁金 | 麻黄,1,MOL002186,5,primary_direct,adjudicated_TCMSP_relation_set_v1.1.0
16244444,1,1,川芎,1,MOL002179,1,primary_direct,adjudicated_TCMSP_relation_set_v1.1.0
16681753,1,1,半枝莲,1,MOL012242,1,primary_direct,adjudicated_TCMSP_relation_set_v1.1.0
16730071,1,1,丹参,1,MOL007150,1,primary_direct,adjudicated_TCMSP_relation_set_v1.1.0
20055537,1,2,川芎 | 柴胡,1,MOL002116,2,primary_direct,adjudicated_TCMSP_relation_set_v1.1.0
20831054,1,1,半枝莲,1,MOL012259,1,primary_direct,adjudicated_TCMSP_relation_set_v1.1.0
20831068,1,1,半枝莲,1,MOL012260,1,primary_direct,adjudicated_TCMSP_relation_set_v1.1.0
21582571,1,2,大风子 | 杜仲,1,MOL008240,2,primary_direct,adjudicated_TCMSP_relation_set_v1.1.0
21629954,1,1,白毛夏枯草,1,MOL007764,1,primary_direct,adjudicated_TCMSP_relation_set_v1.1.0
21631119,1,2,川芎 | 菊花,1,MOL002108,2,primary_direct,adjudicated_TCMSP_relation_set_v1.1.0
22134444,1,1,丹参,1,MOL007043,1,primary_direct,adjudicated_TCMSP_relation_set_v1.1.0
22212681,1,1,川乌,1,MOL002086,1,primary_direct,adjudicated_TCMSP_relation_set_v1.1.0
23252258,1,1,川楝子,1,MOL002056,1,primary_direct,adjudicated_TCMSP_relation_set_v1.1.0
23255879,1,2,佛手 | 芫荽,1,MOL013241,2,primary_direct,adjudicated_TCMSP_relation_set_v1.1.0
24721685,1,7,化橘红 | 板蓝根 | 枳实 | 橘红 | 玳玳花 | 陈皮 | 青皮,1,MOL001797,7,primary_direct,adjudicated_TCMSP_relation_set_v1.1.0
24798710,1,1,北五味子,1,MOL008939,1,primary_direct,adjudicated_TCMSP_relation_set_v1.1.0
24798713,1,1,柴胡,1,MOL004715,1,primary_direct,adjudicated_TCMSP_relation_set_v1.1.0
24862667,1,1,佛手,1,MOL013265,1,primary_direct,adjudicated_TCMSP_relation_set_v1.1.0
25026345,1,2,丹参 | 栀子,1,MOL007148,2,primary_direct,adjudicated_TCMSP_relation_set_v1.1.0
25078000,1,2,伊贝母 | 川贝母,1,MOL009573,2,primary_direct,adjudicated_TCMSP_relation_set_v1.1.0
25175592,1,1,八角茴香,1,MOL013202,1,primary_direct,adjudicated_TCMSP_relation_set_v1.1.0
25202091,1,1,板蓝根,1,MOL001751,1,primary_direct,adjudicated_TCMSP_relation_set_v1.1.0
25322860,1,1,黑豆,1,MOL009737,1,primary_direct,adjudicated_TCMSP_relation_set_v1.1.0
25717255,1,1,前胡,1,MOL013080,1,primary_direct,adjudicated_TCMSP_relation_set_v1.1.0
25721350,1,2,香薷 | 黄芩,1,MOL002937,2,primary_direct,adjudicated_TCMSP_relation_set_v1.1.0
25763830,1,2,北五味子 | 生姜,1,MOL006126,2,primary_direct,adjudicated_TCMSP_relation_set_v1.1.0
25763835,1,1,草果,1,MOL000102,1,primary_direct,adjudicated_TCMSP_relation_set_v1.1.0
25765999,1,1,天南星,1,MOL013141,1,primary_direct,adjudicated_TCMSP_relation_set_v1.1.0
25768645,1,1,两面针,1,MOL005107,1,primary_direct,adjudicated_TCMSP_relation_set_v1.1.0
25774968,1,1,辛夷,1,MOL012132,1,primary_direct,adjudicated_TCMSP_relation_set_v1.1.0
25774970,1,1,辛夷,1,MOL012131,1,primary_direct,adjudicated_TCMSP_relation_set_v1.1.0
25791637,1,2,地骨皮 | 桑叶,1,MOL002218,2,primary_direct,adjudicated_TCMSP_relation_set_v1.1.0
26176656,1,1,乳香,1,MOL001294,1,primary_direct,adjudicated_TCMSP_relation_set_v1.1.0
26195072,1,1,肉豆蔻,1,MOL009245,1,primary_direct,adjudicated_TCMSP_relation_set_v1.1.0
26208563,1,2,杜仲 | 骨碎补,1,MOL009032,2,primary_direct,adjudicated_TCMSP_relation_set_v1.1.0
26213330,1,2,半枝莲 | 黄芩,1,MOL012245,2,primary_direct,adjudicated_TCMSP_relation_set_v1.1.0
36689182,1,1,半边莲,1,MOL012216,1,primary_direct,adjudicated_TCMSP_relation_set_v1.1.0
38356372,1,1,板蓝根,1,MOL001722,1,primary_direct,adjudicated_TCMSP_relation_set_v1.1.0
40468028,1,2,大腹皮 | 槟榔,1,MOL005835,2,primary_direct,adjudicated_TCMSP_relation_set_v1.1.0
40469789,1,2,丹参 | 枸骨叶,1,MOL007159,2,primary_direct,adjudicated_TCMSP_relation_set_v1.1.0
40532717,1,1,板蓝根,1,MOL001723,1,primary_direct,adjudicated_TCMSP_relation_set_v1.1.0
40785034,1,1,丹参,1,MOL007101,1,primary_direct,adjudicated_TCMSP_relation_set_v1.1.0
42607889,1,6,化橘红 | 板蓝根 | 枳实 | 橘红 | 玳玳花 | 青皮,1,MOL001798,6,primary_direct,adjudicated_TCMSP_relation_set_v1.1.0
44259516,1,2,京大戟 | 苦参,1,MOL006618,2,primary_direct,adjudicated_TCMSP_relation_set_v1.1.0
44272391,1,15,丹参 | 半夏 | 山茱萸 | 山药 | 檀香 | 水飞蓟 | 牛蒡子 | 瓜蒌 | 白术 | 绞股蓝 | 绿豆 | 芡实 | 葎草 | 蚕沙 | 麦芽,1,MOL000052,15,primary_direct,adjudicated_TCMSP_relation_set_v1.1.0
44367445,1,13,丹参 | 半夏 | 大枣 | 山茱萸 | 山药 | 檀香 | 牛蒡子 | 瓜蒌 | 白术 | 绞股蓝 | 绿豆 | 芡实 | 葎草,1,MOL000065,13,primary_direct,adjudicated_TCMSP_relation_set_v1.1.0
44392570,1,1,白及,1,MOL005768,1,primary_direct,adjudicated_TCMSP_relation_set_v1.1.0
44422964,1,1,龙胆,1,MOL003145,1,primary_direct,adjudicated_TCMSP_relation_set_v1.1.0
44422967,1,1,龙胆,1,MOL003148,1,primary_direct,adjudicated_TCMSP_relation_set_v1.1.0
44423020,1,1,矮地茶,1,MOL011011,1,primary_direct,adjudicated_TCMSP_relation_set_v1.1.0
44423055,1,1,龙胆,1,MOL003143,1,primary_direct,adjudicated_TCMSP_relation_set_v1.1.0
44423103,1,1,车前子,1,MOL007816,1,primary_direct,adjudicated_TCMSP_relation_set_v1.1.0
44425165,1,1,丹参,1,MOL007125,1,primary_direct,adjudicated_TCMSP_relation_set_v1.1.0
44428631,1,1,苦参,1,MOL006608,1,primary_direct,adjudicated_TCMSP_relation_set_v1.1.0
44437692,1,1,半边莲,1,MOL012205,1,primary_direct,adjudicated_TCMSP_relation_set_v1.1.0
44445519,1,1,巴戟天,1,MOL009515,1,primary_direct,adjudicated_TCMSP_relation_set_v1.1.0
44446884,1,1,降香,1,MOL003002,1,primary_direct,adjudicated_TCMSP_relation_set_v1.1.0
44446897,1,1,降香,1,MOL003001,1,primary_direct,adjudicated_TCMSP_relation_set_v1.1.0
44448179,1,1,白鲜皮,1,MOL006247,1,primary_direct,adjudicated_TCMSP_relation_set_v1.1.0
44449940,1,1,猪苓,1,MOL000812,1,primary_direct,adjudicated_TCMSP_relation_set_v1.1.0
44450001,1,1,猪苓,1,MOL000807,1,primary_direct,adjudicated_TCMSP_relation_set_v1.1.0
44511380,1,1,芦根,1,MOL003172,1,primary_direct,adjudicated_TCMSP_relation_set_v1.1.0
44554791,1,2,枸杞子 | 沙棘,1,MOL009674,2,primary_direct,adjudicated_TCMSP_relation_set_v1.1.0
44559084,1,1,射干,1,MOL003762,1,primary_direct,adjudicated_TCMSP_relation_set_v1.1.0
44559616,1,1,豨莶草,1,MOL004171,1,primary_direct,adjudicated_TCMSP_relation_set_v1.1.0
44559751,1,1,郁金,1,MOL004260,1,primary_direct,adjudicated_TCMSP_relation_set_v1.1.0
44559946,1,2,关黄柏 | 黄柏,1,MOL002660,2,primary_direct,adjudicated_TCMSP_relation_set_v1.1.0
44560846,1,2,豆蔻 | 郁金,1,MOL000237,2,primary_direct,adjudicated_TCMSP_relation_set_v1.1.0
44560847,1,1,郁金,1,MOL004302,1,primary_direct,adjudicated_TCMSP_relation_set_v1.1.0
44560892,1,1,郁金,1,MOL004263,1,primary_direct,adjudicated_TCMSP_relation_set_v1.1.0
44560893,1,1,郁金,1,MOL004268,1,primary_direct,adjudicated_TCMSP_relation_set_v1.1.0
44563121,1,1,苦参,1,MOL006614,1,primary_direct,adjudicated_TCMSP_relation_set_v1.1.0
44563159,1,1,苦参,1,MOL006623,1,primary_direct,adjudicated_TCMSP_relation_set_v1.1.0
44563198,1,1,苦参,1,MOL006611,1,primary_direct,adjudicated_TCMSP_relation_set_v1.1.0
44563331,1,1,荷叶,1,MOL007217,1,primary_direct,adjudicated_TCMSP_relation_set_v1.1.0
44566559,1,1,银柴胡,1,MOL007696,1,primary_direct,adjudicated_TCMSP_relation_set_v1.1.0
44566587,1,2,杜仲 | 连翘,1,MOL003355,2,primary_direct,adjudicated_TCMSP_relation_set_v1.1.0
44566715,1,1,没药,1,MOL001077,1,primary_direct,adjudicated_TCMSP_relation_set_v1.1.0
44566900,1,1,灵芝,1,MOL011293,1,primary_direct,adjudicated_TCMSP_relation_set_v1.1.0
44567180,1,1,大黄,1,MOL002253,1,primary_direct,adjudicated_TCMSP_relation_set_v1.1.0
44568160,1,1,钩藤,1,MOL008477,1,primary_direct,adjudicated_TCMSP_relation_set_v1.1.0
44568920,1,1,苦丁茶,1,MOL006498,1,primary_direct,adjudicated_TCMSP_relation_set_v1.1.0
44575246,1,1,旋覆花,1,MOL004088,1,primary_direct,adjudicated_TCMSP_relation_set_v1.1.0
44576009,1,1,儿茶,1,MOL008424,1,primary_direct,adjudicated_TCMSP_relation_set_v1.1.0
44584096,1,3,杜仲 | 杜仲叶 | 白毛夏枯草,1,MOL007769,3,primary_direct,adjudicated_TCMSP_relation_set_v1.1.0
45082883,1,1,板蓝根,1,MOL001812,1,primary_direct,adjudicated_TCMSP_relation_set_v1.1.0
45269053,1,1,香薷,1,MOL012105,1,primary_direct,adjudicated_TCMSP_relation_set_v1.1.0
45272262,1,1,乳香,1,MOL001269,1,primary_direct,adjudicated_TCMSP_relation_set_v1.1.0
45359754,1,1,天葵子,1,MOL011379,1,primary_direct,adjudicated_TCMSP_relation_set_v1.1.0
46173921,1,1,郁金,1,MOL004271,1,primary_direct,adjudicated_TCMSP_relation_set_v1.1.0
46173942,1,1,大枣,1,MOL012963,1,primary_direct,adjudicated_TCMSP_relation_set_v1.1.0
46173956,1,1,野菊花,1,MOL008929,1,primary_direct,adjudicated_TCMSP_relation_set_v1.1.0
46173973,1,1,红花,1,MOL002701,1,primary_direct,adjudicated_TCMSP_relation_set_v1.1.0
46173977,1,1,牛蒡子,1,MOL010873,1,primary_direct,adjudicated_TCMSP_relation_set_v1.1.0
46173999,1,2,威灵仙 | 铁丝威灵仙,1,MOL000751,2,primary_direct,adjudicated_TCMSP_relation_set_v1.1.0
46176013,1,1,雷公藤,1,MOL003280,1,primary_direct,adjudicated_TCMSP_relation_set_v1.1.0
46184319,1,1,木通,1,MOL010803,1,primary_direct,adjudicated_TCMSP_relation_set_v1.1.0
46184561,1,1,灵芝,1,MOL011152,1,primary_direct,adjudicated_TCMSP_relation_set_v1.1.0
46184563,1,1,灵芝,1,MOL011153,1,primary_direct,adjudicated_TCMSP_relation_set_v1.1.0
46187187,1,1,苦参,1,MOL006601,1,primary_direct,adjudicated_TCMSP_relation_set_v1.1.0
46190394,1,1,木蝴蝶,1,MOL013060,1,primary_direct,adjudicated_TCMSP_relation_set_v1.1.0
46191017,1,2,山茱萸 | 马鞭草,1,MOL005503,2,primary_direct,adjudicated_TCMSP_relation_set_v1.1.0
46209782,1,1,桑白皮,1,MOL012707,1,primary_direct,adjudicated_TCMSP_relation_set_v1.1.0
46213118,1,1,高良姜,1,MOL002544,1,primary_direct,adjudicated_TCMSP_relation_set_v1.1.0
46224610,1,2,刀豆 | 黄芪,1,MOL000395,2,primary_direct,adjudicated_TCMSP_relation_set_v1.1.0
46227138,1,2,熟地黄 | 益母草,1,MOL001436,2,primary_direct,adjudicated_TCMSP_relation_set_v1.1.0
46228348,1,1,海风藤,1,MOL000312,1,primary_direct,adjudicated_TCMSP_relation_set_v1.1.0
46228396,1,1,海风藤,1,MOL000329,1,primary_direct,adjudicated_TCMSP_relation_set_v1.1.0
46229015,1,1,川楝子,1,MOL002057,1,primary_direct,adjudicated_TCMSP_relation_set_v1.1.0
46845277,1,1,黄药子,1,MOL009785,1,primary_direct,adjudicated_TCMSP_relation_set_v1.1.0
46881044,1,1,草果,1,MOL000076,1,primary_direct,adjudicated_TCMSP_relation_set_v1.1.0
46881075,1,1,京大戟,1,MOL010586,1,primary_direct,adjudicated_TCMSP_relation_set_v1.1.0
46881076,1,1,红芪,1,MOL011078,1,primary_direct,adjudicated_TCMSP_relation_set_v1.1.0
46881259,1,1,紫菀,1,MOL010476,1,primary_direct,adjudicated_TCMSP_relation_set_v1.1.0
46886154,1,1,水红花子,1,MOL012773,1,primary_direct,adjudicated_TCMSP_relation_set_v1.1.0
46886730,1,1,玉竹,1,MOL010395,1,primary_direct,adjudicated_TCMSP_relation_set_v1.1.0
46886731,1,1,玉竹,1,MOL010396,1,primary_direct,adjudicated_TCMSP_relation_set_v1.1.0
46899140,1,1,黄芪,1,MOL000376,1,primary_direct,adjudicated_TCMSP_relation_set_v1.1.0
46901319,1,1,干姜,1,MOL002486,1,primary_direct,adjudicated_TCMSP_relation_set_v1.1.0
46906384,1,1,旋覆花,1,MOL004091,1,primary_direct,adjudicated_TCMSP_relation_set_v1.1.0
46928317,1,1,甘草,1,MOL004938,1,primary_direct,adjudicated_TCMSP_relation_set_v1.1.0
49775368,1,1,金银花,1,MOL003074,1,primary_direct,adjudicated_TCMSP_relation_set_v1.1.0
49775370,1,2,肉苁蓉 | 雷公藤,1,MOL003203,2,primary_direct,adjudicated_TCMSP_relation_set_v1.1.0
49836662,1,1,黑豆,1,MOL009691,1,primary_direct,adjudicated_TCMSP_relation_set_v1.1.0
49856081,1,1,甘草,1,MOL004848,1,primary_direct,adjudicated_TCMSP_relation_set_v1.1.0
49865664,1,1,灵芝,1,MOL011295,1,primary_direct,adjudicated_TCMSP_relation_set_v1.1.0
50904881,1,1,荔枝核,1,MOL010693,1,primary_direct,adjudicated_TCMSP_relation_set_v1.1.0
50914217,1,6,半边莲 | 土茯苓 | 板蓝根 | 灯盏细辛 | 牛膝 | 细辛,1,MOL001836,6,primary_direct,adjudicated_TCMSP_relation_set_v1.1.0
50986185,1,6,桂枝 | 生姜 | 砂仁 | 紫苏 | 肉桂 | 荜茇,1,MOL001602,6,primary_direct,adjudicated_TCMSP_relation_set_v1.1.0
50987499,1,1,茵陈,1,MOL008058,1,primary_direct,adjudicated_TCMSP_relation_set_v1.1.0
51340198,1,1,冰片,1,MOL006861,1,primary_direct,adjudicated_TCMSP_relation_set_v1.1.0
51340236,1,1,王不留行,1,MOL008911,1,primary_direct,adjudicated_TCMSP_relation_set_v1.1.0
51351709,1,2,垂盆草 | 椿皮,1,MOL002061,2,primary_direct,adjudicated_TCMSP_relation_set_v1.1.0
51380898,1,2,大蒜 | 葱白,1,MOL008354,2,primary_direct,adjudicated_TCMSP_relation_set_v1.1.0
51380903,1,2,大蒜 | 薤白,1,MOL007601,2,primary_direct,adjudicated_TCMSP_relation_set_v1.1.0
51380995,1,1,吴茱萸,1,MOL003943,1,primary_direct,adjudicated_TCMSP_relation_set_v1.1.0
51382654,1,2,杜仲 | 蕤仁,1,MOL009005,2,primary_direct,adjudicated_TCMSP_relation_set_v1.1.0
51394521,1,3,枸杞子 | 柴胡 | 款冬花,1,MOL004708,3,primary_direct,adjudicated_TCMSP_relation_set_v1.1.0
51398127,1,5,没药 | 红花 | 茯苓 | 连翘 | 香加皮,1,MOL000286,5,primary_direct,adjudicated_TCMSP_relation_set_v1.1.0
51407984,1,1,没药,1,MOL001033,1,primary_direct,adjudicated_TCMSP_relation_set_v1.1.0
51521444,1,1,没药,1,MOL000997,1,primary_direct,adjudicated_TCMSP_relation_set_v1.1.0
51522494,1,1,蛇床子,1,MOL003624,1,primary_direct,adjudicated_TCMSP_relation_set_v1.1.0
51531966,1,2,积雪草 | 荷叶,1,MOL007201,2,primary_direct,adjudicated_TCMSP_relation_set_v1.1.0
54162047,1,1,决明子,1,MOL006497,1,primary_direct,adjudicated_TCMSP_relation_set_v1.1.0
54219265,1,1,川贝母,1,MOL009566,1,primary_direct,adjudicated_TCMSP_relation_set_v1.1.0
54670067,1,19,冬虫夏草 | 山楂叶 | 枸杞子 | 桑叶 | 桔梗 | 沙棘 | 浮萍 | 牛蒡子 | 白果 | 积雪草 | 绿豆 | 芡实 | 莱菔子 | 葎草 | 败酱草 | 金樱子 | 银杏叶 | 马齿苋 | 鼠曲草,1,MOL001691,19,primary_direct,adjudicated_TCMSP_relation_set_v1.1.0
56850102,1,2,板蓝根 | 黄连,1,MOL001845,2,primary_direct,adjudicated_TCMSP_relation_set_v1.1.0
57346156,1,1,冬葵果,1,MOL008337,1,primary_direct,adjudicated_TCMSP_relation_set_v1.1.0
57358160,1,1,柴胡,1,MOL004694,1,primary_direct,adjudicated_TCMSP_relation_set_v1.1.0
57411980,1,1,川楝子,1,MOL002052,1,primary_direct,adjudicated_TCMSP_relation_set_v1.1.0
57532263,1,1,川芎,1,MOL002130,1,primary_direct,adjudicated_TCMSP_relation_set_v1.1.0
59044266,1,1,儿茶,1,MOL008421,1,primary_direct,adjudicated_TCMSP_relation_set_v1.1.0
59098743,1,1,椿皮,1,MOL006290,1,primary_direct,adjudicated_TCMSP_relation_set_v1.1.0
59918853,1,1,冬葵果,1,MOL008344,1,primary_direct,adjudicated_TCMSP_relation_set_v1.1.0
60156058,1,1,板蓝根,1,MOL001791,1,primary_direct,adjudicated_TCMSP_relation_set_v1.1.0
70499994,1,2,半边莲 | 天葵子,1,MOL011375,2,primary_direct,adjudicated_TCMSP_relation_set_v1.1.0
71587143,1,1,板蓝根,1,MOL001775,1,primary_direct,adjudicated_TCMSP_relation_set_v1.1.0
