relative_path,size_bytes,sha256
audits/10946210_graph_mapping_result.json,305,35cc1e6df0d562d9b8f038cc7a1c455d96947be48ad2cbdca0072881200dea67
audits/cid1032_conformer_sensitivity/1032_dipole_check_sp.inp,509,675b534c503fe7eaf9070859fb9e2f7d88849d78cb43fd082eeed2c2ef2947af
audits/cid1032_conformer_sensitivity/1032_dipole_check_sp.out,43923,76aa9a1fd8f5e8ea0376eef510375bf26a0271b7a98bb1a66352f13c5021d46f
audits/cid1032_conformer_sensitivity/1032_trans_optfreq.inp,732,aa922cac300b63f1a03d8f0747c4cb6e0e6b2d32266dfa15d4da79c1adfc9f7f
audits/cid1032_conformer_sensitivity/1032_trans_optfreq.out,294848,0c79f1e2accb72894d8032afa5779ddd06c40038c4c011443bd2a35cfe62797c
audits/cid1032_conformer_sensitivity/cid1032_conformer_comparison.csv,688,454f0d020993ec0d0df359d975ac07ec95f33aefa392987325a2759884248982
audits/cid1032_conformer_sensitivity/cid1032_conformer_comparison.json,1115,d00755c70485ee49aaf056af25f12b3d30f23d0e401750c8f0cd9b91006b342d
audits/conformer_sensitivity/inp/10459_conf1.inp,1739,adc772875017aafe7e710733bfa2b8c3682cb0217fbc7028e0512cfc75974fc4
audits/conformer_sensitivity/inp/10459_conf2.inp,1742,85913c81c48eb678e28d01fc78e4371275bddfc29bc7fa0228d31fea83e7f953
audits/conformer_sensitivity/inp/10459_conf3.inp,1743,49e2e92a2763d7230b9e2c00fc68344e81ddbb90470410d29da745edc0dbc85e
audits/conformer_sensitivity/inp/10459_conf4.inp,1740,49ecc88f8c632e99aee27ac813a5483acfe6f43d4b4a6f7d63e599d0b4a66d2e
audits/conformer_sensitivity/inp/10459_conf5.inp,1743,fb2c7e03d9ca2a6e803d0ffb1c988273c908e62e430bd63b0f4d67952b9965cc
audits/conformer_sensitivity/inp/11975273_conf1.inp,2721,2d50d74f879a3e9526f1724421e0cf411e03d9cea8a3e47d89f9701e8e873469
audits/conformer_sensitivity/inp/11975273_conf2.inp,2717,e621a27493faf87720df74e02904e2e84e1fa3656af30613ef56b165619028bd
audits/conformer_sensitivity/inp/11975273_conf3.inp,2711,979b8f3058d9dc256ba097440596d4c5495b5aac88500a3f5d5fd0b6cc84c315
audits/conformer_sensitivity/inp/11975273_conf4.inp,2720,23e11cda9dfea9be0e06e4a72bfdb5344ccb99a6041bc960a3e3ba3bf76a1998
audits/conformer_sensitivity/inp/11975273_conf5.inp,2721,3db57ecce4cfb493bb3345577347a95aeb71e4f51df321c9380e93a26720bb67
audits/conformer_sensitivity/inp/12921_conf1.inp,1902,d4ef7f1e25bf20e29aac5489efe2b1621001f524b4a2483704642d00c53dc1ce
audits/conformer_sensitivity/inp/12921_conf2.inp,1902,f94c64e8c930a255cc3be85d4f138769170e809f2926a30fea89851370beef43
audits/conformer_sensitivity/inp/12921_conf3.inp,1898,a3f5806d1188059c7ebcae9279c89f79329188cc264aa5c83da1dd945af95069
audits/conformer_sensitivity/inp/12921_conf4.inp,1899,fc0722c89cc001d135ed106d6185b03e0cde7f16d06c3716c401362bdae4783e
audits/conformer_sensitivity/inp/12921_conf5.inp,1899,29ae9af8675ba60350fae25d0894c401043d49df82641ccabe25ed4c39803f2b
audits/conformer_sensitivity/inp/167551_conf1.inp,2093,ca1f92ce4711e7714e8b92293d6941c3ab25954632114a1f539badcb930d23c5
audits/conformer_sensitivity/inp/167551_conf2.inp,2095,930b8a5cd5ae210c8deb1cf15abd1e9d32970c1bc2a43ae2f600730b7e783e27
audits/conformer_sensitivity/inp/167551_conf3.inp,2097,52afbf0d300fa814e2282dad9973589c4f0f6615d527761bcb22f9169657ff30
audits/conformer_sensitivity/inp/167551_conf4.inp,2094,8dfd5a9b6860d57cb66b8cc71a62b3c169bac5520d5ba99ef33160e7c5a4fcb3
audits/conformer_sensitivity/inp/167551_conf5.inp,2097,7e3db1f6168cba75faad4f17a5cacd8bb70ec047d5b96bba70bc014cb99406ea
audits/conformer_sensitivity/inp/21859_conf1.inp,1938,3821f418e7c649b06f56587623c61e3379db0280522173bc1a4bf2cc29e1f1e5
audits/conformer_sensitivity/inp/21859_conf2.inp,1937,a211b7384b426727215228c5dbc3b63e4131b809ef46555a4e961e75b6fd3b2b
audits/conformer_sensitivity/inp/21859_conf3.inp,1933,38c4462f7d5a8f8e6e240e1d4d41a2b8a6e7512fc05e50b3ea7ef31634adc973
audits/conformer_sensitivity/inp/21859_conf4.inp,1930,eb3e6b272f9ca95e59a06aadb789ddf98d941b00de06e38ede1863b1e532cc0c
audits/conformer_sensitivity/inp/21859_conf5.inp,1931,2c064077b9a0513578bd518566bbb7769ca50222fed43f61340dc53ff124f7ee
audits/conformer_sensitivity/inp/283632_conf1.inp,1895,29edb5fc6c6bd43974a292753b9dd2c0b7af9261df9bc718f5048ab0ce1db831
audits/conformer_sensitivity/inp/283632_conf2.inp,1893,da0094637c96c3a6d23052e11a96e4f0a6a086ef4c3d18dac630a6b7e4c163e7
audits/conformer_sensitivity/inp/283632_conf3.inp,1894,aa499437cbd83b04671988d69548fb25055e7c652d27b2ee27c78f534cd711a4
audits/conformer_sensitivity/inp/283632_conf4.inp,1895,fd00f5fe64f2cc611dff3eb04359ac884ef13f4116a04143551e24619526b9db
audits/conformer_sensitivity/inp/283632_conf5.inp,1898,440c10141204602458141cc8721c9c16573d190a6c790449cf0fa956c3720bb1
audits/conformer_sensitivity/inp/445639_conf1.inp,1867,42a991502d12b2a0abbe4f5f8937ee712ce716796ca1107fe971494eda9f1c8b
audits/conformer_sensitivity/inp/445639_conf2.inp,1869,0b283f10c1e232e85b49b3a4e0fc16271b6ad6ca52861626c8300247499a1b4d
audits/conformer_sensitivity/inp/445639_conf3.inp,1870,d16fe154f551f30d8f4305484b3eee2dcc1e50373b8a164a77e21a6ee256544c
audits/conformer_sensitivity/inp/445639_conf4.inp,1871,c71c26e0526876b3532cedaef77a5e18fa38534f4dcf96e27a7379a0e3fb5545
audits/conformer_sensitivity/inp/445639_conf5.inp,1865,3258989ec4f9f99ff7df1c1e32ca6b6abd62867f39dc8593a94091d560b6371e
audits/conformer_sensitivity/inp/46191017_conf1.inp,2080,6922c48ec38bad89231992117149549f3c767e0807aeeebac4242983540ee23c
audits/conformer_sensitivity/inp/46191017_conf2.inp,2094,2e7726176fca086213caf5efe6a9056e408a5f1b263003c39245298250768085
audits/conformer_sensitivity/inp/46191017_conf3.inp,2093,c3f38cef35519c842c267066bf6a3c7dc97d6b024869c6e2aa5783e46487b70c
audits/conformer_sensitivity/inp/46191017_conf4.inp,2087,bf9d1e7d984cf2012f590c163d91d9603e0da1f40dbb1c831ab43909d2e6e132
audits/conformer_sensitivity/inp/46191017_conf5.inp,2095,ba209342e075a68de40920a0fc08803b51c70c134536c7bd816f22503b160d25
audits/conformer_sensitivity/inp/5282756_conf1.inp,1866,fcb8638b5569f3cb2c632dce84c89c6e8db59d454dae22a6f00efdb02899a092
audits/conformer_sensitivity/inp/5282756_conf2.inp,1870,2219f19e3984515cf89beecf807a42529a7af3a7d8e1b07dfb508743a6a791d7
audits/conformer_sensitivity/inp/5282756_conf3.inp,1874,073f6582590033a96c05a303a35446b39ce0485c07f350fb694f96974caf3820
audits/conformer_sensitivity/inp/5282756_conf4.inp,1869,54e0788d3151c96b1d08a7b9d38f88b6aabc2645a865c6e84e205a8327d1b297
audits/conformer_sensitivity/inp/5282756_conf5.inp,1867,84f878f9c6d6e9f7cb98a72a5a6793c532e929bd8980509e80774bd0867dab1e
audits/conformer_sensitivity/inp/5284421_conf1.inp,1904,04ebc24fde444988363e4d90ae2ccf48009500bfa83b98188b94ccd38c608b94
audits/conformer_sensitivity/inp/5284421_conf2.inp,1904,c985c07986d647b9c554bbbb82ced44590d328a2f42c076a203103b2c26a4c59
audits/conformer_sensitivity/inp/5284421_conf3.inp,1900,9ca565be8b487ea309868ce2e1f249357e995160448b9ebcc753c61ee03ba38c
audits/conformer_sensitivity/inp/5284421_conf4.inp,1898,a42e2e9fc5476dc9ded9864bd0fdeccad08ebf587387bccd25d072acb161d891
audits/conformer_sensitivity/inp/5284421_conf5.inp,1909,f4eca6c53d78066f7433c92f07544069a474a078ec5a290738990d7294b411ba
audits/conformer_sensitivity/inp/5312529_conf1.inp,1931,14b1633b368e2652ede559b63e0760650aab1afab4457ab022dd52906ec22b6b
audits/conformer_sensitivity/inp/5312529_conf2.inp,1931,e122365eb63e4a22d7d242e735e5b75d34e92bd681fb99f5ea49e8576987a252
audits/conformer_sensitivity/inp/5312529_conf3.inp,1934,c0f19b6b4034aea08c73073323e5ae6e8e4d42c413cad9059159cc049b75d0b8
audits/conformer_sensitivity/inp/5312529_conf4.inp,1932,fbe97c5a40bde36db5ccd5676d3b9dae13a365dc5711af9076faadcb6dab55a7
audits/conformer_sensitivity/inp/5312529_conf5.inp,1935,fd34e11eaf2b875bf3f6a7220d2df84d88916f7fb6cb5e3756b5a21fddec7982
audits/conformer_sensitivity/inp/6371716_conf1.inp,1938,7b8ab7163b5803793d6003a1bc1521eecc9e2c127d8dd7fe414679c3b04565fb
audits/conformer_sensitivity/inp/6371716_conf2.inp,1934,f77abb0594ee539d77a49958a328b1e193550b9c3c0039c052df8f3c2cb59096
audits/conformer_sensitivity/inp/6371716_conf3.inp,1928,1c13c480bbd81448546501394c40a4c13e0e6e7dd3f93898a0e311df6b59b182
audits/conformer_sensitivity/inp/6371716_conf4.inp,1934,923ff9a070a0a0f1905920f0917cef2283d63b8291399f305be6fe41dbedd2ad
audits/conformer_sensitivity/inp/6371716_conf5.inp,1941,52303deaf7062c6f08a303ad1284d52daeae19d8d77429116226968792c662c8
audits/conformer_sensitivity/inp/637517_conf1.inp,1872,185672e836e25b41b7b9da5c2166966e84d455e9299640d9f39460beeefdfb53
audits/conformer_sensitivity/inp/637517_conf2.inp,1867,5a8dd463a062aaeaeea0c9e44e397b51f2291e379ec16f6e62203a240242a776
audits/conformer_sensitivity/inp/637517_conf3.inp,1867,7fa917e4a9fa4b1f7b5f1a2d2c3725ade92fc82acd4fc82bf745383bfe9b7e4d
audits/conformer_sensitivity/inp/637517_conf4.inp,1866,9f56521edd83a52f4cc92f4e1c755650b94bf0b6ab5c0fc27119bbc445e57c3e
audits/conformer_sensitivity/inp/637517_conf5.inp,1868,a3499eb483f87b551e589de01a61d5b889a475b5f0ba1fc195551ff797b51ee7
audits/conformer_sensitivity/inp/638072_conf1.inp,2720,96453007cba154ffa4c7659acc06c6812004e98f2db3d6312c5fc8c6d8059602
audits/conformer_sensitivity/inp/638072_conf2.inp,2722,aa80bde60e530957d61efa44922219ce2248c3ff934eaaa80dc0239e99c3251c
audits/conformer_sensitivity/inp/638072_conf3.inp,2714,59270de4ac234c8cc22cf27e94d23b27860fb27dfeb70d0eb72e7eea5861255e
audits/conformer_sensitivity/inp/638072_conf4.inp,2714,1440aadd86241de773e53273a26fddc9f48fc14a8a642f9562a9d0e58fc13bcd
audits/conformer_sensitivity/inp/638072_conf5.inp,2729,a7f666b2d64f000ef71a56744dd1f6519e9339a1a317659e937d05baf8e4c65d
audits/conformer_sensitivity/inp/6442145_conf1.inp,1903,13f27be4d36b91b583ee17ef34014920cdec343ab422f55eb86479e430c13710
audits/conformer_sensitivity/inp/6442145_conf2.inp,1901,108a1c879e38087ef16e98f4b52b4c78254b818e1430d293bad9219098044458
audits/conformer_sensitivity/inp/6442145_conf3.inp,1902,a49f937affc028b3f41e464a864400f154077c48129b0140662feb4509ecb0b5
audits/conformer_sensitivity/inp/6442145_conf4.inp,1910,39944dca60aab37eb887599840a587185dd02ce719aa67d3459a5d970c81c60a
audits/conformer_sensitivity/inp/6442145_conf5.inp,1906,7fffd95f2b0b6f464c56b52daba6d07137d95e31e8b9e24d5cfb2bb402922d32
audits/conformer_sensitivity/xyz/10459_conf1.xyz,1643,976ea396507f62c2d151df852a6c36fac9d79c1f890d1e57cfc45d0bd4db0201
audits/conformer_sensitivity/xyz/10459_conf2.xyz,1646,2eac6d1e6c49706bae66f673fe557a5274e8f2f6fa9058dcc6d1411739b3b76c
audits/conformer_sensitivity/xyz/10459_conf3.xyz,1647,7089a43a7dd858be0f79a68c8879d9731fae108947fdff44cbceaabe3f9efc49
audits/conformer_sensitivity/xyz/10459_conf4.xyz,1644,045b6b0553258e5e2d0c5b15e053e5176495f96f95239d23467d5e5c094db095
audits/conformer_sensitivity/xyz/10459_conf5.xyz,1647,c37df9e3c15867711e1f8c759b23218572714fb47482aad8458a349048178f4c
audits/conformer_sensitivity/xyz/11975273_conf1.xyz,2625,fbbf097617c492cc3049b58d75576a312f1445de9a6495ec750107420326e9a9
audits/conformer_sensitivity/xyz/11975273_conf2.xyz,2621,d4900deab6efc31a4e63ad642b5ff9d4b903617dc9df75061ec02ea44a9ea98c
audits/conformer_sensitivity/xyz/11975273_conf3.xyz,2615,e9cd681e056451afd2d147ef8c3f1f14f02ac0968cc1ceb8e58a2ccae55e0204
audits/conformer_sensitivity/xyz/11975273_conf4.xyz,2624,2132a329a54177541e744a13e57463d1409afb85ecfb0761becfc3795e29b068
audits/conformer_sensitivity/xyz/11975273_conf5.xyz,2625,64bf11be052b13a5d6f8a8641df3a4d60b4ef798c14cc28f78c19863e75e5f47
audits/conformer_sensitivity/xyz/12921_conf1.xyz,1806,bccc566a6452fd26a8c6b71fa0f4fb72336f7f2739c356dfdc11088d227f3ea3
audits/conformer_sensitivity/xyz/12921_conf2.xyz,1806,41ebd0998ecb79404b878e19c1b55ed0b4ba427c12b0b1f85a0ad86ebe635add
audits/conformer_sensitivity/xyz/12921_conf3.xyz,1802,69b385431b5a41e6a10f169785119279fca94873d0e5be371d62bbae661383d3
audits/conformer_sensitivity/xyz/12921_conf4.xyz,1803,61d639beee3b4ac542dc3312125fcb3024f52b77e895d372d246327562aaf32b
audits/conformer_sensitivity/xyz/12921_conf5.xyz,1803,27b7994adae7d70d02ca327e3cc04c159b9b7145f043ae646e64297285cfbd0e
audits/conformer_sensitivity/xyz/167551_conf1.xyz,1997,ec04606bb222754555d46e987c6a6e04961cd0662621b80e895678b3abbb4f95
audits/conformer_sensitivity/xyz/167551_conf2.xyz,1999,85eda6ca7f0ac98a5a186ed5a8c3023fa7f86b4c67c6655bda479caa933004de
audits/conformer_sensitivity/xyz/167551_conf3.xyz,2001,d8c6afd5ca67550844f0465f03ce0471d0b68397f08ad26b61c3ffd22c7c657c
audits/conformer_sensitivity/xyz/167551_conf4.xyz,1998,bb4a80b66cbe1b4ba64578b9214ce0a38f3fa997671e40567e0f5e4950ed5fff
audits/conformer_sensitivity/xyz/167551_conf5.xyz,2001,e8c87b58a4ba87ce2d66292e6f2f72acd5032cf27dfd265dd4a57ef0c8243593
audits/conformer_sensitivity/xyz/21859_conf1.xyz,1842,32784793d650c91fa218c07e6e80dd1904de35ae3184695748bbe5db1d83263f
audits/conformer_sensitivity/xyz/21859_conf2.xyz,1841,2d3d40f3b77e4334f2cfeaa9f4ca738c8a4dae6f85abc37f7614ee797ebb08eb
audits/conformer_sensitivity/xyz/21859_conf3.xyz,1837,bcd8f25c14a2eccf932c129e37e979ea674748b3b1fada708dcd886a5d1a2121
audits/conformer_sensitivity/xyz/21859_conf4.xyz,1834,573f2c71aeb16db7c7a35e2fa183793cdf4150cf4ac19b042c8f92ccf0a6cc46
audits/conformer_sensitivity/xyz/21859_conf5.xyz,1835,c8a25acdf9704ff0b03d1dfba18b2dd2b239175c20d2608550f62757e9d14e25
audits/conformer_sensitivity/xyz/283632_conf1.xyz,1805,8566b9b2192f7e98a0a4e75964c5cbcd4d2b91fb2d79580db69ecb58ee51eb42
audits/conformer_sensitivity/xyz/283632_conf2.xyz,1803,a612376d0d99c3511223617b15271cf1b0c306cbc58bc0de5ac87ede3f32d4cb
audits/conformer_sensitivity/xyz/283632_conf3.xyz,1804,0e5b4bde997412848142db2ce95f5cdf98e41c7089b95758e991923eba0b97e7
audits/conformer_sensitivity/xyz/283632_conf4.xyz,1805,e531dc90c35cbeeb74c7ca986687a31b34cd4bafaecb560c076a426dd00c01e5
audits/conformer_sensitivity/xyz/283632_conf5.xyz,1808,a085c01020b16d89ddeb7055bcb3e3fad2d1511ed1702157eaf741008a7bd8a2
audits/conformer_sensitivity/xyz/445639_conf1.xyz,1771,9e7037ba3852db778d42cb41a89c19f8acde23c9c5244d2c8ee79e50f35063f5
audits/conformer_sensitivity/xyz/445639_conf2.xyz,1773,9aa1317a1b835202aebf8aba15a97bb737387cb4684350105d6fe814c524db8d
audits/conformer_sensitivity/xyz/445639_conf3.xyz,1774,5fcd470bb5d86a665d8fbdbe20cd0b342342430c5da87d3a9503895f1ecbe278
audits/conformer_sensitivity/xyz/445639_conf4.xyz,1775,736799c8f658de825455960977a32286ffef1eb2199122367eeb8b9e37c5869a
audits/conformer_sensitivity/xyz/445639_conf5.xyz,1769,b79c9669f92b944d4026a85fb327c95659f176c0b235c48d97ce5ff73d15e9bb
audits/conformer_sensitivity/xyz/46191017_conf1.xyz,1990,2c9c6b1e876eba47223ebcb442757270b25806d3453e7a6b4086fa9c49c9c454
audits/conformer_sensitivity/xyz/46191017_conf2.xyz,2004,5ec7d875b1c7740b08b0dd8373f3cdfacf8a93e0b5a2c11f31811cdfa03ec335
audits/conformer_sensitivity/xyz/46191017_conf3.xyz,2003,7d1b3e1832fdea29e574dd81ecae510c44d3ae29ffb601454ab9f7a4b4c55c2b
audits/conformer_sensitivity/xyz/46191017_conf4.xyz,1997,7e17ad6b48274dbae19834176821cb4beeb41336b9b7f2cc21820810d0d82931
audits/conformer_sensitivity/xyz/46191017_conf5.xyz,2005,355507c32ced5c232c1a3485adade0024b5402af791427994e2789088e4d0d05
audits/conformer_sensitivity/xyz/5282756_conf1.xyz,1770,0ca0f2745539525d9e81573bb051a24abeb2e22fca2668089546e7a71b1fc88b
audits/conformer_sensitivity/xyz/5282756_conf2.xyz,1774,2f1f2528c51ad3e5d72028ccee626fce1fd7cb9c08a7b22a7735129f7d096a71
audits/conformer_sensitivity/xyz/5282756_conf3.xyz,1778,4a474b1c0da1a487b64397337184fbb416e73379c67b1c9582c2bc90e454a1e2
audits/conformer_sensitivity/xyz/5282756_conf4.xyz,1773,ffc3b7a171a66a13c6156d1362588437293d647d416b62628352eab6d0dac1dc
audits/conformer_sensitivity/xyz/5282756_conf5.xyz,1771,457247abd1ca9fadc100c6c45e297be6102c1c374f619e1bc6686c0746062d06
audits/conformer_sensitivity/xyz/5284421_conf1.xyz,1808,987e08506bbf9df797ffade1d889a847c21a89b39e75e6a9873c5d2981b426f4
audits/conformer_sensitivity/xyz/5284421_conf2.xyz,1808,10494167f4b9d7d2a48d875e7aa6cf8668d0e989bb7c0507e798508969eb0baf
audits/conformer_sensitivity/xyz/5284421_conf3.xyz,1804,3668436277e14f14cb337079d092442fe13007acbded770e1ecf182260135a1f
audits/conformer_sensitivity/xyz/5284421_conf4.xyz,1802,239ee46e6db7b431815e1750e719f4f8e7f29d8ce5d1780b1547020da8747c89
audits/conformer_sensitivity/xyz/5284421_conf5.xyz,1813,b40d1914ca3ce2d76eb4b5b2da161ad382555ed4a14f381f3b95623c5796217c
audits/conformer_sensitivity/xyz/5312529_conf1.xyz,1835,a66f3f065dd91376d6da11c84612ceb0ba7e24df7886d3dd82d5fbc81e4f8a6a
audits/conformer_sensitivity/xyz/5312529_conf2.xyz,1835,ff69dbe1f3fac3c7c3a55fdbdff60f785564a314bacea8b255f091f01696f6c1
audits/conformer_sensitivity/xyz/5312529_conf3.xyz,1838,1d1dc2200006d42a3339912bc482c0c633d35838e2469549c6a29a390511a5d9
audits/conformer_sensitivity/xyz/5312529_conf4.xyz,1836,269b502da78ae3451cf499c0a685c0c7f64b4ace36e20371feb8806f8af449b4
audits/conformer_sensitivity/xyz/5312529_conf5.xyz,1839,3b1407004fbe77d9c300fe160260d8cfa9c23061c18a4b5e6d46cb10c18954c3
audits/conformer_sensitivity/xyz/6371716_conf1.xyz,1842,c7b346befe9fe529a06e8150ff5f2da2b38926fa441031cd70a46cd5324792c1
audits/conformer_sensitivity/xyz/6371716_conf2.xyz,1838,408c00d3fcca84926e70c085d8e918390ff9b53e17e6f50d77f84d072fe2d068
audits/conformer_sensitivity/xyz/6371716_conf3.xyz,1832,d855fa891ca1c4597f90c4a8adf8bfb24d8bda56e65cd7bc680b29a543130579
audits/conformer_sensitivity/xyz/6371716_conf4.xyz,1838,414f85b5bd396ddd8a5ae1f0a064637a94b2fd8b0648315d41a12b19625644a1
audits/conformer_sensitivity/xyz/6371716_conf5.xyz,1845,db18ac1d22be1ffb2b876ea82a6173aac854913796cdfbcfd3397bc1bc8f005e
audits/conformer_sensitivity/xyz/637517_conf1.xyz,1776,3f5f3c573c33b51f7984e4068caa42a956f89176f1cff1d00546fa9be4c71a53
audits/conformer_sensitivity/xyz/637517_conf2.xyz,1771,1c9b732d8490ea0ff6d85948594ce757f321125982cd177c88e9fd6b81a42947
audits/conformer_sensitivity/xyz/637517_conf3.xyz,1771,56a235af5258b588919d1905ddc7abdaad1f919e38166618954922ae6343e726
audits/conformer_sensitivity/xyz/637517_conf4.xyz,1770,f87ca986eaac4af46539ad16d4a38e9ec76b37e0b6a73986563d64422d813359
audits/conformer_sensitivity/xyz/637517_conf5.xyz,1772,0267cff128a1d55ed5f46ea30eee8f7fe33ffdaf4ce78b2bb5b364d2afc4879d
audits/conformer_sensitivity/xyz/638072_conf1.xyz,2624,ff156472e7bb98491ae653bfc61f3861e4c8b8f23d1552b9cb1a982f00f2a0da
audits/conformer_sensitivity/xyz/638072_conf2.xyz,2626,5badd0bd5c91e7fe53cc196c5a2781cfb24f10f14272f889aeeb56fbff799716
audits/conformer_sensitivity/xyz/638072_conf3.xyz,2618,f870f624b25e679d198642d86167c34557f0bfdebca62337e4b7f31d9570b071
audits/conformer_sensitivity/xyz/638072_conf4.xyz,2618,6af6ebb6261834369ad8143817e9e4fb00bb9f51ba465fe5b9422bed80eaa3e4
audits/conformer_sensitivity/xyz/638072_conf5.xyz,2633,64e69f682be8d9ca6b50f0c4444aa4f748b7007ef1112946c52ffe09442d268a
audits/conformer_sensitivity/xyz/6442145_conf1.xyz,1807,94002dbd1cb38986fd4a557a59abf8e7ffdfcff8f7ca836443853823ea31a9af
audits/conformer_sensitivity/xyz/6442145_conf2.xyz,1805,70d092dda058a1467448f1b82a6bbad15506454a7987afc702eff95ba8dda81a
audits/conformer_sensitivity/xyz/6442145_conf3.xyz,1806,49c370357471a4133d6f0865aaae77b25c192a03c8e36f41806067b7a1efe257
audits/conformer_sensitivity/xyz/6442145_conf4.xyz,1814,a3bc7ed5c8a068281739a8dd59b35985cd4784e0a81285d0fe13d17244be8678
audits/conformer_sensitivity/xyz/6442145_conf5.xyz,1810,f746c5b113be975562cac23b685440fee96851b66c397d07b20b8dc269689a37
audits/conformer_sensitivity_sample.csv,2776,7b9d17bd5a9398ff405c35b0462e5125c011aece0a971e9e32293abf2110b8a3
audits/data_dictionary_audit.md,1335,98cb973997472f434ecbed0abcd52202e383967b040b79445fb66341f5b88079
audits/final_adjudication_126312.json,1419,78a6918ef56a2bb1e1b18b0445ed91a021135c3de9f6f0eea3e6994cea17e015
audits/final_retention_audit_126312.json,1668,79ad65033362062ecceedf7c50e35c973c5f1aa8b1e85b7347c58313de4f7f1c
audits/initial_geometry_pubchem3d_frozen_sha256.tsv,367,f822ec5a6d469c002c50f4a6b1dfc2b2bfc3f619b5c78b9311aa19a1a2c5bcdc
audits/initial_geometry_pubchem3d_full_results_frozen.csv,786074,6195f2472919ebe4e43e036003a9008684e6334d959d933cceee209041e1edab
audits/initial_geometry_pubchem3d_full_summary_frozen.json,1434,8cfdbb40f849b51e86211b625ba444fb92cbc843ed374d314db78a6964b1484f
audits/ionization_state_audit_summary.json,967,70b86c46ace4b62e8c4edcf822c1f31d253236aadab07d1fedd7c00293d551f4
audits/legacy_382_adjudication_ledger.csv,149613,dffccbb3a169be954c7bd439d55b34e0711785092d824d6dad5652c5b1f7e88c
audits/minor_imaginary_frequency_records.md,1085,117dc3ddb8470c6d3fc03d726fb9a084bfb684d923297cd6b690d7113de28d6a
audits/multi_mol_id_9_adjudication_ledger.csv,4323,51381b6f5fe003c24331aa1878a89181a53ed136bb5bac3bf47534cdb102f5a3
audits/nist_cccbdb_dipole_validation/nist_cccbdb_diplistx.html,325050,cc816f0c65b65e0b6673078e7fe370d8f844e0ed2d5d9ce0926da95288419fad
audits/nist_cccbdb_dipole_validation/nist_cccbdb_dipole_candidates_all.csv,17609,cdd119c84497f8907f1cb531614feaa93a9724ffc48ee130efba598e501a89f8
audits/nist_cccbdb_dipole_validation/nist_cccbdb_dipole_single_reference_candidates.csv,21793,a7cb0b72305509c9422da7b2baa7cc873482a42ef376b4d1974c02f069adb1b5
audits/nist_cccbdb_dipole_validation/nist_cccbdb_dipole_validation_full.csv,24711,2a2afdb5127a73b6c0462b684eaecd6a4ec1b1daa7a56831ec9311bc40b6028e
audits/nist_cccbdb_dipole_validation/nist_cccbdb_dipole_validation_summary.json,2123,ff04a2c07ff6aa70dfdd86eb628f86a998c821f970c039bef2f6e1238e35d0c9
audits/nist_cccbdb_dipole_validation/nist_cccbdb_moleculedonex.html,702674,648f2b0f05d11766fc130eef9a88c6e25180ab7d7d5cd5fa568b9224961458d3
audits/nist_cccbdb_dipole_validation/README.md,890,44306dbbef07226e7ddf3397e262a12ea7ed501f1cdb6de5f14c8b01df5f8c08
audits/numerical_closure_audit.json,205,fa6d6ceb896f1aafc7d557a422625b8476c22a011d1354f9b633757b105bcbc7
audits/orca_version_analysis_summary.json,882,80f953f81736e1d5abd93ed071c2b293b4393dc14d5d85883b9148e908f6d569
audits/orca_version_paired_sample.csv,2943,d69fb48f5884b9d0e791176710ed3dfc36a9bf50b9792a70ff7fb02c1628e9b1
audits/out_archive_staging_summary.json,767,6677cfafe45fd8ed26641df4636149cc77e1d8bde61827b9215a23edd143ed7e
audits/placeholder_xyz_replacement_audit.csv,13792,7521e32f9470495da9fb7562b5ee081fa2c43feff9cb216518140247816effbc
audits/provenance_and_flow_summary.json,324,bdb4be2c4cba6c720668fe2140e91eee0ec8bade85b90c561276d92f160fe176
audits/recovered_xyz_154_validation.csv,3962,48ce8a3757520dad522b4b04673eb056074c40dac88ffdf77da1a7f3ed305629
audits/release_validation_v1.1.0-rc1.json,1212,2584d4c3be7bdbb31e2bcb3d68af70f07132b3b95e867b35704eb9e973811e6d
audits/selection_audit_report.md,1088,66c7097dc39edd58501ae3e0420710e6841706338f8a058203ae92520d09366b
audits/selection_audit_summary.json,1259,d23a1f72bb48f35286df0603c0004e6e9370c0a9dafea0cfc7d55d321ab4f60a
audits/tcmsp_adjudication_summary.json,1020,7f3492334765cd2a6c6b3bae11fc8fd6355bbc3d77b671eb63663339696d4b17
audits/tcmsp_adjudication_validation.json,945,ca3d8c0653db8c1a272430aefc96994cea9eefb3aca79cae11a02a26d5a24903
audits/warning_audit_126312.json,665,17f2760c383267d0c89aea86348b06aa9137f48a7e3fe793a3488eb0389c0ed8
CHANGELOG_v1.1.0.md,1642,f31e9d0b2b727cf58a0d56fa87f53a8a4d858b052458c46642648f52dd4cd626
CITATION.cff,394,fe2a7669b6f179a167ad69c075d53132c4778d8135378b21a0c12bb5c7cbaf0d
code/analyze_full_initial_geometry_audit.py,7488,0ed76bb1fbaff161dfe92cc8ff5544c5c5ee4e652be05c21272b8a47fd3318e9
code/audit_all_initial_geometries_pubchem3d.py,9989,c4c2c3d9895fc0edd8e8d1ca67edd2e127503b04bdbe70795ab187c3aa31bc94
code/build_corrected_freeze_v5.py,3726,2e8636c71cf31ea5fe3da2bf4e2dba3db2afd6f548d43695e5d12242084e0d0a
code/build_fig6_r2_comparison.py,3520,649e2e947ffabdc45f7df15b94a544b24456d07c897e8657b47fb399ae3571df
code/build_finalization_audit.py,21965,fc3bdbc6b9023007b586315bc2c1db93cd5ce4ebdf3ae74388fcc51292d54497
code/build_ionization_state_audit.py,6090,44bd633a4ca6c2728a75dd622410ba8e77f510d78187af175469c5339a085783
code/build_master.py,6239,8741076c42f48039e7371860f287b638fdd73d35e6530948fcba304c328d6b83
code/build_ml_benchmark.py,11370,aa9de36e3be76c899db08ffc5af43a4d9e349844da5a806862091977afc66637
code/compare_conformers.py,5969,732f414bccd2e4fb277002bf6569f63daccdafde7481d20ccb91a89c5c1520f5
code/compare_orca_versions.py,9470,b81731157873e62ac8dacd2b17b7e100661b9e5439dd1d04ade706520b608078
code/generate_conformers.py,3596,5e7bb7e13045b4236e222178b97504d27850188a31a7a11bf3f9ac6da1395bed
code/generate_data_dictionary.py,12676,4169e90f82252191935f85876e80c434b98a9f94736709de2be78204366e4070
code/integrate_nist_cccbdb_validation.py,7767,f99e7594cc235f4ee2a500aa8ec35e340a0ed6d6882ff200efb5a18f8b7e3f3d
code/LICENSE_MIT.txt,1076,1147ff78fa6378ac105139269c9e27f44a63c2100d7c5921963f7e54615557e7
code/parse_orca_out.py,14337,6ab4f9a1f647027773ceea0832f5485430f068809ab91be3eb37600997bf3b24
code/rebuild_orca_input.py,6484,e5e2acadfad65cc0795df20e6d6fb2c8a234b3d4da26e5dd7d47341578f0e921
code/refresh_release_manifest.py,2431,f215464d514fb5252f5b859e3f1507478772407e46fd4c4ab15f1b941b631ad6
code/scaffold_split_uncertainty.py,5774,78bddc2acc46cf18b452ee56c13349a83886ef26021e6580c7b6541c60ca6e85
code/select_conformer_sample.py,3058,422e8577600eb80bce8bb5568091b620f63e62ad4ffa785ff564997e6dda20e7
code/select_orca_version_paired_sample.py,7544,04abe6b18c4b73ea6d73de5cf1b7b327abe2b3781c2e960e5017f71eb6025021
code/test_build_ml_benchmark.py,370,9b2c14b089265b8d7d8ef6ca84ed8efe97c7fa1f82ec9727b108f2be8b9190bd
code/verify_rebuild.py,5604,27f85e82b0ea2ffddb019dbfae70bf5a54fae163c1de43a1e84f3c02a935a2d3
CONFORMER_SENSITIVITY_PROTOCOL.md,4404,7bdac56056a0cfd20371801b91a998c49804e8a6c9bb9a217c8f7d56dd0a88a5
environment.yml,234,08faeac716b28ab8905f94fc750a3cbbde4098bb0c11c85640a7511e97e39f8d
KNOWN_LIMITATIONS.md,2357,ea445f22c3d9c525eeb950028313e4ff3db154e311b2dc087454f2c2fb153f22
LICENSE_DATA_CC_BY_4.0.txt,1031,67f09964ead8bf309e54cf68e4dc9f3aa3804ec8c8ab4b2924429833411333ec
machine_learning/benchmark_manifest.json,689,a755e9c345585bcadfc9ccefde279f78cfbd63c0f0b7e6ee4649ceec88b7ac87
machine_learning/benchmark_r2_comparison.png,163548,13054ed946bce2d3c27ddbf904b47c82e6310cf4cb96bf5296ab6abfb15b74d1
machine_learning/build_ml_benchmark.py,10847,1233a092ac5dc02a9bae45801a1f74eca1482699d31ede60ea8a4b5912aeb0a9
machine_learning/metrics_all_runs.csv,11598,bdbbbdd144d9f051f4e1f4bb6e43bb04f81ef0b917ff2b1a6ad64f98072e8229
machine_learning/metrics_summary.csv,4706,6624cc146343569ae03deb2613e54c7f4b981764242f142968d0934eaba535d4
machine_learning/ml_benchmark_summary.xlsx,19021,fca385ef4b023a999d44848f19c1389c90e1c18d3c5b7b624221dacbb498c678
machine_learning/README_机器学习基准.md,3509,e5cbed4aaee6d7014c9aae0283368b2c3563204bf9573eedb039093fd34c050d
machine_learning/scaffold_predictions.png,396747,c0810bf15ed7e936e7b63e55c3f59bb46b91bb2ddf37cb8582b4985c751e24e1
machine_learning/scaffold_uncertainty/scaffold_split_uncertainty_manifest.json,729,92fe0822433ada17d4918b53b3084db8bfde41038284ae902765b11eac540fd1
machine_learning/scaffold_uncertainty/scaffold_split_uncertainty_runs.csv,39025,6f30afdf2d5494daa898d8741c885dcf1edb803dd371b43472e77a658f7c4808
machine_learning/scaffold_uncertainty/scaffold_split_uncertainty_summary.csv,3087,778adfa3e235cf8d057834ba87132c633c6a397c9faf704bd975f439f0acfd90
machine_learning/split_assignments.csv,995218,7ada52b8b0163172430c70ec78c5761825306db2700261b740da681684b66e07
machine_learning/test_predictions.csv,2549565,bafc59409a36f686a1db2bdda350d28ebb14d00db7cc24d4cd91b2cdec2f814f
machine_learning/workbook_preview.png,125102,fa381d72cd2ad3e1b0367803895be91f117d9c0b8a6e23d9286c651eff9c3029
machine_learning/workbook_preview_all_runs.png,155421,33ff6e5f5d7da43b7cbf47cc618a5469e3f0ee5bfcf4afda4bb89c3115e3bbfa
machine_learning/workbook_preview_metrics_summary.png,203905,827137844fe53c5432ca151ae4df803a6f2d2e213e3b9cc8e4bc15158c5833a5
machine_learning/workbook_preview_reproducibility.png,51713,0683eb45e9cf6f19e06b316e7e78979ddec9a0e74e653d09d090eef9fbfd75b1
machine_learning/论文机器学习部分建议稿.md,2692,196aa2536de8e1aa123b0f484245c2070be87155f6f94ae13c5c743fbe314ad0
ORCA_VERSION_PAIRED_PROTOCOL.md,6874,219371ab07f8f9e86e940a7f49cf9615ef0b702b50cab6b18abc8e022e684e78
README.md,8557,829270a474c1feccb8e25ba448caadbb5c217bd8a3a7c495e786b2e14b706a8b
README_PROVENANCE_UPDATE_v1.1.0.md,439,657dea85feeb51a8f12f579ab20a55dea6d51ad0d1fb3ddd7100364d90282c69
REBUILD_PROTOCOL.md,8328,dc65ab5d34ee1d333d5071769f980b0c600ec9c5677e7bb6292eeac4dbfcf122
REPRODUCIBILITY.md,2092,379218d7810015620b0f3afd7e61120f72b8ce47a0be211e2fa9fff45f15ef60
structures_xyz/1001.xyz,1554,4d2718b8c0b51299006fbe4040311d782a7f072413294912f0294db2c43957bd
structures_xyz/100313.xyz,3957,44ba457bad903f5abd43133c063a824286f489abb5202c2bbf26ad3de156372f
structures_xyz/100332.xyz,2306,05e2d0272c5db9cea165daa464ef00ed245eacfe123ac422e9e238b91faaef35
structures_xyz/10036567.xyz,2458,aa298c2fd5ccdd71adc5cd559dfc76cc6b5413acbed20bafac71db84e8b58fca
structures_xyz/10041.xyz,1330,bc3fc3b3cf18e2896489d7cb1d73b6a8a566881a5a476d22031838078a9499ba
structures_xyz/100492.xyz,3357,949ba76d948d4ad0d9088eace633374228bf52c4cf6600537035293a5cfae1db
structures_xyz/100526.xyz,2081,4869f65bb2e47f17db47f8fab9455a55b8bf716c5a9dec3a43474bf24aa1c21d
structures_xyz/100528.xyz,5457,f6e8623bfdd8c40f58655a4cb0d72affe76433b646bde177350b93a5f313f3a3
structures_xyz/100572.xyz,2681,5e2b0bc1fc220e595be72e4d087929b33802e0a6f0bb4f292e73a9d1016cf30c
structures_xyz/10058085.xyz,2383,f4b1a502c83c051dd0fe01e3fe6922ced14bde091b25cc0198fab57e937560ee
structures_xyz/10062187.xyz,2533,05f76322c77f32742cf4db78f2ab16457f6878a15739dda09a69d462e40858a5
structures_xyz/100630.xyz,3807,70e3c5525b093a8d622b3a52de43414e36997fb64e1c1756367b3f6585c63f54
structures_xyz/100633.xyz,2606,1ed5d29f70b073e6c275fac9d4a8692a2bd4cbd931bc8ab95e80c4db4486b724
structures_xyz/100659.xyz,4032,095a929b23554b270eb75699f58332862a0890e3a202f1e64e91c320d5cf78c0
structures_xyz/100753.xyz,3807,bd42a661b0451261367a2474327acb6eddbec2a5f7e039c923071909f38a8732
structures_xyz/100771.xyz,2981,dda3d6d3dd71da41e6bc343427851084e54a2f8d40d047327020a2e0063f4a8f
structures_xyz/100801.xyz,2681,06ff35c28a4b3bce37089ab60855c17f60591f7a96ebd7fdcba472ed64239cd9
structures_xyz/101.xyz,1178,d4e849ffd53d0c380316762d33b5f4ebc75e2a10c450917ba4520c9e7bdd11ef
structures_xyz/10102.xyz,2980,340333dd667aad5669c61563214ea0e84ce7cae8fc56119c9fec6802fb7c1fc5
structures_xyz/10104370.xyz,2983,697b4f3252753ca31a9066ad582eb985f09dea275f41e13347aad7454923e3d2
structures_xyz/10106.xyz,2230,95017ed639f8aa9062ea7339208b2c4d711a7439247a67bd229190b95fab101b
structures_xyz/10108.xyz,1855,9f4ada82ea7f47dfe1a94dd649a30eb3de1111918fa94294664174337fabfb9d
structures_xyz/10114.xyz,6056,2814331975f902baea1d301bdab8b1fae6e23fa1d66e9b0ef2a999618689e207
structures_xyz/101211.xyz,1856,ab5acb774cd8b390e71c8b513401205014f37cdff2607283b76dc69cc66ef224
structures_xyz/101257.xyz,6132,0c098dd6d6c9e1650d3c1c480f7b02c14721caa85910ede7795ad967144b1d52
structures_xyz/101301.xyz,4107,8a70af4503b6b9d961d228046607b2a69dca1e2286b879a8387f06333799c319
structures_xyz/10130521.xyz,2233,9e98735925887fca7613bb749da7c011e7ca86de71c27a9ae91e4515c73bdd5c
structures_xyz/10133.xyz,5156,d65467683b5380af81bf474570f3ee9e9d3213fec945cb436f8487bba99f27fc
structures_xyz/101341.xyz,6282,47f5eb79af3e11220d13140b804113bcaa5f8471b3ebc2e77a38e7d791b95eab
structures_xyz/101364.xyz,3056,9908b7c3306063a3a77914dbe36996276bce858ce019d108f002b968293b9859
structures_xyz/10140.xyz,5756,376e76a238fb7de22597dc2191fe4e14bc3920c462de22572ce5b477c11623c1
structures_xyz/101405.xyz,1556,ead6308cd179ce4b8bc833b7e92653f9142da9c5ecf0f86e6a092666fd875fe5
structures_xyz/10141.xyz,1555,335e39ba9c0ec444a0f283846bc520b2923ef6ace898e05d70d8c0022a935c79
structures_xyz/10143.xyz,3656,859cdf7c68a4e1d1516cf2df0a81cfb4475948f0aee17804b24c920c83d93096
structures_xyz/10146.xyz,3280,fc311b2f0f8793ade07262ab7003e584b57506c9ca69c3a8722b85b6a9180947
structures_xyz/10149.xyz,2681,13126c6e5c417642a7150281c7cd2f006e4bcc8f17919f2b68e5ecdb4d2abd79
structures_xyz/10153.xyz,3656,34ce24cfb7ea9598c995edd0b14f44f44f077946dabdedb9e4d9f818aa7f981a
structures_xyz/10154.xyz,3431,9e4f7415f5d0a9c3ecf861d9acd1e759ebd6dd2c5584f90190d5a9cccf4d6d14
structures_xyz/101612.xyz,3357,ee94e04567d8f615cde148ccc584d9b0105cdcf8e672bcbca0c8c40a8d22bb2b
structures_xyz/10163.xyz,2305,96f15447d092116bcba4c94835219ef20544fb12477f27f6bd47824f5b5f9734
structures_xyz/10168.xyz,2231,7d61c351cff78577c29fcf5362ffa502ccfe7b8deaa18e8154af7a9305c9b6b6
structures_xyz/101746.xyz,3432,5c9a85a0b0fefc48be03b9d73e67414d0d41e68ae96a906e2db02754df3b9232
structures_xyz/101749.xyz,4182,cb6f390247cd8bedf37bf32fe45708c1d0cc2dc5754529fc3935ceae3cb1ebaa
structures_xyz/101761.xyz,6207,79926e1100ab065014713fc7dadc83c1d9c06317e9d6c164ed634cd0c813707c
structures_xyz/10176122.xyz,1108,84b5111b49bba8deafd3fa9e1169b7131fee8d65d6f6bee6422fe040f2da9a96
structures_xyz/101807.xyz,2306,76468845c825be0de3bc60af5358a589d626215a6e417c316443626c254ec9e6
structures_xyz/10189.xyz,1930,68607d256c4e2c9658c726c3b5c562775726ed27ee1e8567a8ef48c34ac33cd7
structures_xyz/101977.xyz,2381,d6c5b25dc2140e4bded7b6364d56d02305f32206a82dd5f8b7d0e465e35a37f5
structures_xyz/102023.xyz,2306,5aee442a971b36d3c90200b5c8df5ca16fb5bb4c8372eb83abae52c8e480fa64
structures_xyz/102024.xyz,2456,203a60c1bd709b26e9cf86ac2d8e28382fc6edd9062bb5b6eb0c6f139e9fd3cb
structures_xyz/10207.xyz,2305,dc27384213f5d7bd1e5e0e16a28b03a70044b0d9ad36a0a6080c38c39df88cf6
structures_xyz/10211.xyz,3206,fcb753c6bc00949c62e3f2986f7c6679028e6860b7241711b65e2e87dc609964
structures_xyz/10212.xyz,2605,3b5a766dfdf9d4cc31840b4ce4b4ed94a9ac17baa93f07d17dcffc369786939f
structures_xyz/10225.xyz,2530,2a797ff31a3fbf5ef7da1b317a458794c967a6fffa4b0e1c4575e90419f900fb
structures_xyz/10227.xyz,2455,f7ad109403b4e29dbda86fb705973a3f513cdb623a8a153cecc5b7af2d07ea4f
structures_xyz/10228.xyz,2605,f1dfc33de128d8588602774bc8766cbae03524bba40d8af83e7441d57e0ffbb6
structures_xyz/10237.xyz,3356,61e767e473b570090b3312f74d83adba75181f55ba4d64518c1c0b9fccc79bcd
structures_xyz/10248.xyz,2380,3deddabc80e8f31833fc2fd0e46fd500dc3ac66af93d589b2450ba581f75a95c
structures_xyz/10254.xyz,1780,204ac78c8851c1d69c8560b82571dc7f49522a4115eaf822696a823f150772be
structures_xyz/10256.xyz,1405,c4b64c987fae4016105b8a0c79c69c20863dd78d84007d7dfee5d7802ce225fd
structures_xyz/10263.xyz,1855,42ddff3b1867d783e692133b3ba8c591f2c4865a5d3ee203b1e1bbc08a708a50
structures_xyz/10274530.xyz,3734,bc947c6216d03ba0da4a48b68ed7fc736a700e6c2901463d3c3572eaf08272b7
structures_xyz/10276.xyz,2080,32e3ba9281827bcd22c2d57eadac3e8702313c98b40a873c750c93cb7db09eea
structures_xyz/10288.xyz,2305,04c2838340b881521f24abe9d911d42291282fe8b74a6e7312dbfdd2c7850763
structures_xyz/10290825.xyz,2008,29e52500f8846721b0cf652cb3bed8aa858f24a95b37b08bfd6e4606d407fe9b
structures_xyz/10297.xyz,1855,04334bfde4b4cb1e7b5a89d5ce737a81ce49f63053cead3d57ff1c06e3d30635
structures_xyz/1031.xyz,954,ff2817f22bab306792d63abc2be79c2ea53a9ea816df96b19893f0400d22752f
structures_xyz/10312.xyz,1405,b0b326084cdc3c45cc2b0a32e37d2a0a92b5dd1d0e5130443a22744fdb4f326f
structures_xyz/10313185.xyz,1933,b8f1222b71d79fc6a5b5021a00f99594617fceb417f1c31aee7d4bae800d6096
structures_xyz/10315.xyz,1780,cb690de7ed976684b03e01412aa51d7e61d2fb0effd62d2cacdf93ce107294c9
structures_xyz/1032.xyz,879,d5816eef9c6a3f54d36aaba789710a2946f46ef0b125a60c9703593749268b98
structures_xyz/10329.xyz,1330,ab4e048ce055e9c220402bd5980ead02a1285ad7e6d001bdc6c6407755303946
structures_xyz/10351.xyz,880,32b76330cc56769a12e1bde7c1634b0ec1ebe83143379bc93bb447e592521aa6
structures_xyz/10353528.xyz,3208,09e7a750e910cdf69282eecde0b00a08d1146ced4b1d0f122b253ddcfa163864
structures_xyz/10355691.xyz,3058,121c12768fed1ae9a309f924f06e5776e868c8476adac4c6f678dbc1b536ef62
structures_xyz/10364.xyz,1930,4bd7e5861f84d2b425ec1501c4b44102f487edbf9d75b1ba8593be5f1678a249
structures_xyz/10390.xyz,1855,a4e5f9648f3bb62d9c64dec47a5d7ba42c6ce3de590f8988acc7638174523dad
structures_xyz/10393.xyz,1555,6852ff02772b6cdcd3a68d30fe36c53156ba0a0ccccf6c3f2be8e4c3df892209
structures_xyz/10398656.xyz,3208,8c9105b2b3881d3da5b875ad8d835367233aa1d1690d1e73b372aa945fda5f2c
structures_xyz/10401.xyz,1405,7916d49a5760d838656037757290929c304e7347ad0a293f89e1a2f909bce37b
structures_xyz/10403.xyz,1780,afb8e47b82696a380805d43ff90ae5e34564321ddde84e0eeceafe3b47043fdf
structures_xyz/10403222.xyz,2684,f302f64f5fea68551e7d52df6f19e8ff977d287c998fcfbbc653972e031ae00b
structures_xyz/10405595.xyz,3359,50156166e18065f3be972197cc6e4df5b9e27b6d81c7693790592f84a19ae3a3
structures_xyz/10413.xyz,1180,c8c32809b2399af31bb151c47f87fecb3998f25a43bb9fa8ac76fc324fad9e3a
structures_xyz/10416.xyz,3955,b7535bde776392dcf47333902fd770951ee1612c9bf67a230d93c10ae9946b18
structures_xyz/10430.xyz,1330,0c36be570beaed86af64cea55ccf4dd4c28e52d876c578eeee2f8466149a2e85
structures_xyz/10436.xyz,1330,b6d16733bfd77d45c254f69a9a112a1e811880441efd1814b30b1a5db3be2f42
structures_xyz/104361.xyz,6282,50f708bff298d58c9993eb722eabad1feb3ca1b7f716f67f6922921aaadd3b3f
structures_xyz/10438.xyz,1855,551fcfa074b4e376e29985471de4ee5029b2409c8cfaade489bf91204472f049
structures_xyz/1044.xyz,1029,bd46ad6174bfffe97b600ee67d7b21f4c37265eb104ee105bbb6c418dd9966d7
structures_xyz/10442.xyz,1030,00c4e7a6c9938b46e98fda8684c6a08babe9ac412d4836086040e465f5ce589b
structures_xyz/10448.xyz,1255,4b08787d336314c9745276982c79d75063dd6b1f277cb691e0f473ee9a056389
structures_xyz/1045.xyz,1404,e39216f85e6ed3d7f23f05899d829322e5b38ce4018f66b049a48f76d356111e
structures_xyz/10450045.xyz,3584,ba253000e3ddda8b1afa892b2868b2632c4a6989a761e5cb361ab2ade11663fe
structures_xyz/10450921.xyz,3809,f44ea80f50b9e68574e2d0f777147e93ea63406bef9bb45bdb5f12eb5b4f94b9
structures_xyz/10451.xyz,1105,41eaffbc24ce45735dbb9c75147382a65c1798ea248d8202cb95880ea8e2a428
structures_xyz/10453987.xyz,4109,5c792765e807ab9b9b6991f0e64a48769eb69246229da8cb4cdf6f3eaded1023
structures_xyz/10454589.xyz,4709,18f2f5e1874c8ab732f651d3162f14387a2f7bfbb842435c14d8a71975e9cba3
structures_xyz/10456516.xyz,4034,3d743e2f122361ed2f94b3169e0e720cb5a31585976cbf54b73629f1f9b5184d
structures_xyz/10457774.xyz,4559,9cdc0c093f63df7f1eb86638def2b3c0c812cacdd198b996286b6a63d8c5732d
structures_xyz/10459.xyz,3805,fe7f879fc7b8decbe0dad2c7ca4c1562144b68c6b76905c3ee66134064e2c143
structures_xyz/10459879.xyz,4409,dc398c958c06708886820f37f6532b5ffd567b56d4287e5c9a390680e4dd8a9e
structures_xyz/10464455.xyz,1558,2aa378c1b4461342b77721ad6b6411a069c9c789c93324eeef587b76787b3fd1
structures_xyz/10464767.xyz,2158,2caaaed2c44e5fd7fb8f4a21cfcf53ccaf8b2f769b5dab7c0a47c88a9951009e
structures_xyz/10465.xyz,4030,f2d8c84938141ff4eeea79f23dec1201a646a8aff8422e573499353a1927e240
structures_xyz/104654.xyz,2006,63dafc68c7721478565ea66331c093c0d9674d925fb6af234993eb7f08561ffd
structures_xyz/10466307.xyz,2458,376c2c77c5be4b5163be5f9b5fa9aa76696bf4ba11d47f6da7ff3c5395fa9786
structures_xyz/10466651.xyz,3133,49bfb9c5de3fd6d855ffebfb862fc844c290e5983ddd3ee729e9bd8631ed377c
structures_xyz/10466989.xyz,2608,3c8125ad47decb9d1b9865de6a6e2ee377ef559ffddc2d8aa5118d0b2245069f
structures_xyz/10467092.xyz,2983,087a9e60a317bc6570b5b0404d4b12fff2ce1fa90e250d96258d3ca61634a541
structures_xyz/10467801.xyz,3283,d61fe2e8990dd540c3bc39a8b2644a4906c8d8fbc57c24646d2e051c7b2b4774
structures_xyz/10470747.xyz,2984,783096a5d1d286b4067bd3c6bc58b2860e3438339ad1942acfe8869817e4ca26
structures_xyz/10470863.xyz,2834,f04a05a679a2465c24c4d5f80f15136302f7ce9558a06361bd23afd96dc5b6ea
structures_xyz/10471123.xyz,3134,0d6d9aa96af9c97b1f897ab294900b980806cf131434d6e91f9730a5347657de
structures_xyz/10475115.xyz,4259,eede9bb50dfd5b4f84d1674fda36dedb641e659f3c842e2610d55edcfd67ab79
structures_xyz/10477353.xyz,5459,bac5423021ce0f6ef70c659ef58809762de9ff3e8421640b2e2c0400b86019e8
structures_xyz/10479460.xyz,4184,0d8d8e4d647e37726ada2d27ee78b258565fcf442f9a3a5e9d59f42f71bfb8be
structures_xyz/10481601.xyz,5984,4fb17e3d03aa0002daac51be184215fe4ff21c16817c794c6566678338584dfa
structures_xyz/10484.xyz,654,fe08a2268cd45ebfb68e78654bc796b44e6d1a4d12b38d2591d993abd343d73d
structures_xyz/10484580.xyz,7034,955594c0debb9ec7102b5ea6b65e3837fd372c7b0d5b1fec345e25ebfc00d9d3
structures_xyz/1049.xyz,879,e6813a5c8bb18dd65af29896d4ffde450444752b1f56c10c8c1bc8f20793cfbc
structures_xyz/10494.xyz,6131,86fe2b0487f51033c351fc37aa10739cc55b71e2fe8fd4e0d7f83a5c627195e1
structures_xyz/10496532.xyz,3959,d8768b13f2cb1ce6a0b3f4181a5aa55e0ddc644ba7ae4cf2531faac2a7e7426f
structures_xyz/10507459.xyz,5534,727239ff1c5ecfbd4d187c4c73df859073ddbc107ee3b608b9e042370e60ae7a
structures_xyz/10507805.xyz,7560,56440f3f4f78127baa01afc4277e298507a8c537eddf10d79dcaec95e2bfbf76
structures_xyz/105118.xyz,2681,32b48214ba8a549dcbaedfb0caabb58707af86915670988817d23883ff114ff4
structures_xyz/105119.xyz,2681,1e43e129cb3c823521cf3fe9687116e2c7ef588b3f86682d3d5c028e20fe6fed
structures_xyz/10514946.xyz,2383,2f5432ad2aed7769aa4e84e944c3699f8190a0b34e04e11f82fd5a54f1f1ddaf
structures_xyz/10534862.xyz,2083,386b1ab184d14433da7d43664103a85d2b22f28326d76a9f2144a1e52bc302f6
structures_xyz/10537120.xyz,2758,93accfbbe09ae87d36ed7273b560fd81de1a94888128696c820b6334fe6d0e32
structures_xyz/10538117.xyz,2758,1bf361b547b8202d7b718464b5d5a7a8c4573ba66bf17042c88391f359859289
structures_xyz/1054.xyz,1779,8a9da955cabf5d89f79fdf412ed54088d27a5acfdf30215339bf1cbecb910205
structures_xyz/10542808.xyz,2984,ca6c509f34e44793b2c7c84f5151b6418af1d90ff9682c2f91e9c0dde13365db
structures_xyz/10550610.xyz,6134,201d201e8fabe14e90ffc842b82402b2f792cc8c67d78340fcd7e40287fd2194
structures_xyz/10553.xyz,1180,1ad0839299903d3e7045dd1ddab6475e85ef431c090a735144eebabc2bbdc7eb
structures_xyz/10557.xyz,1030,1b8974346c7548f1b406785e4fdef14b02b046c4dac126d14f372a83080879b6
structures_xyz/10568300.xyz,3959,51ca71af1d1a994ff1af7c27f49fd13263993c473a2ca9a2c2b79d6e51f3649e
structures_xyz/10569137.xyz,3434,d4c6a6aecfc2b78097e5f086675c1db416ed96cbc7687531ac655d6a0a832f1e
structures_xyz/1057.xyz,1179,316dcd74a3ce4cecea4f2f4870acfb39e1ce8d288f98b25dbbb97a926d7d4e37
structures_xyz/105727.xyz,1781,be8f06f1c89a173c938357b27693eb02347c2046151652a9f4a75311527d0eef
structures_xyz/10574.xyz,4706,69833425f815530b6f327cc0e4419c5056720cda62ffb101c63ef73b0d797177
structures_xyz/10576163.xyz,4484,693b98fa0dc727507005b53cbd46147e6e080d7a63ccb0240b7c0a439369c0cf
structures_xyz/10597338.xyz,3509,0a7a54d19bf66cf9c1de6d4bb9bb3ff7b5f666d50163c2c1d942475ae62259eb
structures_xyz/1060.xyz,804,b26a0f750f6d8c45ad22ca241609d1bba6993c07fe528e25ff3ecb8d3b1ecf14
structures_xyz/10603320.xyz,5534,6d8ccbefd7ca24edd0567460d909f07d4f97fb3d64644660eb697051983f230c
structures_xyz/10606775.xyz,1933,1ee3f0a4c10fd45a9fc996f078aea897cd254448e5120990ec5d461880d92cf1
structures_xyz/10607.xyz,3956,0613ecce8cc3f32db7c4fdcb6de43df8e297dfba3c7d6ca3f247bca0bfc44479
structures_xyz/10607833.xyz,1858,bd70c0df270bbb8eec0d0f21ae387955d940373b46937ff8245e6982d218d13e
structures_xyz/10613719.xyz,3058,592cfe48af816d7e4270f62dcd2317c20bb6172adbfce3efeaf9584c03113556
structures_xyz/10618232.xyz,3509,0e4521c60eeab5d278a2db7d2b8d1362c556a123ebd4713d197fd8c542aee3d5
structures_xyz/10621.xyz,5831,c1111d5a468403cf9bc53d9f6e0782ff51e32330a318d8375185e76c8279679e
structures_xyz/10632629.xyz,2908,fbb33901bd18347e9139519bd23dab37fa0f5a9110622745160e20d5fb2dd8f9
structures_xyz/10633702.xyz,3283,d60a4a63aef8f72af5eaafb369fa878cceeedd70cc91d492f4e76d7a5e8ff314
structures_xyz/10643865.xyz,3809,26aac2e266ef6c152c8b7ed43346257e79048535e0dfcfdd341babd3a272e2ef
structures_xyz/10647480.xyz,5834,6f2bbe8637862c200a05ef558b1d931533a093a5a745c683e39d881db1200e6e
structures_xyz/10654258.xyz,1633,a366565563a7e8481e560c6fdd5d2f36c84cc80c5f5cd1aac9335b4a86e44f6b
structures_xyz/10655819.xyz,2983,edfee020ada657837db308d74fd8f1684277b258831b8b95f74085137060b677
structures_xyz/10657.xyz,2980,d1868fbc7fc7ad2f1cdfcd3750459f516c5ac9cca4ff3af55a0f8f664e20eee1
structures_xyz/10658.xyz,1555,79b8159ce9d2d105225aeedd8617db9f854849643ed05402598310d9d24d153f
structures_xyz/10659.xyz,2305,a20510b0cdefce0d79219cd67a7a0812592ac6bbf238aa9d913ec512b9432e30
structures_xyz/10666.xyz,1555,04d8c01f22d41a31db6ac281f771bf15a704c6173255cf748aa646a4d444390b
structures_xyz/10672073.xyz,6059,7cb6d67bbf6f74054e16b7e1adf08c848704b802104654bb6fb06a2a404452e0
structures_xyz/1068.xyz,728,8d1abe417c7ef37cf72d8347250862697f53f5a9b14dff7a344564f1583dab75
structures_xyz/10680.xyz,2080,d21df866a4d8da2cad2403990729b67353a26ea10f7696d30d66d9e1f0815f61
structures_xyz/10683031.xyz,2983,640f5a7737e7a31932ba091e4639852ac59e537e75ed871dc2bd7e5a097315d8
structures_xyz/10685.xyz,1780,d4d3f0cab684f77135853dcf420e38809a3a5a1d1d3e52ab1c60bd3206d9317d
structures_xyz/10687.xyz,1480,b4bc41e3e719b9c90d2fdad58de73b047515c91d72ecf64c7a9a3375765e6bb1
structures_xyz/10690.xyz,1930,37a03454594d10bba959ecadc5f2a76e0abf12a4e598f4bff2f34dc051772802
structures_xyz/10694.xyz,1930,96daa1d2df6696334d2c845b3d7f6749a267301cc61949c7ea1b10e38f7c6194
structures_xyz/10696.xyz,1705,b9eb10aae19c9140c21893f5f922f62e7768d13608e33c5d4b4e32b8e3166051
structures_xyz/10698.xyz,1705,c58f99c5fbb2e292aac72c38ad6445bb80fccd7ec0e41d0ed4529362075d767b
structures_xyz/107.xyz,1628,2837d10475a8dfe9a7f3c008cba4a326642417726ec07dfafc70aecd3dd73258
structures_xyz/10703.xyz,1855,27b793c70e1596d64a9d54d926d5f806d2635dd9e9ec94069e53261f71b67fa2
structures_xyz/10704181.xyz,3058,d1cf49bb9424965a2dd3f5db10eee2ae034a433abea03a46711db1031a04259e
structures_xyz/10704868.xyz,2983,2a6a8e6160c203b9ea6f48f7f873bf3f1c9b9f0f21425607b62a26f5d3f895f4
structures_xyz/10711515.xyz,4109,2209ecdd666df1c2985e51c67dba68e869911c5636575f65939c0c0613505683
structures_xyz/10713269.xyz,3809,d22c268dbe64e4cd9830e471a7d98cf884ebe1895ebd3c8508a3e914653e4ceb
structures_xyz/10715163.xyz,3809,c1573c90a9909de78fe43338e75f6aad9604e0779f1bcb922d43b97a94d57203
structures_xyz/10715412.xyz,3284,59892e3f8d75e6c330f54bafafac5a8a4e80dd2c5b7146f2552cc7443cb4d5b3
structures_xyz/10719.xyz,2305,79ddc5eb6031d7fdef523fb7fb94d61706ef49697c568352f7271ffc21e07a8f
structures_xyz/10721.xyz,1255,549d3276ff03e93ee368674f008ff939a78167597fb322fa6616db7290ca97ce
structures_xyz/10721020.xyz,6209,73e7b7afe5ad61e0c705ac7fb641ec446f6aa125465a548853fdc7143489d446
structures_xyz/10722.xyz,1330,1cdeeaf1e59db0624c8e4b890c10fbfbd3c4e9a5f259b8ece696c833fa7ba289
structures_xyz/10725382.xyz,1408,de37e90fffba8de68db3c59d83e7d1fb7f93fa43a6cc92441a48080a52652e42
structures_xyz/10727728.xyz,2308,d2175bcc58443002d0f273a3f2d5c07825b6aa3917d185866363c0877b1b7f4c
structures_xyz/10736226.xyz,3734,3c298479211e74ac53da31137a2ae4c0278b5521813c8f8378ea6135e0656f9b
structures_xyz/10740654.xyz,5909,c0961e1ede3bf0b7471cf5f95deccb8bd12cc7314d0a9ff9e67a4fbf902c8216
structures_xyz/10742.xyz,1855,feb27988581977b41e2228b35ec8f22bc23120725c8fa982a9922de82990e4f1
structures_xyz/107428.xyz,1856,1010b3928c145274892e932d51a348ccefc5a3f11f2f15b37abbf5b2901caea5
structures_xyz/10743008.xyz,6059,ff3aa73b495ec7456838ffff3ba1d88222469aa59d660781c33b526af3489af2
structures_xyz/10748.xyz,1630,e6c9b41ba4a58cec3ee191628d2b739a3b57402d658f9eee754b6bac36e38c94
structures_xyz/10750739.xyz,2983,5e70dd1b29fcef8233e4a0a8a45cd43bb11f41f53f6efaf92c012c7390f66833
structures_xyz/107526.xyz,1856,510acf9bdf679d6ba7bb09a1955f50b086a1d15d553811d71fa40882cbc6a528
structures_xyz/107561.xyz,2081,53c1af368d31c318d35532b05f055f5b26902584f48103a118540c4223c9b6d0
structures_xyz/107568.xyz,3956,0f694b0071f9408b86361c08c66825a837f0a2f89a32e0d7d1b77fbc2bab87d9
structures_xyz/10766328.xyz,6284,abdb5d1857faca2afca78eb8ca8b4d6c5249382d541173635dd81b2a37c47cac
structures_xyz/107689.xyz,956,c3d716f229bde407a7ae752a4dd8a7e4b75937563c09bb354bc54fe4ff33acc7
structures_xyz/10772.xyz,1480,8e6ab5eca91b59b31a6c6273cc3a2ea88318ac9a2e6e090dc743202d51a597ee
structures_xyz/10776403.xyz,1708,ae38a964cbcf2275be2970d0a6f809ba57114b76be711b48bb8dbd04642b98d7
structures_xyz/10779560.xyz,2983,342e30b2209c676f2034e03b854b4f9b3d05281eb2e8f8d6fc344d9ff0bf384b
structures_xyz/107848.xyz,3882,19bfa148c35e25b146af7d287d0b164405e37f43a58dc31c9cb9c5434fac2d45
structures_xyz/10787.xyz,1180,e708710aae42cac62458ca8f09261b15f04011bf01c8dcaf426354937d179293
structures_xyz/10788149.xyz,4184,73626981db9d51cbd6abf404a060989538a3e898bde9ac263c0a6d0e916ffa47
structures_xyz/107905.xyz,3807,30ddf95adfc15e70f27975da8a83dfd9f8ebeeb2d56b8f2095c55afe92f850ff
structures_xyz/107936.xyz,2156,7d3c15a2f555c6fee5315cc1a3887ce69eb4bb54abd5fe63767bc0028ef8eca5
structures_xyz/10795.xyz,1255,048ce7cf902ef1c86d098ba249253a3dce1d07b298290b0ec80579ffbe8a7907
structures_xyz/10797.xyz,955,cc70b99433bff040092ac4e20406aaa58f739302941e72dae8ffdd2d75c5a5d4
structures_xyz/107971.xyz,3807,f170b17e16186feb33d7573f5cc153f345f387a17e8af231459b05f15b80a435
structures_xyz/107982.xyz,3881,6415cc134707f1baa927830e0052b645263e944d3a243619e938a2e3e425dffc
structures_xyz/10798423.xyz,2683,d2580f4c4dbf7648cfb32e8b0db4f658db11572df8332022e502c8f1d425a644
structures_xyz/108064.xyz,2906,da96d99b51f99651dc6f35e7e3f62c7e8779bf76537e7df3dd6becc7e5010faa
structures_xyz/108104.xyz,1856,c758022cdfefd9925038a579514c52398e134a55ac312438b426b6c4f6fb7d73
structures_xyz/10812.xyz,1855,84d951b48e74cbe570334ecf0eb783fbc45eb3bd13272d452cdf49b4088be5b4
structures_xyz/108125.xyz,2981,584281b5ae42a8282389dc880be866a0abaeb50126b6b069cf69a18d42447808
structures_xyz/10813969.xyz,4034,eb55f5f71c62bd43614f21ea5d2292f4be6bb4b14313fae4d4597327c1fac687
structures_xyz/10814524.xyz,6059,f2f51420d02b0ada41cb4549306868ce2a03716f4bc5460ccde5e1b926180f62
structures_xyz/108168.xyz,2457,7d72755c91e50391d2e89814996f357e6962a2bdb1c2c7a120c2c56e91ec8ac6
structures_xyz/10820.xyz,1855,dab931625304fe294a0765196c3e3a9f1476c24631b30bad63a2da377d746731
structures_xyz/10820631.xyz,1858,3b7d798306faa8e1b62bdaf9e6c73f1a1f818adce8c4051e409b04ea5daccc15
structures_xyz/108213.xyz,3657,e625612cbaaee01ca908be81bba19e07c54ab68cfe66d94ac297fc836bb73abd
structures_xyz/10823.xyz,1330,2167a1e0f3e33db87fd1c914e232179825c8be37fca421cf6430ff57c6ffa25d
structures_xyz/10823100.xyz,2308,aef6525e6c7a4f16b36d0c0f14eb89bdb351bf09b18d0ce83980651dd97b2436
structures_xyz/10824.xyz,1405,14c285401d8b8fbeac0a444d302aafb202314437738989c7c4a8b8200cb35009
structures_xyz/10831307.xyz,4034,11129656f06c52e7d13176d017e07ff4967ee0e4498f952c4d1cf5ad13c94b3e
structures_xyz/10841200.xyz,5459,bf6c3dfa504eee5ed2acebde2e9526446a7342e7cee34948dfda32372aefe533
structures_xyz/10848577.xyz,4258,7efdfd8f746210ed42930c5e84f9f3813d3590a26883c3ed1a1c53d7aa5b5e5e
structures_xyz/10856614.xyz,2983,e99783105d6309eb68ab01d15275f0e4cb1235ff19a617edd26e6332aaf65598
structures_xyz/10857540.xyz,3283,2753b6a03eafc3bdf5b3102c0b69d9de30c86029a4471157e2806866471ae561
structures_xyz/10860310.xyz,3359,872b75e29dbb7bc6565a8e5598a05ebb39881172844f3ed12aa559004cde2c5b
structures_xyz/108625.xyz,3281,be467d2a30af49e9106440f49d7442af1c60213e1fad20493135129c9e38f53b
structures_xyz/10864.xyz,2080,f92586aeb12000c7a7c35dcc21a9e3d56478f79a5ab192d5bd6c4b98c1c09ae5
structures_xyz/10867095.xyz,1933,9e212f441ba2c2888e39e0b9077494731f6ee964614b1c50e21265ed902be40f
structures_xyz/10869933.xyz,3133,6a1a519715cc9d869e90116e0fb0014d9e43d0614df2fdd1ebe821e062893c1e
structures_xyz/10870920.xyz,3584,c0559ecfc32f23226060ac383780dd37c88ac90c4601dd55604c7d96913f42c8
structures_xyz/10877278.xyz,1783,e1efd5eeea33f5e75725c34cb4c6045835dae43f1fef0958acc00a5123561e5e
structures_xyz/10878761.xyz,3208,e905d59aac1737c505e6ea4313af3b74c94d638fdf2d3d54706441512a98765b
structures_xyz/10879760.xyz,2533,484896cc203e0f7663fe8576af2d7a66c79b1cbafd0c8e74172453ae6a6662dd
structures_xyz/10881.xyz,1105,7aabdd20e31645383680d645bc947ce1f5bbf0cfd9db929df15cd56ca40d1384
structures_xyz/10881804.xyz,3209,9b57ada55acf8cb47ce229f38f41910ed671db90ed38eda1db370307e443ea34
structures_xyz/10882.xyz,1780,27f219d840fd07b5ed930172eee127f81b16700114b5978fbf47bb8226972250
structures_xyz/10883331.xyz,4184,d2f3a417fadfd0d0068f4b27da28278c48e3c60537461af4af5f5b9735920fbe
structures_xyz/10886.xyz,2680,65a21c66834cdc8b31fc6064cd1320af0208a6739c7e51efc6a79afa1f193cbf
structures_xyz/10887941.xyz,1483,0af31af239f02989e9fb29fff5cc02a8bfda8212e54a311426e3271d7976a9af
structures_xyz/10887971.xyz,2008,d501743ebcc7858e447ed3d39766d618ab8ffb3be6bb04c8a5468ec78aa9a4b5
structures_xyz/10887972.xyz,2008,93c7e3416cbf4154c42b84a3052f1ae41bdcccba35a2c5f5a562363a49c21f3a
structures_xyz/10887985.xyz,2158,f39d0e7fd5887b708b6ef866bf50c8e7fac56988857a104808c39806a25136ef
structures_xyz/10888107.xyz,2083,722c72df5553e1f8e32ab174360dba0ff2594170c84b1cc1669a9fcecabefdcb
structures_xyz/10889018.xyz,2983,957126c103b0711383a2733f4ae46ea2bc583bb7e0a6d9de5299024072e1340e
structures_xyz/10889124.xyz,2683,c69752e9bc97c764b818e261565f7e62552b2ea897530bc5ae9d76b45260000b
structures_xyz/10889963.xyz,2158,65016e2c72596dd269ac0b48fc67822980cbaba91eded565c9c58fa64b44536e
structures_xyz/10891602.xyz,4183,c1aeefc3e5f53685da8bf844ea48cb3bdb2c0f24c24f95a06da6bbec31892045
structures_xyz/10898915.xyz,2233,37f52f544d34c72cdbefc3ab7741635268be322886708a6ff385344ad6af8ac0
structures_xyz/10899740.xyz,2983,39b280edf62cb8db9c998aea482c4436c7c30e5ce06a0b4e9ee8b01c0cdbe89a
structures_xyz/10899741.xyz,2983,b4224425cb699a20bc13fd05d2b760dd2e9d7b3d392185f80b13864f6da6c8f3
structures_xyz/10900762.xyz,3733,3894419a342629827eb37f22c5ba368bd40e2915835bba4d2d6bb183f61323d3
structures_xyz/109010.xyz,2306,9097dc76ad41993a2cce534f214abf3d162e08517f86d8764c8618efd69f7d8c
structures_xyz/10902387.xyz,3208,14dd1a8ec94e159ea459a4bf658706758d336b0485d53895a1e60123edc16337
structures_xyz/10903924.xyz,3434,66b1d09e1d7546d73f50d3e3bc3d63b491391c8bb187dc6ae99b83c735d4b672
structures_xyz/10907.xyz,2005,c4670045f2feaf8c6b4d5417cfb3e9396ad70d60eff69b09baafca63e7c26455
structures_xyz/10909635.xyz,1858,1d752003832e909a3c018e0204992a5e12018114c8b3e13758c8f025981e2b39
structures_xyz/10910653.xyz,2983,bf79cfa294da66672cfa89e5c2c10d792dfdf0917b25642adc2d6147d3695962
structures_xyz/10910685.xyz,1933,0bcdcb8dda6d4a60ad902906af18e428f487fa283037f970cdee40a9b415bcaa
structures_xyz/10911621.xyz,2608,50175e595e8df186361a2c172f20dbeed3afeaedd59ea499e7f8294aad9f0929
structures_xyz/10914066.xyz,2909,46f5501c935c514be06d44201eae942f74bfcc86c987de7e3b20965066b4e64e
structures_xyz/10914547.xyz,3584,82dce7200e93b018aaa4b215657aa75498d6eb1a6ee7bcdb3c828405049555e1
structures_xyz/10920530.xyz,1933,929d81f5555a02e7cc0f5a7acae01fd73d941a6bf26bb542bb46a13c7cb1abf6
structures_xyz/10920919.xyz,2458,1ea52eb28bae529518ed7784d1e5fc48159722af2ff4afbf6560fa86730a4d6d
structures_xyz/10922465.xyz,2983,7baccc73b2815880cdbbe3a9592376ec731759e2984e4a3c4eec70cba6430f8d
structures_xyz/10923274.xyz,2983,3bc1a34e05b22646774340f72482003807c0b4e529e4e7dbd7aace5deccb3de6
structures_xyz/10931.xyz,1180,754602c72dea0eef6750b69761efb1bfe1f7ef71ca444d8822e78c98a53f5d2b
structures_xyz/10931630.xyz,2083,5b536788118e4bd610f04c64fc2163221b942deeeb2aed67246d2e9fcaf5ec84
structures_xyz/10932599.xyz,2983,eb51bf3b657610f6b00a4455908286949e0ed91646cfa5fffff6cc4135203dde
structures_xyz/10937119.xyz,2460,53854b2ba14c844a24d210a95c8b752ebcd7e6cbb1ee024a8393b7bdc53f5dc6
structures_xyz/10944926.xyz,2783,c5a907867f861d490ca737408e8e186dbc2c012feab78a919fe39d79054b86bc
structures_xyz/10946210.xyz,3055,e11de943083966a653755f8a1e0b9bbe7e0b097beb8619fbe9c5138483fc8f0d
structures_xyz/10946969.xyz,2945,cc7aae5878e11a228fa08c3d2be3b83f3c02a7e70ba1305ba8934ea1c0792232
structures_xyz/10956572.xyz,2081,c62ccf79b09a6b9c0bfe346242dc5d977e346f35c45314fc08ef7adfa1d446e0
structures_xyz/10959.xyz,1105,7f8227fc08a70b8b80bd209f1cea98f48e1e202d6f6dea7c5deaa014d59c685b
structures_xyz/10965145.xyz,1325,c7c9bf37018fe09152ee8a46e4676fa6c500a000c2f2df3c707b2531feb57921
structures_xyz/10966105.xyz,2351,2973cb07529932abdd34669b63d470feb500166cdcaeff2ece298cefd52948bc
structures_xyz/10969850.xyz,1595,734e74b8dd3a1a8a3c499c63458134ce701c525aea6262dedb42ca141458a5dc
structures_xyz/10970376.xyz,2460,731e1253780f521d65ac6d5d487f29421b0019ce38ce8981fe0d7bbb6065ef1d
structures_xyz/10975.xyz,2230,04255addda0f52b1159ac6bf0e67672e6c7c65f373f3c56ffa1e0b0ee4b0e5ad
structures_xyz/10976879.xyz,2027,23da40ac7fcf052f77ebaf80f204650bc51d2cf2924596c9a7e3ad48650e5a21
structures_xyz/10977290.xyz,1973,60bc285317ad2b8070abfff74c1f445882465dee77f38f20f704f6dd35bc59f8
structures_xyz/10979933.xyz,2244,6b538aebbb7aad1bc873cc11eddd1799bbe6ff153afa7fa7d92a8bf74f170f26
structures_xyz/10983572.xyz,1109,444655a5ce5c8219aee6c1e618cf0ecc7c19ee74e915f05b2da021e20a45a669
structures_xyz/10986446.xyz,1757,84b5ab43457f47e39420837f62fd7c2fccd9f566c21bebbc2651c11c69129081
structures_xyz/10986613.xyz,1487,a46ed3a6096d327e517d0b36ca2763e073258434265c59802479db493e7e2d56
structures_xyz/10987383.xyz,2983,cacd3e92ba1200b575320a6e26f7208f170cbc5f9e5b2c57a9a228750651bd5a
structures_xyz/10988340.xyz,2405,47561ec025ac146a8d2966f8d0defae2e40878484ee3ce37221d6c41c3ef1e1a
structures_xyz/10998653.xyz,2158,2bfbd64cc8db159f1a09b1f2751abb37eba7bd530fea23440e62d6b9bc80ef9b
structures_xyz/11000.xyz,1180,53e6fb3e966d4e722f085ce0092e92e4179cdc5e812667b7eb74b5604f5b4571
structures_xyz/11005.xyz,3355,31e644a267a4433757ba09852154765744cb20aa6158ec4efecf427e3528d3a2
structures_xyz/11006.xyz,3805,57692837b0948aa7b98ea5ea94dd2df7c0b70ec623b95aa53331145ee80dd74a
structures_xyz/11008522.xyz,1433,921308f3b449fdbf382e028f6a5d00df8489503bd9d0dd1342be0a480180329c
structures_xyz/11011966.xyz,3358,18d63ce21a4bbfa6fbf83a9cb8280cdb313999009b9bc6d81e879fb0131fdad4
structures_xyz/1102.xyz,2229,1cc9d26202dbb121d90d55e896f62d8febf3d276438c75f8b3ed0f62d5a2ed1c
structures_xyz/11021311.xyz,2242,51ef51d2d79979a3247abdd7810e96559e6419d06d9e54b0dc07d4d4283c61bf
structures_xyz/11029861.xyz,1633,8949ec7ae764e9b12f8d84b879e390d0e63734fe823210c30cf935960bb95d9e
structures_xyz/1103.xyz,3054,cf2b5c8e2334b42f27a9ac5bfd011fdd19bae95a9a4b5140605c0772474894b4
structures_xyz/11033582.xyz,2684,c9c9739cfea1a32227f47dd973fb5bc1f8a4d3f081e6059ad81803f43051876c
structures_xyz/11051711.xyz,2008,c8768553b5bd5b4079402155d7d7bfa3fa170ff30e7414c68f7264a418ebfdd3
structures_xyz/11052941.xyz,2158,8022d2c0eb966d8e2316c6604f2f74f4fb753ccc545b8e4d3ab69d297d353cb5
structures_xyz/11062697.xyz,1633,4ab3c937a53d1501bcee83a688477abe5f3e3d8a3cb1da6fdbc640f8977d5da5
structures_xyz/11085323.xyz,2458,de2e70aa2e5c0ee475bdd10065f1c5bb2665e1e26220c2c9bd274c27bdd9400a
structures_xyz/11087.xyz,1330,f0200e84f1ffc0ff1b4552f833d64ced3bfbbda91085726eb8e5e211729455a5
structures_xyz/11092.xyz,1705,22a0d15985f933d06ddfc74333a4a1a433da661a21b17024b03533f27cd0b164
structures_xyz/11095734.xyz,2983,09473c5015e697540d4e026b4b34ae5bada008fbc56859ffdf080e78b235857b
structures_xyz/111050.xyz,3207,8a08c9c3c44d231eb3b30a877272f73e67a0f801d168443f62cd37c3de00b46b
structures_xyz/111220.xyz,6132,0cb4414558fd3d9c71894c760dfd258a8dc3d896eb054d1ad249a1985a960863
structures_xyz/11124.xyz,1105,cc8d5f541f867d156b123ad68bfe757a4a1f3a666f0315c95fca5bdaef078792
structures_xyz/11126.xyz,955,e001f2517a6ae341bc0e8bb815bd22e1e4f1020e5e847fb1b203ce0868d32979
structures_xyz/111274.xyz,2081,96f40acab37b5861200f758bb8ceb79941914a3e871c02d9ede921404adb7b27
structures_xyz/11128.xyz,2605,8cfe4195029ad65a5a20d6feb7815295cf669a550b482b23294b575bf5f9bd50
structures_xyz/111470.xyz,2456,ae07f07becb5feeef6cb35d8f864a2d5fee389843b4b286d5a1e0fa6e0585e4d
structures_xyz/111509.xyz,1106,0b416dbf4b949d2b796e02ef046e1bf15ab338fe89318acbee63783587343475
structures_xyz/11160.xyz,1555,2f459690523127b946c1a238bcf2e74ea5a8eeae8bf9a57c9b58dbf457a44033
structures_xyz/11160025.xyz,2983,5e9cdb6d0f255aa3fb4fc621f201a8a858b513977584319dc73c81e2fe899e76
structures_xyz/11163864.xyz,3509,566f2b896731eb738d50fa437b013893ee333f5bd38bc24d1fae73941cd8d50c
structures_xyz/111664.xyz,2231,31f64c8f463e4118c0142b5ec0c87f7075e3c652f86199b8c428dbcc0fec692a
structures_xyz/11173.xyz,1255,da186f9a51ed7cfbf4f3f02a1901b87f6dae871c97ed5450573eec58f6e5dad3
structures_xyz/111739.xyz,3056,73e7fdf9a314daeb02f192c4419805f7a96921e1ce457dd4c542bb8138ae9879
structures_xyz/11176.xyz,2005,b87013a3d20907cfdfc7900404b1310c745518a06c9ed7d53888a3e4e2cb487c
structures_xyz/11206026.xyz,2308,4bfc429ba3ce6f0635d5f5c5fd1a8ee881c1118fef64b10556ec33e1adcdf217
structures_xyz/11228920.xyz,2233,f5df1b5bf327e691b0f052470c6de7d733feb5f536f8557fa44d83a8b17ef204
structures_xyz/11229.xyz,1780,a6e0479febc0fb408a728fbbaa677785d716d24c3b99ab7f10e3002ff824ea20
structures_xyz/11233.xyz,2005,2a5f9a7dcf0be5980d37504af7f2fa9ad7130b654dbe52a0fc3fe2f913ed3706
structures_xyz/11241545.xyz,3208,d66f2813fd6fef21957dcfc8d46840e5abf0c6be12bfc2a531495eea98e8784f
structures_xyz/11250133.xyz,5159,80c15fe215e06103ea5a9f66cff8213843a860aafcffd7a37aaf54c7acf24b68
structures_xyz/11251.xyz,1255,538ce67caafc0ef4fd37c947c5599a7586a222c6ab8c5a85ef61cef912d2960a
structures_xyz/1125227.xyz,1482,e0eeb95c070e31eae4b228e4224dcc63ca31c7df665bdd034a52f222e4a4cc32
structures_xyz/11265.xyz,1480,e6838b09c29a1a36b3788aa6c707042ea17e8771117dd38f8a161f920a70d178
structures_xyz/11265913.xyz,3208,f5d65877c44cb3e84d39e21ce688fe70ae23801242b37b1c63ff598861c07aa8
structures_xyz/11269.xyz,2005,b6dac6ee90584680b6968664a981bf0a1419195e9128d471f63af6e8549d4ffc
structures_xyz/11281091.xyz,4184,a4949da91f035a119d59ccf8d7fcacc8b3cd2ce29c96bcfd2250480ebafba030
structures_xyz/11282492.xyz,4709,7b647c2bd0bdc1a392ceb3442467b850a7a7fd637fd4e3e1ad3a1931412db4a6
structures_xyz/11286536.xyz,2308,56db70215f5c09a6a569fbac31ea6d3928c3838162812cc4ca61253aae974269
structures_xyz/11287.xyz,1855,e44ec13547f744ad134a0f5e43218c232acc5975820dfee0609cb5ea8fd627ce
structures_xyz/11289099.xyz,3058,7cc0940fd61c3bbd736c28ced20f5f8d855579b963932138566eed1738da83f0
structures_xyz/11294177.xyz,4184,82011329987abebd51c5ea9351577f2edfe863a3c82a4087531dd9be79567fb1
structures_xyz/11298625.xyz,2833,54e20bcc344e4a51cefb82cf6e3b6ae682aea8a706b6aad837eca451e6ccc2f3
structures_xyz/11304.xyz,1855,0058422bbfd9d9b0931a3528f89f61433503cf50894df2fa0994b2fd71e3ec3e
structures_xyz/11311158.xyz,2158,ca7b2fe8e93377ddda538877bb1ddc524af1537cccc8e861d55302f2ca49ba92
structures_xyz/11317652.xyz,4709,99736cfd9f6eb778cfb473e7a7bb8d357d0b48bee6fc0c0c6fb554d0536fcdaf
structures_xyz/11326.xyz,1855,8213540361d6c644fe9a84da4d21114d5985eb090a40c6aac9f8f8ea408e8c07
structures_xyz/11327449.xyz,4484,495892985da8581e5fa3d414014d3c7dc595f5a67e872c8762facb94f22da5f8
structures_xyz/11328.xyz,1855,c6f2e6917859407dc60aca3e0339abeffcfa2caf921e31f9d93893638acd3e26
structures_xyz/11333027.xyz,2458,cf8a0570044893ab052428f0b1fc83a99b2733d691e028cd5dec5e64af1431dc
structures_xyz/11335274.xyz,4183,a095057cec3a7b80482bc26d2e9f26d8977dd6eb03d8fe1185860c6f9c0587d4
structures_xyz/11340.xyz,1555,282c311901304e0f1f0f12ce254276fd0a8995d1e655ea863f36bc4537c931d7
structures_xyz/11349.xyz,2155,cb08ee4ef8b0b2899a9cd8b5f6752268e49d9841764651ad997079e7a44f0f6b
structures_xyz/11349817.xyz,4184,2e7e5ddfe766049b45c788c4d7ae72227bbd1c951ca1464d22538f47dc4082a5
structures_xyz/1135.xyz,1179,4fe5698adccd7f9bd40212b09f645a103a334c757aed79dc94c5afb9c6664ce7
structures_xyz/11351007.xyz,4259,ea53ee712b52b90e494e7aba0f35cbc3a835d392ac1ba292477834ad7341e4ec
structures_xyz/11361225.xyz,3884,3ab25fd8a6edbaca9337c1a7c7a239671c644e4dd83c1e8ba553c03326730133
structures_xyz/11363.xyz,1480,e69b0044484544da79f3a71b03933e055d0e248593dc757c49a7a24d058f3ffa
structures_xyz/113640.xyz,2456,0068e51030d08954ad79d6e1866d7b24df433a1729ea8169c3255ca10c266c64
structures_xyz/11367121.xyz,1933,5d3b659bda9fc17ccca39604a893027482c66e18037902fde9f09d4b6d2ad9e6
structures_xyz/11370.xyz,1480,cd2626976caf872af32376dd715ca4f7e59735b4be5184ab4e52b20dcf8f0ab4
structures_xyz/11387.xyz,1855,1a9e27001480c07f08de437c09cd99d33bdd5ebc8bb98b8971f119f622746c3f
structures_xyz/11388341.xyz,6584,a267c5f1e136dac66835f1e14ccd816442e7db582e451a6eff892358d1b14452
structures_xyz/11389600.xyz,2008,74e5352e1865e4b7ff810db2dc076c9e09d5465d7c6d86b967429e6345c75477
structures_xyz/11389922.xyz,2608,3d76e8dd09772273b21f17a8c7dee0afbd8c6b480343689c01f29a3eb52b5360
structures_xyz/11396.xyz,1855,45f8928a3a1cc966bb863d2849540ca19c423ae321612502a44ee63517bec2e7
structures_xyz/1140.xyz,1179,924f907ca63112dde138956b471bf49087b2a77b7cab5a97af2f780dfee9e2e8
structures_xyz/11401461.xyz,2983,470034621e2074a7cf018eb97c0a30fc5caa32bac57e6f145577d49c1bf2b28b
structures_xyz/11406.xyz,1705,08b3b0bb6d5fc6aeb0d56c9d0d57ed8fd6ad91aca18ad9bb5b7d69530c4efc8f
structures_xyz/11412603.xyz,2158,160138ab7402bbb09f4103b2ac86737278139415f81917e4cf49173cf41d780d
structures_xyz/11413813.xyz,2458,6fc1ede855914259c46f599755b2bcf34f19b9dbbb4de218401789d778904171
structures_xyz/11413903.xyz,2458,52b3bdbaf13abb5bb9404bccb47e9f4300078f9fee7ead06a9fd432de12464cc
structures_xyz/11423556.xyz,1108,691a80eefff93276137e444054458f37436b35e8d81666e6aae43b72790128d0
structures_xyz/11424773.xyz,2833,a41ac8e6dfa22563994a94b618e851b9e2ce2c5104fd28d2f258d12de284440c
structures_xyz/11426154.xyz,3058,000ccf8279ddec28bb85007dc74ccbbc9207b7f5e67c6232639e916f4f4d7331
structures_xyz/11426211.xyz,2908,7a92b2ab60fa7b1434305c92c24d3d9c016c3927a90f607d1dc0e9701a992aff
structures_xyz/11428.xyz,1405,444378457ec8b88029eec0456a4023c018d3a868485cd1b63f967e99ff966955
structures_xyz/11429497.xyz,4334,e1b984f10877fdfd2142d7ff38cfc65ee3770f2a65019aaf065e88be71321f4a
structures_xyz/11435490.xyz,2458,2712185c53d805ef2193f447a5fb269ab85728d84248a4a727b5f176633dfaa0
structures_xyz/11437978.xyz,3058,4fee5515a562b81ef70b86c83dcf9611dcbfc34c25e330832276e6ca36485fc9
structures_xyz/11438306.xyz,3134,4a50a90c5ff7f806c7f104cbcf18be8601df7ef016f0597565e165a3b5369ca1
structures_xyz/11439770.xyz,3959,35ae06050c157b6a3b9a297c97535f415b3b56076a1f8a82408d9d9e96220af6
structures_xyz/11444588.xyz,5384,22d998bdc8cdd0a66e9c377dcaa68438ba4b6cf1a86507e06a63870e7f2c3370
structures_xyz/11447394.xyz,2608,ff7a36bbe058e1164cbe728b5ae75a9ec29c98a84823b28e645ba05579b220fc
structures_xyz/11449086.xyz,2534,2d7784ee55ed5f77b2d1984e7e061d6d28b20f0b9be08647e6919b3ca11356ca
structures_xyz/11455.xyz,1555,484d30ee869ba257b2ab9baffea54f7633d60520053d3c279c1e4da2ba548ef9
structures_xyz/11457687.xyz,1783,33dd8b4e28ca2e36774cd9f8ad9d520fa1dffc3faeadd9ff56d75f1af6913fa9
structures_xyz/1146.xyz,1029,0293cc01ce5e60193b045db04309d5e79c3b93040493e24553d908926a0a9ca7
structures_xyz/11460.xyz,1630,6ea697e8b940aab06388474926b8b55a87973a3c68ae6caf4297e945dc65da11
structures_xyz/11461162.xyz,2534,d16eab7201170649076a525e0d4dbd27a753e54d22b7d23f958c4322416441c8
structures_xyz/11462191.xyz,4334,1ee21145daa6e43f12492c86b921fe6808df6646cc214b5ab4ee5bc9cb68ed0e
structures_xyz/11462401.xyz,3884,b7967de0632f2d6f4f5852b23bdaff2a11a93eaa093a685cda9effa4c5bde635
structures_xyz/114627.xyz,5607,163bda82cf7d2a97331079885164ec978f532c0d6bcda638804953866e8e0657
structures_xyz/11463.xyz,2005,166bab4c099eee3043e6f45f4ea05c7f70029bb7dd45a10022e80a92789508e6
structures_xyz/11467.xyz,2230,3a1b923063d09ca845a08a6dd9d9473ad9076761d57122d27c8dbc2460ca94f4
structures_xyz/11468733.xyz,6509,0856ed682916e94d57480e80f99e4f2977b34dd5d31147814c45d07b09c28317
structures_xyz/11469649.xyz,2608,10f82d6595656b2d22c63a46059322f887861cb101ac78c13af3cdab88522722
structures_xyz/11470.xyz,1555,713a20cc17a3a25065d2ee9ea4b95fa6a0207763a7d4a5145ca5262965041109
structures_xyz/114703.xyz,2531,8f21cb331c2934c082dc121659b3beca0d37d922850c2cda33fd771365753ec4
structures_xyz/11472105.xyz,3208,b6b9c266866b06accaffab244e8ec2d1b56ff46e1e64fd24ab0b57d292291efa
structures_xyz/11473265.xyz,3434,84d8209afd4a941e00e99d28b15e14db71b1ca6328042c4efddf18062a462437
structures_xyz/114776.xyz,3957,557574ae8d5b53162394fc2acf6fad2a28910ca73f447f1b61a47c023bfc9a48
structures_xyz/114829.xyz,2381,fcefd7ca27a488e244bde2f19f0349e9cd7826d99b61e617170bee3583575329
structures_xyz/11487.xyz,1855,c1ef1e6c608740f1f56865c854c6f45d12d638f51cc4196a3567fc93b73556f5
structures_xyz/114917.xyz,2531,c99312225b58b5fcee843f29fd4b76452dfff52fad898f75e51f3b89ca1f4605
structures_xyz/1149877.xyz,2682,fb142fc482ae4805c9c6d68894ab7c63b8bb3ef20681dad62a26c30c6f705fcc
structures_xyz/1150.xyz,1854,c684bb336d093cc2adb5b7bd50dfefe83d01fb287672f6cea74c18eb4c0d6513
structures_xyz/115012.xyz,6282,3c44d8ac18f41a2bb25d78591f222465673e165e2a47ebacad3dc97dad171839
structures_xyz/11503.xyz,1780,2ab9be1530df838e08d8f11f8749008a8a318b33f3066de62cc0154f8e1443df
structures_xyz/11503965.xyz,4559,eea70ab24632bb73fa6b44e350d58dfd5e4576356a5798ee54772c07a177cf2a
structures_xyz/11504083.xyz,6284,de5a3f14dc5a6b0328f9ea2db2ae33404bbb9294cfa3cc41b30ccdf3396b4f9f
structures_xyz/115049.xyz,2606,8418aa5f65a93b1a649086953878191641654468e360f644137c2fc9cedd4836
structures_xyz/115067.xyz,2907,b3106df81d47fd964b8e5bb99eca2ad1e419d8be9dae1ce84fa9e397cc6e4666
structures_xyz/11506999.xyz,2458,fdeacd3dbbc2f3a8ea3c682efae81fd443476ef13b2428ce8851e6d532f4b02e
structures_xyz/11512.xyz,2005,b9d5e711c5d6c1b805d3ce8e75cc41e8acbcf3f8effd25110dd39cfdbfaf1a60
structures_xyz/11514.xyz,2230,dd8dfc50e6b100d3dbeb67358f9d24ca79c0c8058a01c626f3a3b4b9c2de8f22
structures_xyz/11517.xyz,2905,cda29eefdbf77373b48f69caaeb18157b3b488b60d106a76ae55287f638f5925
structures_xyz/11521428.xyz,2458,e66df34e086b993f327423b388f36cb4f2ac4d9e38c0d9ab9048559342deb806
structures_xyz/11522801.xyz,3059,ac51ea1e2f3af8094d2a5e2df58253fb11692dc49b914e7b2057d83d91ebe212
structures_xyz/11523.xyz,1855,a28bd97647d8992314b7dcdb1242f2379b9b5a0c81c24d1208fc1de877372aaa
structures_xyz/115247.xyz,2906,d27d490f61af48ce35ef8a9e3f3557630a875a1ed82140714fa09c6544aecddb
structures_xyz/115250.xyz,6132,a27596c1bf5e8ebb8c4fa4583cd2e627e8cd377b5185726cf08fc2b8db433b8a
structures_xyz/11529.xyz,1780,c9c691aecab59622dee6c6e6ad936ddee947f333b8c91fa36126d65e35b28c49
structures_xyz/11537361.xyz,3884,8d9bf8491a76cca1b111baf1c1ae94a43a58a173f3c6219832718c16b8f12190
structures_xyz/11542.xyz,1780,e58b71e4138b191c4f17574fe5c57ca7ae6b12bcde1e8e1e1b77d5aed10b2d8e
structures_xyz/11552.xyz,1255,df9493012ec069f67749665cba7774040c9c51e282489b68d8d3e8e4ca890c25
structures_xyz/11558452.xyz,2459,7ed03e8d290f103763f3300c504d8b09ec41625df3c5bcc5c4c3563f48738bbd
structures_xyz/11559.xyz,1030,bc5fca28b0850d742a34fb29d98fc4d0f1391fbedb8ae122a80887ce3072f171
structures_xyz/11564505.xyz,2083,d0a25955c4e5cbc2317b3798cfb29321c6271a5d4fd568a6207b0b773481a90d
structures_xyz/11569.xyz,1405,29329bbe9a7cf3003c8f9d12ba85dab8f883a9a480434e863bb545c733b9109e
structures_xyz/11571818.xyz,1783,0ab5d67f60cc04a78ca3c0d747503f32ab894b58cd5dc6713949eab1c93f25e6
structures_xyz/11573479.xyz,4109,88132963a41ea058874ee341e175171bf3dedf4c14d4200b3c8efcad2d54b3a5
structures_xyz/11574.xyz,1480,15072727473780cbf42cd87655769e8c394616d18d472ed31afe5e20c2ae8046
structures_xyz/11579.xyz,1255,d4c256abe3c45981849f3d945b9dec2c7d8ded72b18842642069ac58f43d66e5
structures_xyz/11582.xyz,1780,4949bd40d2a37787fe6649ecbf564a8da8e779b5d4af87acc9b5ca75b56b921f
structures_xyz/11584.xyz,1180,455a1fda6b97f807ccec5a2b923e708d2fc4972bef1245e2ad099818b31b1bdb
structures_xyz/11586487.xyz,2983,65425c36091809f01b77ea5322ccd3ceef625179f0f801b463c1cf8150bb5d7c
structures_xyz/11594.xyz,2005,c1cb81ee3327623b106dfb7569d23afc8b3ff51f434fae2136ae7afa3c848c01
structures_xyz/11597.xyz,1405,9dbbda9a1f0d38729f7797d2a0ae0c4fff0e86bc5cb970a5a4145183704be4d9
structures_xyz/11598.xyz,1255,a7e67130fc901476699895f4956db9b7c88ba31b2286920d3a0251c486c522bd
structures_xyz/11600642.xyz,1858,784c178118353fa08d4d35548d7e9ba6e6f0ae5c3d001847f5b3164a951dcafa
structures_xyz/11602092.xyz,2834,09fdcdfb2aa7d7f5f16c72fb83cfe97a9e8bb59ebd9554593ddf02659f6f0d64
structures_xyz/11602329.xyz,2759,698e1954781409b70637105a415b11752603b838f387d8b0096956906e351625
structures_xyz/11604108.xyz,4259,dec11a302bd954e0fec455b97ec51de088c5ed08082f2788c89dca8a0c18f0ae
structures_xyz/11610.xyz,1630,2612886f5e632d8fb9dabb4ba2468284869c8267cdaaea9d1a81402bc3481fb3
structures_xyz/11617.xyz,1330,59449e3ffa2197cc9902a3e02db2be90cd58c8b4adeb491d19305cda3e71d84b
structures_xyz/11622.xyz,3055,3870636040c357ed758cfe0aea9fec149d580ad7bb44520c6e29147f4f049389
structures_xyz/11630663.xyz,3358,2bc9e730464a89ab512b39d1dc907e6d75ba797daf04b86f91876d2034fd14a9
structures_xyz/11635.xyz,4255,affb81b28d5fc98f93fd88e147d99fd96a8bf62040bd7d91526abec64df5034c
structures_xyz/11637048.xyz,2983,501c25de8a25a0dc1544c2d7f110c2f2d0b25a340f6e9f7578d4e24296a039d3
structures_xyz/11637239.xyz,2983,434e0867ef5019aed41a3889faf0fb902f8b47313b340a3289aadb4682e03e31
structures_xyz/11651583.xyz,2983,0d56efb03c05a97ad87105f32cfe23b44fd5c73ae92d09821882342a04523ae6
structures_xyz/11659239.xyz,2384,12b4b069aaf38b3e5a4712d4d8d497135857fe36ae7ad097496d637008ba077e
structures_xyz/11664505.xyz,5759,3f502548589512fac01ef16a2b8399f1941dc61f2d31931a74c9afe3c4cbcc67
structures_xyz/11665.xyz,1330,e1075fdd6835d8f492d5ccd8d068661d2fddbc692fb002a6efe61e5d77b2726f
structures_xyz/11666871.xyz,4034,d0441c0c39f13399f99ef291d5eb456a5e81254c623c7b2f9ae25dc3dc105bea
structures_xyz/11673075.xyz,2683,70d4c0d2ca7474f807d4ca6fdda9d9d40bde07bb623f57895e52fee3c3d42d9d
structures_xyz/11673107.xyz,2983,b58b61e41cd5d63493a944e699afcc0d2d79f7a2ffa2a6509f2e569fc90f310b
structures_xyz/11674044.xyz,2834,7b7d077206df9d8542b01cc36925bf73f64a8d9b72436f55c48e8022048ef710
structures_xyz/11675.xyz,2005,1c3a673a11819d46da3449a0ca5dcada5b158a77c5366b254cebaee651560fa2
structures_xyz/11688333.xyz,3884,5929cb09454d253826e7e6020137d86f73013ffb821574bb3ec39de067c28f34
structures_xyz/11703153.xyz,3809,fa7fa78deb043dd4421bd68a99f2c2b50e97d2df84e1a3b1b7e1066846a23adb
structures_xyz/11711021.xyz,3884,1562c41cb6d82461fc5c0bd9b1fa99461ee18b8ca5cb92db44d2cfdd82f184ad
structures_xyz/11711453.xyz,4409,e2c26f288f7a518c52dd0668c8234af1ee818c58eb2c41f7de8e2af1427632c9
structures_xyz/117158.xyz,1556,37c0f8f073f1c4d103a20188c4e3ee37b7ed0088228bfa74667a15efb99cfdf6
structures_xyz/11717379.xyz,3809,0da074f425f67edfbaa657afdb1ac728ab745ee1b38fa6b9b37f03d2bd6ba9bd
structures_xyz/11736067.xyz,2758,626e395b5fa3d027c5162f0820c58583b28009aa147c31b5b9c8233e8f2b39ee
structures_xyz/1174.xyz,954,1699f2355d39c95f8480bd5ba65a252625b48330a49a846fcf4331a7b81d513f
structures_xyz/11740990.xyz,4484,10f40bfdfc752db93b0b914107cd451986fb5b236b8a9ff7d0aac514661d7395
structures_xyz/117440.xyz,3882,8d3b09116b9be673354c2682530bb5bf6392baf9353d4581d32ee09e961a9097
structures_xyz/117443.xyz,3507,070f0621b56ed2ad6156ede062131dc183c8f376f44e86c76a99c3a7ad7df6b2
structures_xyz/11744785.xyz,2083,c115450edf2cce6632fc976c349e2218103c2a1b64fb7b7f37373055a6b1530a
structures_xyz/11744854.xyz,2233,5adc4004605fd58cff905b662f78430fb554aaf2dd8dcfcc6bc035b8eba85a9f
structures_xyz/11745794.xyz,1933,96ed3cb4574f380603c28d96283ed09405606c686131f87d42a340fc6dfe40af
structures_xyz/11747.xyz,1180,df164b1e0b38ea6c43e2ae2f1d7ea10ab04578c56a2ef9852017a6dfe0e203ce
structures_xyz/11747425.xyz,3133,817a9dc8fd727196994e0d566800ed68069fbf730590f82f81f500dbd908cb9d
structures_xyz/1175.xyz,1254,3fea84b256d5bfabba8642543796b91651e82259b04c33a1a822b03a28eee308
structures_xyz/117549.xyz,2081,fcfcf3eb743edece365b865f617ba6b58d7ccf7ce0e250bfc5e22c07fe6962c5
structures_xyz/11757331.xyz,4634,39776dab679d4f02971d4f0c83d4cec9dd74ee7ee4056c256f754d46bba91286
structures_xyz/11769623.xyz,2983,71f0231f62b148bbc860ba4ab8478c66419b66ba3880b0306db3dd6acc0d228f
structures_xyz/11769694.xyz,2308,1b9efee7907519d7f9a8d8ef771e9c3c33b9702a30c6d50612128fafea5044c1
structures_xyz/11770062.xyz,3208,88384bc0e5865ba6b8e9d99a8c32cba91e848a85a0b160878a80f4f894242a89
structures_xyz/11771639.xyz,4034,f872424809d8c9270b0c6a95b3f342ed124c485f4f4c1decb4007ed58cddb4f6
structures_xyz/117754.xyz,2831,324dc4514c1c0553904bdbfe2b22b10ac88ea3709311c79e5450b1613c1836e1
structures_xyz/11776892.xyz,3058,5e2df19dfe8e08b4e6cab81c7ffbd3fd42e22c5099d5509d29fb81c936339a1a
structures_xyz/11777169.xyz,2683,0516c12dd3680762947ef9e665ca6e288f7f4d0fe9b0b93ade2034325171748b
structures_xyz/11778225.xyz,3658,f9a1afa5319ce40e4da64c683f244d145233bbb5115fd8cf8d1fa5577ded4611
structures_xyz/11778300.xyz,2683,e5eedd608a62910f6e374b2602a47706f40becbef7e5b1ecb208ec0c3311d38e
structures_xyz/11779541.xyz,2909,d15ab9f48e0362806d2fa5c03d4fa1a8b0c1c83001dec1f601c207337e8d8197
structures_xyz/11783365.xyz,4709,908d13a9cc73977090a427352b569502b61d4e0968e0b0b6136288c0917c73b5
structures_xyz/11788274.xyz,1408,8a3f24ac01d7c70d9366e2db822406c27b24914cb55ead791059d0ef1983d2f8
structures_xyz/11788398.xyz,2083,988676b4116493f7951c8cba616f86c74d8479944e83050d34e0abc8c8d943f3
structures_xyz/11789373.xyz,1933,16f45205bbed72caf26db78e7b29040e7c03d2725091cb47ec6ebaac3efa27f2
structures_xyz/11789644.xyz,2308,8f5a83117eda6890d60cdda0a6da76fc6adad4630061c199510c067d89cd0506
structures_xyz/11796.xyz,1930,18b5e23e888a60b4491b2fd2f082b10e07a6c5cd64054a0d30bc34603edaaa22
structures_xyz/11796268.xyz,4259,09fa1be485fb2f1193fb67766d3dd57bc7af9d5c051797e5b638d617d007c64c
structures_xyz/11797786.xyz,4409,764100deb526b690002e2b51dc9628aa67c992b4a84b42cee14fb83e57fb952b
structures_xyz/11799446.xyz,5984,64742d6a2bb14d7939065bdc17e115b229f9bac5d0498d17bdb90115888faf90
structures_xyz/11800639.xyz,4934,1670df7cf53c06d9bd09091d46991e5229abdd2ccc211a85f999d319b98e2284
structures_xyz/11804727.xyz,1858,f7192b0c48f247e4d2e12891d1fb58d36d1f6358106fdc32162735c08ae47969
structures_xyz/11804943.xyz,2233,4b3fb0906b90cc2d832a6f0008a18af1723b592314d3fa9c95175a4b3638a11e
structures_xyz/11809239.xyz,3209,b959fe2ac7d954bfb1559f742f96fd220888f7714839ba88462972c40ccde222
structures_xyz/11810558.xyz,3584,b1059760cf8f856e0db1a35af82cf47431f48b3b7ba39436268c526f754bf5a0
structures_xyz/11812750.xyz,6209,1659cf5feec3f343e1ce5fa4d70dddf4bfbce33aaae8d993c675c7027c3d01a9
structures_xyz/11815467.xyz,1558,149896722c90dcf9db3317eca0b6a20952ea95e7432ad28b5d71e221c59e71a5
structures_xyz/11815846.xyz,1408,f5af239d644766c06b4a44c6f5f77e07da6b248e8028afb9c74f779ddb493457
structures_xyz/11816951.xyz,2758,9a019b71a6a1df0018fde9239edbc66661c4ba274e4ac5bf5df9a84b56637cf2
structures_xyz/11817856.xyz,2533,bfee0585d8c1c95c4cbfc7119c9a1b9e17e00cbfdc27a9123456c787c39b9f24
structures_xyz/11819488.xyz,2458,39c679c5bc0a362942cfb3d826c85d57e15e0d843049075489a86eda3ee164a7
structures_xyz/11820258.xyz,2983,4cd79f30486dae0afd28e9ebb6ed8e90bec48c638439686df8294f6b90e3d1d5
structures_xyz/1183.xyz,1479,78bf410d50fb42e7a835adeb15f134726730b0741873600f97a90d4873c70c83
structures_xyz/11842593.xyz,2083,2992ca869c8450fe5cbe6bf7e25f6449975520d7bd9bf8e5bf388842e6e5b0ca
structures_xyz/118495.xyz,1856,865fe73f19aac0ff885ccd13c1b7bf3043a6cb1bc825561a650a33c30a98234f
structures_xyz/11850.xyz,2005,56127fe64e7c9f5fe3b3549046cbb9641acab5087c6ac7038ccb0f7356819c74
structures_xyz/118529.xyz,1707,958e8f17ea1146112a7187789fb5048bf01ce50873d0a73454c0b1f98e5bf972
structures_xyz/11870462.xyz,5909,e72a89bf557bd0f7f6f8537833d554ca9ddafe36dc449d24193532f56128b543
structures_xyz/11874.xyz,1405,f4adf3a36b3ef89182024e08e3e39f56e2b7650543f13525201d14e1e9d8279d
structures_xyz/1188.xyz,1179,ca454d8501d623d422da3ad1d06d942072ee05624bd561ca96e4494c9d325f76
structures_xyz/11902.xyz,1180,dce6522de6b32bd23b1f9635c09d07a2b2f10253c64c1db5deedd7d54a786e10
structures_xyz/119034.xyz,6282,e18c477d8a212534b843011df50ec1602bbdd9711a07588de0fe61e67e888b4b
structures_xyz/119039.xyz,2156,2ed12f1ba771f35dd44f491da93477a26010b4e5c929819087fe7935b3b0738b
structures_xyz/11914.xyz,1480,6d760e11b9fc6404ddf8d6c156e6d0f432f0713a0b497b97f93cbc104907a1d7
structures_xyz/119205.xyz,3657,b586454357aa1e49c70dca3884bc2b39f39328879becd49fcad878fa8fde652c
structures_xyz/119242.xyz,6282,e0d991cc11d8d392b6e84b5155c728f2f6c355d79d9fc13c90ea974d1bfb94b9
structures_xyz/119258.xyz,4107,1e31e1f2e7c0a588cc93ba58f0a330594d99fa98f8297f9854982cd3d3068f0b
structures_xyz/119268.xyz,3357,cb625c3692f4a7de387b254fde3a7c1e786e7f4349508e159a373ad1c038e790
structures_xyz/119301.xyz,4182,5412f9b6f95bdeac75010d651fe615847fc4230a579d2de0e4e82f15da856ac8
structures_xyz/119307.xyz,8008,471074bf806756fc3a3dbc4b0a47570dc084782f1c27106b17ded315d9efe812
structures_xyz/119444.xyz,6132,3d2904ad1305f62d84e7a91c068bd59e7a8a4875eb8b9484da80c2528a226f1d
structures_xyz/119458.xyz,4932,f5c90ad2a4d60d4b2703dacc1918340b5b2e5be12d274baff64ee15e7b44a17a
structures_xyz/11954881.xyz,1858,da41f4932288b23828d1ce6ff5ac0f915ac0a57680ee78f873f84646f2842671
structures_xyz/119586.xyz,2081,f3e5964fe4763a83c1a827e711ba74ccf98f5044a358ebc3f0fc4d5370585813
structures_xyz/11970.xyz,1480,428404b7e0a0d30bc7291d6a1ed5ce375a3a4ce7258674dbf90480145b0105b8
structures_xyz/11972394.xyz,5384,9f9dcdcdbca934bd2754b6cff039d46502ed057e946d18406eba171cd0d6154e
structures_xyz/11975273.xyz,6059,edf96dfe8fede52ce5262e9a2b22012ba4e9b73a6503b087378d7efa6814a2d1
structures_xyz/11980.xyz,1405,8f0744ffbe7d611760d1416b31af12b18cf1bdd456e7852e9a0a254d4e43cdc8
structures_xyz/119908.xyz,3581,ab7c0e9d32bea89ff5583ccecc0fafc7407cac7291b1adb7591ce52fd88b6d7a
structures_xyz/11996452.xyz,3208,695e2477af55c44f681f4c4ceecd8f665dbcd039f8a838a3219834ac0793617f
structures_xyz/12002600.xyz,3133,c215cb932a52580cc0e4b3cb3c8aabf74439b6e73e81a159fa8e30d0aa783b6a
structures_xyz/12004524.xyz,6359,d18ba118bf4d7d16716a77e30c5ac5633b8515b2735265ce17942f2fd2139de0
structures_xyz/1201518.xyz,2232,7bceb2563d66029ad75f8b0a9380a81edc28f19e21ad7e33e9cc8de67ed8bcfd
structures_xyz/1201528.xyz,1932,c5ed379effb79a1b40de0e190feccc93f5cfaa13b3ca5981b20e6e89d38f27b7
structures_xyz/12024.xyz,955,4ad04ea3fc43cda67dc36709e7e8e37e260d40bbc5c6a96397602ef5dc3941ae
structures_xyz/12025.xyz,1030,56862509492bccb482bf1bd20b81ed5bfe493f0d26bf186a1c5550a861482025
structures_xyz/120290.xyz,4932,7326aa72536590b5f4d924c5533e7c5b1cc5c07d0411e58fa0c3e94955bdeddb
structures_xyz/12038.xyz,2005,398be611021f5703c4efb811484eb516e753dddd6460d1d1c4d86dfd369d3eae
structures_xyz/12048.xyz,1780,7b23c5204d2ebb2fd21d3d26ef2f469028420485a75cf59b9543c364780be505
structures_xyz/12053.xyz,1705,87233338c0be9b819591b80202103399938f869c4d87408ed3716c78a49a22a1
structures_xyz/120678.xyz,6132,b57129e8b416addede416250940eab2d66c28329707c666572b30964d7281faf
structures_xyz/120699.xyz,5307,19c8384c11467d0ecc875f40514a317e98875251092937256032a14259f68a12
structures_xyz/120700.xyz,2006,9db2d593cc546e552f57ccb069408de2dc0c1ff0744754d1177d5765c8f513fc
structures_xyz/120734.xyz,3357,e5b49d31b722c41f930f0e81b862efb3582b025eb2237d368d46501c9ed47f81
structures_xyz/120742.xyz,4257,dedcfff4610fb9a324ae9fb4ba31f576a20cd6c8be54745a7bd0ec2ac41f0cc2
structures_xyz/12095091.xyz,2158,e6b4cfc840749a0a11afdca70c2ac8f37e778100c5f8e14d7aed6f86eec202d3
structures_xyz/12097.xyz,1105,be13f19772e7e44a75e81b69e6c376073aef528c8b391967559a16c1e8e21982
structures_xyz/12100.xyz,1630,f7911d17a7be5789c34a3fd9cbeaf089aecc1f41cff5fab0bcf7862e83d0bb32
structures_xyz/12101.xyz,1480,7635b1a99b61bbdfcf3cfa1a8ffadc7471b212e73fdc2f8350da42ddcd38a5f5
structures_xyz/12105.xyz,1330,e47efcacfd414b5ddba7734ea7e58f0f281e82aafc9f0710a6f9bc182b791e24
structures_xyz/12124.xyz,1555,698a415503ec5138fdea48197d1959229070de6ecf9c676b71bfe458c1d590ea
structures_xyz/12160.xyz,1630,5922b7524640a9c23bc37237bc9550e5a2daab8fbda3e3b79a4a3363fbedc718
structures_xyz/12166.xyz,1255,f8c605b85edbcf5af71b3a004170b811f10ec6b7253c81a93debf9c8231b3d81
structures_xyz/121667.xyz,2306,f1477740f77d8019738c82073c5c5b30bedc3d11980b6da6606350b52e3a18bd
structures_xyz/121677.xyz,2231,88e7c1172282951d634dddfc0fb8580bec92986d9db83ba1d14e96e2a1899758
structures_xyz/12170.xyz,1405,f0cb797e8ed5a3c3320e4b5f2085e1749f19b049a4fdd51f966889ea9b31b36f
structures_xyz/121712.xyz,3206,857e40d6fb862575329963b42eddfb05c0574324639ddfc7b872f5e0972646b2
structures_xyz/12173.xyz,1255,4e236e6ff5ed9c304eef54f4dbabd7ad3a64ad0de19624426b3d4f4136e885f2
structures_xyz/121738.xyz,3356,841f8390ee8cf60b074c1ed09b2ea0bbd9e7dca8f8527fe8e204dfbf672f8243
structures_xyz/12180.xyz,1330,fb166714fd6c612f6891062ca54a3bf2ad1f3a771ccc429d3cc93a8ac8691fcb
structures_xyz/122045.xyz,1631,09499e25bd6e29ce5d21b716ec645583b0e5e00de942d9724ad4d13d487931fa
structures_xyz/12206.xyz,1555,1c3639e04a8eb8cccd38fb6c4cd6acf992b9b743ef7ab1592509bac75ec20e6a
structures_xyz/122159.xyz,3807,5737d2fd60b78f4f975915a5f785c08f05a7dfb2718d2bf606c4b98f95af75f9
structures_xyz/12219153.xyz,2534,f1f2d9909bf8c27b5c9500618f47a9ad8badc8cdec215e6d8f984a01aaa8e8fd
structures_xyz/12235.xyz,1855,673af8f3e75a0dba59a31fee6665f62c782966b197905f377c1d377048923779
structures_xyz/122484.xyz,2231,a9bec174f58faebd8661d0d3bc5d079fe3c26eb23abfce769d85e3dac38c3a51
structures_xyz/122485.xyz,2231,ff8c5662a1c05048eb4b014fd3cf4f9bb8329128c3f39a4d10708304376440ff
structures_xyz/12257.xyz,1105,e660fc30bc83417625dba72a7a4b2ff920dd71606e8e85988c21323bf9b61b67
structures_xyz/12260.xyz,1630,0ca1e6bef391d8a3031f26736f86580809187166db7674e59d98b4a8998dcc98
structures_xyz/12263096.xyz,2008,7e1e6b3522676f8cbba4b3af72d845ef8413916a7b84ae09a58adacb75365a0e
structures_xyz/122635.xyz,2381,64d5f47115b0ad62e716256633ccc0182a0f046a19bc852074d9c9e62965c595
structures_xyz/122640.xyz,2756,9d7285072a68497081a739911368db474b0c886266cf2b206bd00aabfd5d26f5
structures_xyz/12266.xyz,1180,4390922880ab8da24a1eb094c4d88118d96aa78c7638021917952520338b34f1
structures_xyz/122667.xyz,3732,631de317e2f9205f02a440adb680fec8b43edac8b284c7df94cdb05f0af85b9a
structures_xyz/122724.xyz,5382,fc5d12c978c9b8f2f482f61111f11000b6547c316e289179b156d11550810b5a
structures_xyz/122738.xyz,5157,69cf79eff8d6bf17e24dd9eeba1a0d4a469b8569e2c686a6ada4e85212512f80
structures_xyz/12283.xyz,1180,273e3d7506bd9e6726836da7a494bd1be3d2a37b03fc360efac329df8cac93c1
structures_xyz/122841.xyz,2456,6ea41361135c13ef4c43336817c0546737c583540897ab4bcd710aacc1213f47
structures_xyz/122844.xyz,5982,b4d55e53452823f7c38661e34d335a54f3391c07bef11005554656fb5f138013
structures_xyz/122850.xyz,2532,821adf611849708cec1088161686b7ef88837e6f1939eeed4729d23c89e42a95
structures_xyz/122881.xyz,6132,c16c709cb8be0a94dd672955f76f4e386c35f8bcda439dd6775dcd4ba4120440
structures_xyz/12294.xyz,2455,79ccf0ed4f3a7fe0279ffdc96948e5b5370239699c096638d9738ccbbf811bb4
structures_xyz/12296.xyz,1630,df8c8107a237120e0a6fc72570a088443d2d5ec575fd6c315054dd00c36978c1
structures_xyz/12299190.xyz,1558,f321f55faf6690767db6bf9c8da1c06562dfbc60a39b21f61ffbaab6f33822c9
structures_xyz/12299191.xyz,1558,659ae009f9e6176395b676b095c4d4121d72c4753c16a2852b61ce1212e38fd3
structures_xyz/12299876.xyz,2758,4409a12612c00b0f66a96817b5c9cade2e2167e0830761542eb164a0fe51c7c0
structures_xyz/12300.xyz,1105,4ea31691b2356606ec37f3b83591e8a36dc2232396fc97a45c56bd6f8965486b
structures_xyz/12300041.xyz,2308,c9c0ece758afe8981e4c54894b8150ff58a42ae91d976a62de04a3b73d2f5f1e
structures_xyz/12300069.xyz,2983,b794d39118dfe7c020ae55793dbe04db0f4a3bd04c23a7bc718baffcfee26984
structures_xyz/12300073.xyz,2983,2137f9810902e4b3a98933143dfeb9021c0472169016e0a5325a388c248ad797
structures_xyz/12302130.xyz,2983,fc7d6b33dfa062e63db0cb6156c42de2b1d6f27fdaa3ebbac40daa7c82832a3d
structures_xyz/12302190.xyz,6134,d4f0184affb0d015875dc54893da3a761b9f3c010c37ecb868fc9779f1d77e07
structures_xyz/12302223.xyz,3208,95046790a5d506c349eb8d4cbb313e39cde6af420ea604713a175bd6e6c1b5ab
structures_xyz/12302226.xyz,3208,8990ef2352668de7de8247e192d594d3e1c7f267d4b97965263dd15fb74c4cfa
structures_xyz/12302227.xyz,3208,6f25ffdda73669a4ac4d8d0e9472f9f6eb30b40cf7a6d1fd7c4ab8f3612b2969
structures_xyz/12302243.xyz,2683,7bcaa82323a1f81f6a275624c110c79ff28b02cc1f0ebd24069b40bc028fec62
structures_xyz/12302318.xyz,2233,3e799b664bf675cb66e64f8f90886dc37458595bdeccb2f14c64d76c01645cb5
structures_xyz/12302323.xyz,2233,3700390483b3bda911af451b61c9d085d3e5c7f7c670a56cda6e9b0f74d9e9dc
structures_xyz/12303645.xyz,6059,8969267869991c425090471c92926a7ce0a5a96faabe8469f1a84b9c2ab27efd
structures_xyz/12303666.xyz,6059,65e4ccda49f722099de139740f113149dad0e7b6f364bb1586c80afa450d1694
structures_xyz/12303924.xyz,5759,4a9f1b9bcaee6600b2bf8bd5397b218e5612aeea40fe3c3cfff2a507042c531f
structures_xyz/12304.xyz,1630,8f60e9dfd316b64430fa9e17b755f555d7245786406fd379621d1f9364c27a43
structures_xyz/12304196.xyz,3208,cc15df7dd97d8c154a362072a881e50388b2fa72c017aa203e42b0a1f7b05544
structures_xyz/12304222.xyz,3208,9f39d0666b67522722ec9654dd1d8aec1b442ec608092ec45e19e5e1353c8ecd
structures_xyz/12304272.xyz,2758,a55813c20e63a91b7c1f06d7975e9a8c3852fa6be7a39e6bddb4918be89bb2c0
structures_xyz/12304273.xyz,2983,e226626390313b4f759f9736219ca87571f8053e067f26f625b27d1020c638d3
structures_xyz/12304325.xyz,4034,e5f2ed3590af5a9527b0bdd0b74c8a54ded4324e316630382dd3c8cae6b84278
structures_xyz/12304570.xyz,2008,a9422274944fce13dfcf829b2b0daa42126f52b64519b8c07c59a927d57afd15
structures_xyz/12304610.xyz,2233,e299cbd2b6e4faef2aeedd4c177ae6f3a30d415bb6856c7befd905f138e19cbb
structures_xyz/12304886.xyz,3959,fbd99671c0803bd0a933826cac169304d6410607ef52bdfe102e574f2e43c2d7
structures_xyz/12304985.xyz,3208,2f5a1baa4339d9c2dfa3a7e7851ef45442e01183ddc64c8a5e238f375716fda6
structures_xyz/12305110.xyz,6134,8fff2c414872d8b49f150161d991e035c888cf91fb54b0f9cb9e9030e8856267
structures_xyz/12305182.xyz,6134,2dab16a16df647ada0565fff49cf1e01d3eb78a71c4639c72ba89d7e6454894b
structures_xyz/12305213.xyz,2908,913f3ba1d564b74e3c3bbddb649056028d46c810e1cd241a7b6e4dea01b63be6
structures_xyz/12305247.xyz,2983,42e08e086e0aacf1176e7d6faffa657d02176ef4aee186763032c76ee497979b
structures_xyz/12305517.xyz,6134,d64b0bc6413b9bc1aba5d996bfeb946623ff86fea1f2337b716fe150674137ba
structures_xyz/12305721.xyz,3284,be49ae2e33951a40763bf523a8faa2cace83db692fb7d751df1485abf1807685
structures_xyz/12305761.xyz,3959,609618939796dc88773e4435d016777c7bd225bee7e639354da68e5b54edce3e
structures_xyz/12305991.xyz,4634,9be4ac9951cd3d97f1bbe50ce2d0d333e71bb402108a023098f4afe8a6c07e9c
structures_xyz/12306046.xyz,2983,9a00e9915636dd72bb0259f5f9e09b87fea642570818cfafced772778213ad10
structures_xyz/12306047.xyz,2983,929c6ab84043fb781773dcfedf2b868f64fd98219cba7d3bbb69b484d993d592
structures_xyz/12306048.xyz,2983,6b6c7cc10bde68329024225eabcf4973b6b60321901fff80f7470240ab3cb751
structures_xyz/12306049.xyz,2983,0358573b7369d23af9be916021c36cb3d7a98881b07acca3aaf6c1fd54046b01
structures_xyz/12306052.xyz,2983,08d5bc9d9fc261019347aa58791f97f2fd9c46ebe47f8c896d4dfe03d92cf888
structures_xyz/12306055.xyz,2983,b18c9ab708fab3e1403651b5734edcc30afc08584bfe4eaf8d53117041633a94
structures_xyz/12306059.xyz,2983,50c5739e41a386cc780badb2a22a2ec0c09547c9b4f3f2f49b48fed0d90f1877
structures_xyz/12306155.xyz,5984,fc52920652b59a59c70c8822607cff8eeef279958ec79b97aa9efb28df02d148
structures_xyz/12306866.xyz,3133,9814f2c2f7160205e49a78fddc84a908e3987641ea9a10dbb928df0bf4654e02
structures_xyz/12308603.xyz,2083,0e3f0be1e0520c473b1169f247bf452fec33e46993799795222dad3161e7ad2f
structures_xyz/12308619.xyz,6359,0c00889c2de3c0131f17f9cfb292169fc4ee0d3aa5875b11a9c1e956d3b01a37
structures_xyz/12308625.xyz,2158,2f6ffb45ce4ef6cd92e9e2e18edd565b979df42a1f39fd2e005e24ba79455d1b
structures_xyz/12308845.xyz,2983,a19f2c192585613df8a99e419cff5d43d86e4c5adc1ddccce9103339108dff42
structures_xyz/12308846.xyz,2983,515e3cf26c21544f78002a38aa28f2a188947751226a1e8dbb6f8866f2e17324
structures_xyz/12308885.xyz,7635,ae156af6992997db4c885156ec41a8752636fa652e4bb2edf984b2126189757f
structures_xyz/12308908.xyz,3809,9bce38b97d6aee9c1b55fbde76932903f5662480943e90c02eb74472360eb575
structures_xyz/12309018.xyz,6359,24e9e2c2eef492fdbead7f60b7f95c91d079388496e92ccad17e2e76515f6794
structures_xyz/12309050.xyz,2983,f030a10af093dda0985891dcac47c80d33f0f25d0cffc47d22145403b4f96f19
structures_xyz/12309067.xyz,7635,ef5eb6ed327969ac34e38c47479ebb06efefcbcf5b4b930de2a694f81aab04d9
structures_xyz/12309077.xyz,7635,412231cd4aa8505c8554a42e7bfd13cf15e28b7ddf247a15b3e9828ac793e267
structures_xyz/12309092.xyz,6584,32eda1a6b2b234db4976ac4e4a35b13f5d1b156a9e2936c6a86c4f5ce8cf402f
structures_xyz/12309447.xyz,3433,d524ee3e7755e4fccc676b42bd5f98241c7a277dd3f2dc06b1c40f2ef3c3cc99
structures_xyz/12309449.xyz,2983,215be6b0b54744df1298aaef25545c2deef0104534a3eee5059e3024a98dacbc
structures_xyz/12309451.xyz,2983,faabce72f4db92ae05a88075aa7e5bf5835bcbde8b6156f446fd2e1645745114
structures_xyz/12309452.xyz,2983,5aed67181ec318adb096316c819cd213928b4072148102a3173e21a901a5e14a
structures_xyz/12309505.xyz,2083,73a3d067ac7008f1773ae90f1449d320fd75600094223ebfd7e9a7b2316ab80b
structures_xyz/12309540.xyz,6284,3f6334b60225315dce6975eaace78c25888a8341699bf6eceeb9c3f861d56c7e
structures_xyz/12309576.xyz,6134,6815fcec55d3956b7bb4461a9d952aae76245a25961d4a9a43d5ca65efe949b9
structures_xyz/12309637.xyz,3659,851c4a241118c78d78504a201397146c06ba59fca46089af057f090fc7b4c75c
structures_xyz/12309694.xyz,2490,54bae5feac2c713f64ffb7ea83ffa647ff97d4392810374f7a4231819015067d
structures_xyz/12309811.xyz,1754,4524c329ebf084c77f2dd68db7b7d85ba0d9fa04cdcb74a6967ce63d02735711
structures_xyz/12309838.xyz,1185,9dd743177fb98df4864eed388aa8412d06d428b777bad1c469982ec92fd4f921
structures_xyz/12309841.xyz,2008,3d2c066e3d139ae094c33d55bc15c7eaa6fe2053f8281280abdbfc8d6e921b7b
structures_xyz/12309844.xyz,2008,9094f7915189da9d0d3c4d03e4da09ba405d8919b89c43f5e42fd8ac964328a7
structures_xyz/12309865.xyz,3734,53fa08c40f9a5deca18342104039172f9823085d8f99999315503b77e724cb77
structures_xyz/12310695.xyz,2083,fa57f406d499f29b7d5be037b2cdfd14f06f47ae726d609f56893eb46102b4a7
structures_xyz/12310757.xyz,3809,a8a3432deaacbc66f56ca45a7f64f45f9e03dedf666791ef1b5fcc68d00243d1
structures_xyz/12310830.xyz,1923,e09d12e8c47157dc7581bb195ea82b119f9fbc8940273cfef07aaae7b5cad168
structures_xyz/12311071.xyz,3809,8da29fffe1a707cef45f4785c146cbc55c12b3cb832afd48a3efed442830d66e
structures_xyz/12311278.xyz,2575,74da89db8960dfc9705d6054bed9696f58abcc4ec2ef7d5921987205c429e1d1
structures_xyz/12311348.xyz,2273,f345bde8d9fcedb422a7976934a190d7056f0a2e03825ea8f853d987e69c3a06
structures_xyz/123123.xyz,3956,cb0ffefb8f860592dc37f2d6b717246ef9ab93a2706c4b5b5d0393629b043395
structures_xyz/12313020.xyz,1752,590668f6538262319399760e46fe045c3f745319e9ea55dc0860edba065a730e
structures_xyz/12313023.xyz,2983,928a70467def141205c2afda0a9c3d586d68cdc04a7e98de30efebdd980e2527
structures_xyz/12313665.xyz,6284,0d6215cb83a04365beb54f27e6ed42cbe53f917fbd5d3822a5ef233a0d2fd015
structures_xyz/12313974.xyz,6134,1a3021115b98928b3a1fa1e14fdb9af624777f3aeb745b98326f8a8a99ceb545
structures_xyz/12314302.xyz,2008,90c3b6bb8ca6d5b5d4683c2987a2931c840d4c97e8d288b888410eeafbd2ea3d
structures_xyz/12314814.xyz,1704,13bac9f6a8788627981dff75d2b89c565d43c9e344d8438f744ed250d41527bd
structures_xyz/12314859.xyz,2321,cca6270d0a24785a7f7428580178cffb9a201be76a9649c9c31c6da17aea7dc7
structures_xyz/12315192.xyz,2909,1fab392ef188752627565dd6c9674f66ddb64ed2a0aed59652b2d4dd03b846e2
structures_xyz/12315259.xyz,3058,0ba7a8cca9e633948cf11c709cc398c1fe78a432c41b00559879dfa2b212c1c0
structures_xyz/12315283.xyz,1184,6cb91f4ff16ef6520776dc32a7d2f295eccfbeb338e01cf496828a4ba63b5e6c
structures_xyz/12315349.xyz,2183,2251c0819e1cf00d8a0c06f6056373b56f2dbf097d41c3fd04b920485d5e13b3
structures_xyz/12315451.xyz,1438,c4a64f95a746939fd33c764209c1381b944033d791cb1d70f3e03d27daccc148
structures_xyz/12315453.xyz,2458,65d9ebd4c29be1abcbba603914e2c8f9c82854410e51f1db3aac1a05e298d308
structures_xyz/12315492.xyz,2983,15d676331949116001ad0002fdff2b46ee832940191b4f6dfab21d3b86bb83f2
structures_xyz/12321.xyz,880,6882a677a5555b8e7b271381e54af55ec56f94b7a4876869b28c0095766c90ae
structures_xyz/12327.xyz,3130,c17d9513aec8fd79c9fce4022d073a2539ab419c612c4b2420149c4a81dda473
structures_xyz/12330.xyz,1855,301cb7cd03c304e59195a3e277ac8fd90ce25d98f27d0f7ba8223f91d30a1a75
structures_xyz/12330567.xyz,2233,a0e369663d4073ebc0985ff1e8b1ad1067bc0f170686ec560dfb16e96a5404b4
structures_xyz/12331.xyz,1855,0c7b8780c3893dbfd31e3162ec4fd7a13c88cfcacbe2ecd518040e8ac4fdc8a3
structures_xyz/12332.xyz,1630,8f4abfca899daac0884021b75fa10abab380cd3326b0d1175d51017463f7bb75
structures_xyz/123388.xyz,1031,d7fc55a8e3fabda214647af93915fc6e339272702a7e6518c754b8edae8d3c03
structures_xyz/12348.xyz,1780,98ab5a7d1626fe39a8f9eeecc5c91b3a9230e4e7b861ce36d138a63e2bc5e062
structures_xyz/123494.xyz,1256,21d724e51336282ffbecbc84cc23c6acda359e04666d24b30d0d28c9ccd5f55a
structures_xyz/12358389.xyz,6134,30408def6e4bc90098a4e7b71b865461d08b227c06f6e311191405cfc4d6382e
structures_xyz/12358781.xyz,2983,fcaa2f2389dc5fe995c1db7b61c60377355ba28a3f413caca9ed8dcde8b2d129
structures_xyz/12360346.xyz,2458,c5b90cb9b23013b3af5e987a1a8f152308f7a6905360450901dd7f48be7c8246
structures_xyz/12366272.xyz,2083,6383ce0f65e6343da3b955d9d0c00461d5172d774c58583a8664a7d5d9fab4ee
structures_xyz/12368.xyz,1556,3679198ced8820f18c6fbab15da70b859cec186484595f301ffa9259b05ae214
structures_xyz/12370.xyz,1705,01767a8d8019874b656122ae140f9656b40224c58bb62425f88b6d6b5b9e201d
structures_xyz/12375.xyz,1705,3b1767b5dd028e257668ed820d332dad22ad578a56625570d2c2e06c1e9cf778
structures_xyz/12377.xyz,1706,2f7ef1d4452e8071ad8020911df7b8a85515243c88cbe46f7d35af54ec2b93ba
structures_xyz/12388.xyz,3130,3b77dabdc52590218dda7caedbc6939887bb7290ca5343a9191e6f2ebbc4b317
structures_xyz/12389.xyz,3355,5db3afd706d5eff10e03d1d5dd8d79ed642e7a2a49cd8907cbe85c7057e14f78
structures_xyz/12391.xyz,3580,f56e153f1cf6cd0852f005a22d5abd84db2788cc40cde09e372aea8216641059
structures_xyz/12395.xyz,3655,afa4bcef9d6a62bc1c5d0ede2b31947e8b96ce7b055043bea44da93ca8544780
structures_xyz/12396.xyz,3505,62299355eb061a7e8c5f24b1c1f92e07d804ebe81a208b5589d2e0897481cc5b
structures_xyz/12397.xyz,3655,85ffebf159417fee848abbb663a4c864e1e245d521e54c752bfb6c042a435600
structures_xyz/12398.xyz,4030,ba1b83652c5e3a4cd7c19ccf936473c10af41495935eaa117f28cc9cab3d0296
structures_xyz/124021.xyz,2982,506edf9f6531d79598400d9d7b95c9cd2eefa07e3da7051c711555db4fba64a0
structures_xyz/124034.xyz,4107,52f1643c33f1c6fe80d4e15df030fdafd015e54687a3c3d0a86896c1e7b24755
structures_xyz/124039.xyz,2531,e727714fa8ba45b9e043e81f047648a13d85722230bd51bcb3b25b6bf4f8d1dd
structures_xyz/124049.xyz,3357,1ecedeb114c82d6cdccd996daed0358ff1099ed12e366941de486a700cf769a3
structures_xyz/124052.xyz,3357,b121e76110f309a9f7f86d9e438d05dbf9b5149d0ff50782d169514040993f89
structures_xyz/124062.xyz,2231,40fbd06a2e1cbf50fa1a0a9ebb909a1e171af6e1f8f487ecb1fa01b48fafd19a
structures_xyz/124211.xyz,3432,a9ce02b8d328ea29e9ff47c811a4c8a96b72c8ef1d5df70d37c119dc2e96b0cb
structures_xyz/124258.xyz,4032,c6625e8f6c84eacc6f9ba984d911a5f6ee1189919ccd26a52bd255a7302b104f
structures_xyz/12442794.xyz,6134,2c7e7c71dc65f97eb47f919f39456ad2c5b7acf764be847ed064a0bc304a0ce2
structures_xyz/12443330.xyz,2233,da2f6f134dee73ce7d7685dedd26f8072606cd441e47efebb9000386119e0bcd
structures_xyz/12444328.xyz,2008,4f4269fd028f2cc9a31c0a3cb00c1d3f0124eb59281b15665aae32d98cd19290
structures_xyz/12444386.xyz,6359,a15ac924b982bfa1c8ae89f05879df9b76e42792af04c017bc5b18f05debf245
structures_xyz/12444418.xyz,5684,d9c5654589d538720139d3f661616c40d74f57a56681a64312093a3e30fd60a4
structures_xyz/12444466.xyz,5759,1e4073a469d3145983cceb4e6c03191a672cb6b4a20fde619e352e9554bcc7ae
structures_xyz/12444487.xyz,2983,f953e19feaa433cd40750cbea39e44075b15bc4e0db72801abf03d3171810c59
structures_xyz/12444662.xyz,3809,780c67191ba34714b5fae814f5c796d4966363f3c28faec59dd7b9faf1265eab
structures_xyz/12444745.xyz,2308,9b5586708d91219f318dd70eadcb0795f05ea3484f05635c67a8a8bdeea4a904
structures_xyz/12451106.xyz,3133,7ce92822f27275cbee95354cea3259fd039f959e0a5e5d3e2a4917ced72af780
structures_xyz/12453628.xyz,2158,d8971fb775731854f22a7e12815f3170a2e8e21da567331eec91c5d2709a0df5
structures_xyz/12454408.xyz,1258,75264b0b4313f9a729106c0a9636a49ba1d46bfdb92928b87e79ab5a7a47cfb4
structures_xyz/12462.xyz,1855,001cc028e21449008cd5e39ae1782804a433b2f547c2e68b53cff2d44edd85e0
structures_xyz/12468616.xyz,3284,91fb019eae8ee237d0e8cebe90b216cdfbb8efa7e5502e3b70c1662d73b2cafa
structures_xyz/12468617.xyz,3284,a68ed1a7053105f393f44fb70887ba446e6a58044cd89441576f3ce5b39761b0
structures_xyz/12473.xyz,1030,39496f6dc1c97675e650afcdf1cbb22108ed9b98f9488d5d88f2b7145e78a205
structures_xyz/12477208.xyz,1483,e0ec5b53a362beaf30f73ab49682e9f55065668b959e2f2265342e601c77a04a
structures_xyz/12480741.xyz,3058,f778594d8d1a8fbc5b68899fc2655a2debf6794622cce785502eba92a779086a
structures_xyz/12482226.xyz,2083,3ee650d750d957ba0795ff35321fad260b0567bbe100d139be8b881b617a5ca2
structures_xyz/124879.xyz,7633,da5e8eef30df652a2f8f260492b15fae226ae7656ddb8e61d376e07bec4b58f8
structures_xyz/12489.xyz,1030,39373c27443b57a6455893dab84cb1d965418b2602f783978634eeee0f80c5ce
structures_xyz/125.xyz,1328,878d7594a3246ff504d6fa36b883ee0ef1035158a3f5210ecd2c454e88722e06
structures_xyz/12504268.xyz,2158,c3f3c4a422d34a12afc82724429e9716d9b8cd838e23886e945fc39a0c1406ee
structures_xyz/12507.xyz,1555,aeb681a0bec9ef7979f8762699d13b1d0b4d87f98dc6b5398d5ecebc17f3aad5
structures_xyz/12512776.xyz,2158,95cad3502de88ee1cdeba1343f3e0c2a28ce6e702e177722fc163fbc76ff7988
structures_xyz/12514.xyz,1180,5097c6f94cd3526d0a505b42d5d8603ba52f79fef11c59d88ef431fb5deab266
structures_xyz/12516.xyz,1630,8d6f81169689b1110de79fc44f8ea1701fa88af3422cf590a02dc4ebd0ee6747
structures_xyz/125296.xyz,2982,a20cb89acc286cbbd56b4f0aa2967f59370798c162773628a6e826db2048453c
structures_xyz/12530.xyz,3130,9f3d69b9a21a0007ba705db46272a640d0ad6ea5fae37a1a67387074dbffb666
structures_xyz/12531.xyz,3805,32dc2c7cd9633ce9d758f6241d4e3a3f156bcdb01668e0e032165fe52c612c7d
structures_xyz/12532.xyz,4105,4f67804643102ba06cd9a367ab633d225b63d138dc607a4d1e397461aab88247
structures_xyz/12532693.xyz,1333,2b4e9253cd3c287d396d175806e305eb978b9f115ab61f6f9ee2b19bb94a186d
structures_xyz/12536912.xyz,2083,4d1f591ce1d20043752154cc67cb3ca543e9e32a7d35ff4e402703e57159a98c
structures_xyz/125468.xyz,1181,b5580e9aeff742bd74241ee24a6a9cdc6c9c66677d273fd5614cc59c5463f5e7
structures_xyz/12566215.xyz,1858,b60dd2e20d9fd5ce9aee6b06420a9980dc030579e04cf6cae5aa6cf0014bdd3b
structures_xyz/12575.xyz,1555,091301ed75851f84d2fce9abade17250e6879fe4a484fd41e096e01d2034dc62
structures_xyz/12575964.xyz,3883,9f437753676394a556a0a809b0ffb19c6ea1f2e1a1d70b5e8a98c038def749ec
structures_xyz/12576879.xyz,1483,51ee46cddfa7d6d4a4f6ddc8c9ad6eb35ff6c997840e8d093e55e875666108e7
structures_xyz/125776.xyz,3281,79ae8b6d8e9eebc55cbac0c61409dfa067d89dc22475d6445cc7a5370110d80e
structures_xyz/12581.xyz,1480,d46dafb54faa49e7fcbfdde9c45b7d84130653e783e06f7bfa8ae4371602a454
structures_xyz/126.xyz,1178,e256663bfa770de83eed0e42d43a23c4ecb82bfd60c14779b039e82497fd5e4f
structures_xyz/1260558.xyz,2382,ff8df65ab77400dff1a4b194ece0314fec307b1585aaab1b8f77614ad4549177
structures_xyz/126072.xyz,2982,297085564280c1df8b95efd361adefe68b33ae10fe40c7c2f76d7371d60dd0c2
structures_xyz/12613.xyz,2455,32be0af5fd06c177a3f8b7553f75facfb52892f2b6138aa0ef9f2293677e97c9
structures_xyz/126312.xyz,3281,34eb84bee9bb681537fa0d6da4e79cf7bd6b928a2f433f9840fef2d1e22dc784
structures_xyz/12641386.xyz,2233,fc0baa4f79eac17063a9c3ddaa6ed04b0b87100f47685a036a254c37a252be03
structures_xyz/12662077.xyz,1333,3381e25947dc4d4ff9b6af19cf7acae27eaecd93f356ff8a5396d1d01a4dcdf3
structures_xyz/12663337.xyz,1858,f5c274fbae3cd404498d14ddd05865a080822078a9078724008a49f89103c01a
structures_xyz/126634.xyz,3882,6a195446faa3d534cc789ba7521bb6b2ebad28010944ede1386d32276188a14e
structures_xyz/12678291.xyz,1933,bfa7c22a1c2e693ce25b96a7e89b7eea527fa47bcd9c0a8db067154b1061ffbe
structures_xyz/1268142.xyz,2907,26de0d66b7147ae437c715047e31b1a0a8b13c456fdfb7c874434d7685dc519e
structures_xyz/12682184.xyz,3133,29d9254de2611812f639f02addf65048f759d34b641294d1936f5354be9d4cd9
structures_xyz/12695575.xyz,1558,812faf6bf7a8a494c232034415d9f56a7593052d68d2e508cad977ddf4285dbc
structures_xyz/12702415.xyz,1933,814e8c6289d18130f1c3ba76fd4b43e3baab9f1ffe5726583f00832b543b8ec4
structures_xyz/12731045.xyz,2233,107587f2083c46fb442f22902c095615ac311b363e4600c5611069205fb59035
structures_xyz/12741.xyz,2380,20928af754d2b8b7d096d913f4b8f9b1ebf2d72a0176a45d2447ac1f09cafbea
structures_xyz/12775852.xyz,5234,8e13a4b5bd7cfc3fce7c8ed998846abbc9b627dad406756be3e7646bab8166eb
structures_xyz/127790.xyz,3357,a5e0173c0b3298226b8214a51f9c8b98e2713b283afa6ac367bd773c7f4aeb92
structures_xyz/12785.xyz,1780,2ec73ea2113a0f23201cf98b2452c35a922e7fc1f41e251159622cbc566f79ca
structures_xyz/12795736.xyz,5909,d34e9564f33a88dbf954366d05f64fdaa55f1ed4054a6a4820977d190b593d6b
structures_xyz/12800099.xyz,2383,fd16499ec13d9b51002e9f0c002a013de3a89bd3b48019c4d6426363a829a40c
structures_xyz/12816526.xyz,2383,3c34ef23608d47221e021145e3e3ac25eebe02fedd32072a1f8d7c45c7d4d479
structures_xyz/12820.xyz,1780,13d31684f024d5f4d3eb1040bfe4c89b669d8886e0fafdd51df141711bf6c1e8
structures_xyz/12840862.xyz,1858,ea62ff7a2971028983f4798531a4874352306a7c60ee06f3b22a3f50c4d859c5
structures_xyz/128558.xyz,3882,aeaf762a8fadb154ff27df40bb558d2b0576603123dbe24faaeb20fcc0babf92
structures_xyz/12855920.xyz,8085,651fec24068298245124a15a3ae09541e423d175eb1b3eb8e0c4dc46004cbb8b
structures_xyz/128576.xyz,4407,b5a45e99b83665d1ae0090a370071b8d11dce4b0d57de42ab4b99aa138f3725c
structures_xyz/12858404.xyz,2758,4816ca60a8808453b52ce0dbf6a6736ef46dcc497aeb64aa0139b7685d7e4663
structures_xyz/12859936.xyz,2458,eb01326165aa045f95722a78af9e60be6226864ba1d0e1c935c890b8c3827e15
structures_xyz/12860.xyz,2980,05e7727f4ad2cad00f06cba257fed6804466b04a05af448dbd2e0c87aaa954d1
structures_xyz/12867.xyz,2755,60cba953874e57490a6091c28a725a121d97878c5764b661ada68b4b7cf48aa8
structures_xyz/12883590.xyz,2383,79c728ca255b7643c6a0abd2c3a124da4f30c26abf3d60256c44166d2fe6daa2
structures_xyz/128839.xyz,2982,60253e21122f0e551116c42a5c9a19fb6389ccececcaeb0d9cd033e60f6c36d3
structures_xyz/12886254.xyz,1633,e9cbc5be93585e9676c368fdf4b474d90e8e8f509bd08219fa683fdb6a47f15d
structures_xyz/128994.xyz,2906,1aeaf45b581fcdb7784e7470022e55827922f3305e7fd6d73a148544f1365558
structures_xyz/12900741.xyz,3058,efc103faebb6e4bca7d61735a23da96232bb57a67ff59d9e88447962b8251c24
structures_xyz/12921.xyz,4180,36f7ea0a3ff97ff710fd31722ec98b901aec553423fa2f1aa2e64a96792646cb
structures_xyz/12927329.xyz,1633,d21aabe0d4848722944d3e2085fdab08f697f4a41310154c22bb149bb4b24913
structures_xyz/12936734.xyz,2084,9b107a9bbe494dac07a1ba8af8a5d9eba94b3a2f6a85366c162449bb0f1003e5
structures_xyz/12944527.xyz,3658,64de623278e5a632d12e5500d2000b0da306b241df33a2b08ff39b32c50596f6
structures_xyz/12960505.xyz,7484,7d0707d403db00398171a88fa4a29ab15982ceddc916f533aee1343f2593ce78
structures_xyz/129670.xyz,2681,36e44fbe4e5d427063d615bc63cc043425a616a077ed70720702e640982507cf
structures_xyz/12967793.xyz,5159,2314ef336c9a95e38d7b1cd1a3f26760913b3f5c23a61cd1f13dd6e77ed07131
structures_xyz/12978150.xyz,2083,4aa0977a858bb063f9e0008f3850438291b4fd89291cd8bdc3b3088397e1e074
structures_xyz/12988.xyz,1255,30b3adadbead9562274a46a47a4a6a040ca85efefb4822323a5efcd660ece5b3
structures_xyz/12997.xyz,2155,7e8f1006407b53c5729a1ac23e87ba2c56badd0356d3ea04824fc2f5952dd414
structures_xyz/13005.xyz,1255,b306388a7b45e80d3af5622b09eb4d472597157ea7d90ca93db91155750dded4
structures_xyz/13010.xyz,1180,c339a8ec9bc4958522c5e1e728a4b16ab8e9f56ad0d707db8ae0bdb1efd1c339
structures_xyz/13010829.xyz,2233,7b91e6a23ef4765b338acbee8783ae90771d2616f6a8d1a500c238a2e084956d
structures_xyz/130117.xyz,2531,f83931ab24086d3e0023cf0cd9d9f568af4cbdd40cbc5a2009057f03c8818d56
structures_xyz/13028.xyz,1405,6a981f969673d08a6fed54c2370994d34a8f33a48649fd74d211565fa13385b1
structures_xyz/13030.xyz,1705,f10cd91ca0203c668e809780d0179dc9f934d66f611d7e9a87254478727c994c
structures_xyz/13058.xyz,2005,0db523061ad8d00a8cde1e7b53248ff541c4f05297b22b14073428a3eef26e56
structures_xyz/13059907.xyz,2758,98de2b8ccb841bb2a0e88839560e39758675c19058d7ce0733f4695198ed5f67
structures_xyz/13072631.xyz,2158,4e49278283d1f0d0e1d1de965800ee272f30a3f290a5d711bedb1f472c25f1de
structures_xyz/13077038.xyz,1708,f7461c43c379345f79fe66501ef788f9d196e81d643c1434cb82e0420d369e70
structures_xyz/13093776.xyz,3959,300eadc8872cfb6ad29192e6add992ae41736c4a972c7ebb4d00d1d1d8270524
structures_xyz/13124049.xyz,2383,147040b5ce2d46f7cbcbc228731fa6e51462e4715c6f367a46d2e19bafc6ea35
structures_xyz/131420.xyz,4632,e74bba81668e03371ac4ae5d3d987bab4d2c0a8f878a7b2064b4bbb74bac1537
structures_xyz/13143.xyz,1105,77a6fdb1f4220ea4608164fa2d185f95990580bca44e209516258064d14942fa
structures_xyz/131457.xyz,5982,7c4f310a08f01e0d706dbb996901d1d9bd0b5aed819550d056650472d3ef76b8
structures_xyz/13165.xyz,1255,2faf71f2c406e1187b097fc24e974af2779b3ac6ceae49cae305d78c6f25c8fb
structures_xyz/13179951.xyz,4034,c4e8f89086c929b0484c661555413b41e54c12aa4a6755040395c0c806fa4c0e
structures_xyz/13187.xyz,2155,530011765c1b6b4270a28254098ae0ee2de97e58ef895701519fa01f5fbef46f
structures_xyz/13190.xyz,2530,68a6bca53597be2b0a4d9acac92eda89c7379f07c9e2aad8adbb27676a1b3cb2
structures_xyz/13201.xyz,1555,5f3f513a4950f7bd8a6d7956cc5bc9478ea31cc7003bcb1353d8f1459bfe748c
structures_xyz/13205.xyz,1480,9848f952301d6e095942ea5c38fe640c6ff2d4634f5064196c2173ff01cf7c19
structures_xyz/132113.xyz,6057,54e03df978bf31a6044a4b079e7db32c859eeb54098532a78c32c25cc67b7c88
structures_xyz/13220.xyz,2155,cf3189be74bfcec325861ed5d1c2a2c09b1fec2646e21488ae5a216636bd7665
structures_xyz/13229.xyz,2155,740970d2c9feb8b597051bc294dd300be8ab1af4aaf3903c419b324992c7fa07
structures_xyz/13237.xyz,2080,1aae1fbc7a779f952450337b4f89632f798d070f99b56e1d73d128aff17c6e44
structures_xyz/13240755.xyz,2683,4a40a57514c4b24ec0c33b4bb014fdfc93a7ef2ca2c06d5d36bbbeafc684d390
structures_xyz/132415.xyz,2306,ae26e182c31c0cd29ab59e15ca078b3a6d32bebe526ebe9ef3ab1cd8fe7884c0
structures_xyz/13250.xyz,1855,478ceb13751d2042a3ecf37a4111a512eee64a340fa0e775ca82ddc92d903dff
structures_xyz/132521.xyz,2306,978d0b72e212a9374bc9d28fc99e0f5f2f679526a640130e15f540b1e68239c5
structures_xyz/13252683.xyz,2983,42cc24a38181cf7289d573d7b9c85f1ee260f5cd25743d8d75d2246faac3456e
structures_xyz/13256.xyz,2080,82ece6a1049e63d3edcf1fb3119bf853fd593d3aa46005a39bd3a9017f5522a6
structures_xyz/132567.xyz,4257,8bb4ccf38f3ccda45217d4e7aba9902dc877b1d5e093183dbbc0cc28dfcfa49d
structures_xyz/132568.xyz,4407,e673e0c4603dc00c960a3e25e3067d2a314f54dd2957c26adf9344f8faaaf928
structures_xyz/13257.xyz,2080,42c80342dddfbbf693786d2f16e67ad48595513741e80c813fdfe613dbf874e7
structures_xyz/13258.xyz,2080,f546bc0c0c633270aa67be2fa7139d6f3f66412de7b7b53c7554e684c532f50e
structures_xyz/13269088.xyz,5159,11e4364b9b0323da02dc956c5ff1cc486913ed5dfcff4281226fcc965421d6a6
structures_xyz/13269089.xyz,5159,ecf04cb66c8974db6501f3815681bc2efc39103b252809363de9aa5ea52057b7
structures_xyz/132759.xyz,2531,db7936f5ed1d848086c1c86b7101dfd2d98b141bb3d0dc738b13a94f687ee83d
structures_xyz/133145.xyz,3582,6f28512bbfebeb1c1e49e35fc4146ad69955ad070571c59152ba8c8c0aa37b24
structures_xyz/133323.xyz,3432,4129995540cd5336fd66eaff4479fe2f40c2e878ea0d6218de56ce9d2cc1a87b
structures_xyz/13336517.xyz,3434,80b619f17d542330f6565039534635e22334b302c2993331436f47545b034bbb
structures_xyz/13337242.xyz,4859,e8f54fde0b176f9b440158c90cebb541a7b2f4e94095771468e2e4d9a59a316e
structures_xyz/13343541.xyz,2683,707b999b67f4a15e4b1371fc57ac0446d791d01e90b0762f30bd10a8ed435448
structures_xyz/13345443.xyz,5609,a4f4b7a4215981b46dc26e52f87975e1fdc9bb9f481ddaa9c9b51eab4725524a
structures_xyz/13347318.xyz,4034,0e254a2161fd93df78673833d6f95f30da4beb4e133913923087d754b73be106
structures_xyz/133504.xyz,3206,b38547e5a9b2d8bcda83e0f7c1deb7ba454f55ea41914000ba85ba9378c12937
structures_xyz/133534.xyz,6132,7ee96761cc19b0365af0e78fd8721442bfcf1864231f0ed7c25f9e36422c14bf
structures_xyz/133590.xyz,2306,df1f2e10a3eddb1d111ace1207be667b14c008fe56491d125c0fbbdfafd1c6cd
structures_xyz/13367.xyz,805,a3d1e3df513a5c56b06e9b37ba9161e12af32c449c371a0386a444b1751eb36c
structures_xyz/13369486.xyz,1783,bc78535574be5e76eeb14367df6c80459565dee0ad05ec15b1a37a416de1b6f3
structures_xyz/133766.xyz,3882,0b63fc862fdae8e121fcb80518dc3384e663fb6faeb556fbc865c1867dc476cb
structures_xyz/13381.xyz,2305,c3609b4258a8107ee1d81c29285a4ee0a9cab3ebfbc4cd4714fa117081772ce9
structures_xyz/13386213.xyz,2758,c469ca420aada774c3914e80409203cc26086eaaee3cdf7bba98024737d3a7b3
structures_xyz/13386214.xyz,2758,b34ee15332cb093c76c9013f68b2d5d40388d49040524ca1a76d65e1a086f1ab
structures_xyz/133867.xyz,3657,f9959d20a67f649205ec59cc68d85a41eea039cc75a6dc7c25060ae40744266f
structures_xyz/13403.xyz,1855,f08c857f3fbb5631438ddd7aee207ec4d423a534c405f19d95ba0c809e5fe66c
structures_xyz/13405.xyz,1330,ed7fe46f3ea1c64ca6ba222cf5cbf85d5cbc3aa16660fd19dfd0301c7280d8c0
structures_xyz/13412786.xyz,2233,fed65263185653c3b28045567ecfff817b9bcfd852f3ab1115c329d99cae3e9b
structures_xyz/13414.xyz,1780,4eab04de279d2c2ea7008675fa2901c9eca5c7eb07bc0e251819f8cfc6c5b0c4
structures_xyz/13415.xyz,2305,1fd88d5344e85d66413beffe80ba0898562b16730edb4870d33f522f3bc50c10
structures_xyz/134279.xyz,4182,fb18aff9b0db331b344e9ecdd83b54b3f319268a0b5be73d8f602a3b260c089b
structures_xyz/13435948.xyz,1933,6c8a3c8884d3fa03c8b6737563f12cd7c179c73a5d33abbc9a8fdd7ed402a32c
structures_xyz/13436179.xyz,2383,72fe3229a74ae0a7d5ce8ef667ee54d8bb76f58d215573c7a709728a418afb21
structures_xyz/13438.xyz,2080,ff0fd3d51f64b62563b1781e43520bd81b6d9bbcef0196cba98d70327b4a87c8
structures_xyz/135255.xyz,2831,ecb8e12022f44506f36ac4df1e4b7f124908fe3eb8849f0b550f20eb2eb0d051
structures_xyz/13529206.xyz,3883,1f9884f9465bd916c72685e24bb31e3fffcab42bf2ad478c3e3ef094a7481798
structures_xyz/135309.xyz,2006,799f3e2a6d038ad105cbaa47b4bc89cbbeeb07023e5aae2066649912b3d8ee35
structures_xyz/13532956.xyz,3433,dd8e5d369b5001399556d810ce320b9ab88d42c01f91e91e433d7df7327da6bd
structures_xyz/13548104.xyz,2308,c66670d1bc51469e71bbf3abf9f7c2c56efcc0f569dc5b569776a0048083f641
structures_xyz/13561.xyz,2605,0c67ce1104652cf595f2fe37579cdab6d8f06626e852c16feba3bc0691716713
structures_xyz/13566.xyz,880,5b16dd8b546144004f52815a82441a794d27a4c614510294a24c5d5346a0c311
structures_xyz/13572.xyz,1930,08e8a9d118b96c481e2080a6b8c9da821be0940422b46bb7a9a10d4123f2f138
structures_xyz/135872.xyz,2756,a5c3c872218ca46c9404922589401a6d3b730ade93be92ae0fa9bee78f4b12be
structures_xyz/13588.xyz,955,5e712650de1db7d61457f8797a7ce764a3e9a86c32179c0c297ab50b6526bd6e
structures_xyz/13594.xyz,1180,5a4cd180742a5cba2b48d9d4828868a77779a60671f4abed6825b5f2d05ac969
structures_xyz/13603.xyz,1480,98934276263b350ad4bb472cd0f6958500999d89143865c6008425794c9afedf
structures_xyz/13625.xyz,1180,294c5fabc7adc8ae325a8181b638fa4ec4ccd74144e96f5d0144ee29827a27c9
structures_xyz/13629.xyz,1855,d21008d2f92cc67698c9fc636a536d69a3aa85b21b3acd08e4478621845b3a03
structures_xyz/136322.xyz,2456,2094b19afa08e70309d3264e0cc995d2b847ae6bdd51cd70881562899f064612
structures_xyz/13632872.xyz,6134,9ebeaafb837316f8d462ea067c8c0998e348882a18010d2bdb8807a251e69db2
structures_xyz/13632905.xyz,7785,599f785f3da64996e2b9a56163584bd4d36198e4a09a6cb83cc2df0da26187f9
structures_xyz/136330.xyz,1931,77963376b8b8a652921407cb9671f4f5eabaa3971c40e9f95ea2bfc8fc7a03d9
structures_xyz/136419.xyz,2681,bb786696bb79dd6a1594485c714da6cc22d82e69d90d371f69f12519f0b366a6
structures_xyz/136435.xyz,4106,73196b67eabb7e5752db67c01c752d62debfe98ffdba9e7d763c0e87c4cd04c3
structures_xyz/136449.xyz,1856,e87f1e1888a8c15efee8ddec62dc62a0e604142dc1583178502820432d5cb051
structures_xyz/13673764.xyz,1708,8d0b80af9a52026cd5065b780775a6903b35cbea847a7d41c433e00c038b0967
structures_xyz/136745.xyz,1781,243e92f784388e20a05e17adfe445c8322200b2f2f8c3c837a34da334b59049a
structures_xyz/13677920.xyz,2458,2ef05be6f0d249d6de83b2fd6afe8a48072cb4813d3de9b4d45a03262587929e
structures_xyz/13682637.xyz,1858,fcf9f3faa397fe4767af6b35e7c0314b30ec89d7da73b481b2b8bb0419340830
structures_xyz/136880.xyz,881,7dced40811110568d3c1ce21be131c80b37bd6fb72ec94af54a7d8c05f95a3b2
structures_xyz/13688752.xyz,6659,fd86c4180784c9020276bc5083417de5839e41a6536f798120bc52986c7bfd53
structures_xyz/13712.xyz,2155,ffa9946af6beb42e0875ef860b39118e60e191a1e7910817f7fc3471405d8c23
structures_xyz/13743810.xyz,2983,cffcd968e6faaa17f7e35caf767156b327054c167092bdda53f9e2cad65cd1bf
structures_xyz/13747942.xyz,2233,4286a16a5cc6b2bc0076c3b436bb263d2d98f1208f79b84d66bcf13108d85792
structures_xyz/13779265.xyz,1784,3ae61ac4b33804e21787f1b5548253707ec2b06f56f7a1e885622a03c04bf294
structures_xyz/137928.xyz,1481,4b664e737dc275f7ca011a459fe8499052fac92eeaa41af4bb64265f61bd3f46
structures_xyz/13800357.xyz,1783,e8d904ae5896d8fc6fdd72a5339a2a7fcba750199c771814fc0ad7c0cd2a63dd
structures_xyz/13809865.xyz,1933,19bb361343ec14af9e95745100327998d3aad89433f425d16040207011f63aad
structures_xyz/1382.xyz,2379,baaa0342825e750b7f46c0e8a7087d7cb8cb148c45dffa3f690652c3878dcfd7
structures_xyz/138219.xyz,1706,6263b748f8963cda05dc0939f39b09ecf7d543e5433a099646fe634394d03e8f
structures_xyz/13831064.xyz,5234,ac61cf10b9aa945c7d885dbfcd93ee9890ccd32082bf7b0a303676229d9ad14a
structures_xyz/13843578.xyz,2533,dacc420035a471b1effe97fcae2315f18e299f4685a4b46da2dad42eb653fe32
structures_xyz/13846639.xyz,3134,c9c24bc14d9cda190d26affecd16c8da5bd884e92961836a9027c4600e598232
structures_xyz/13849.xyz,3580,555f6f331646554edc6f1794a15606767430db855cce91d73fce4415aef61a3f
structures_xyz/138507.xyz,1706,4e05a98d3ddf3943f5a72bfd8f69c8a3ef39dc7bfea2e6f28d11a16ee08fcdb2
structures_xyz/13854.xyz,955,b4f407d33949dedbd0337c8ed87afd33bbd5ead938e9fa2e1da87329dd10d4dc
structures_xyz/13854251.xyz,3058,70ba79b44f3080d36386af6bd02e84769bd0b644d67a989f55dd0e3de746871f
structures_xyz/13854252.xyz,3058,34aebb8a33f31bd7dd12d7c96f15041a3130df1cf54471b6bbd062c5012478b4
structures_xyz/13854256.xyz,3058,bcdef2bf5fe79c52ea53b2158d07709ab0035780f20f23dddb3549baf09e663e
structures_xyz/13855373.xyz,4634,3637a5375ea8ea3b2b46c888305d8314436311318321d634199f427b2e4031c2
structures_xyz/13855597.xyz,3134,292b119df5ddbf4fda649a381bb1c9128ad76ab572c1a3d9c0cbe695f623375a
structures_xyz/13855894.xyz,2008,ddb68acb685d8cdcc67a99e44efdfb86b94ec84f8203b2ac03f003537b85d7a6
structures_xyz/13857098.xyz,2833,c2cd5b635a2101cb8071dfb894dd69d41cbe886c46570ab81ad4d779c773ca88
structures_xyz/13857510.xyz,2683,c569ff366cbc056c0117b28391851a3a2e7f0aca310a956a4a5519eea67692ce
structures_xyz/13857703.xyz,6059,81ebeb2ad88e02bb6c62bb50722608fc2ef6e8f4a4240f39c78927bc49c864d9
structures_xyz/13857712.xyz,5909,d85a5b12a875dfc4bd2a1e787121bde1f259f931dc52cd994bfdd886e077f8c8
structures_xyz/138578.xyz,1931,1e241faf9224bb29dd193748cd5f7e3e351d28759a7bdfed95023a5c044e3f2b
structures_xyz/13870572.xyz,3734,e97d5224f6c4b0c9ef79ade6f5c0271b6810e9da07a03f056ceece73a643cb5a
structures_xyz/13870579.xyz,4034,d6e8b73bd8fea263a6a2d38094944d42f6b7a514194d33b08c33edac90ac9ed8
structures_xyz/13871363.xyz,3734,04fb0c08be7e8b66395b96bf2fd7b7c143cd51c65f414654d84294c618a2b366
structures_xyz/13871759.xyz,4859,cc8cb8086a3815c4fc339dfe4b57a2525f34d5da8d201ed10f817399eccbef34
structures_xyz/13878127.xyz,7409,e8afc649dc8ad2a112418c780b7ca0b57611177b5bc0fd6b98d64445f3f749bb
structures_xyz/13886.xyz,1630,4741b57c781727b81bd3dd817b5807c296517287ff1125402772b240012d54c0
structures_xyz/13889021.xyz,2834,a7fe90b5665cb4cda3f3d32d8f74004fddc1f3614cc72494e21a134cdbbbf3db
structures_xyz/13889022.xyz,3134,229e0e495976c11aae57dd26bb7a8209e84ab013effc3145a724f28c2e540791
structures_xyz/13889654.xyz,2983,ae7e2503c7ccbbdc77bc249f218915cff1727d0dbb889f499e880e6f94e88abe
structures_xyz/13892722.xyz,4109,68c751b5a0d6b0d800f98d6603d3e110f5e80928f3ae4ade3553fbe57b6538eb
structures_xyz/13894537.xyz,2983,8d3ad57d15f5e119e5463ac30984f31952311c7194712a0f04a948b695cf915d
structures_xyz/139144.xyz,1181,1873bf96735c65547425f04b6998ffc7acae4659b1a8d25c6c8a00520d903dd5
structures_xyz/13965751.xyz,2383,384a49c712a26a2b63b4e9d51d35a5436c53641db248a23a61ac7f45db6e09b3
structures_xyz/13966147.xyz,3958,1e9e760338f5b5d24bf4a1dc1ecb8aa55e8e96c2fb7c5ad307d0735b6e455df1
structures_xyz/13967183.xyz,6509,0da8592e98c09cdcdd55b415114260dee41ffa0a2f8ac4ff20f704d957676d4c
structures_xyz/139728.xyz,2456,f124596210ddeaefe4855ac9d994286051dc7057416fa0b34532a9d8075841e4
structures_xyz/140110.xyz,2006,b8f33375838c066a82d71cffd9ea6686195c2b7ff6b426f99bb86de32f5d5388
structures_xyz/14015437.xyz,5984,69de0f536dd5e7e5bea7c316d315c08d57d9536976c5bc43b5e24ae1afe3765c
structures_xyz/14018803.xyz,3659,2ee0189ecca832b1439b7618db278f5d0bde4baa100274ae6be2d6d514d07a40
structures_xyz/14019266.xyz,2608,ae96aaa4d7ca9db816ce582af1ff7a22cdbc9ca595f1668f0766bc6128dbc171
structures_xyz/140213.xyz,2456,07ac55bf43573bd697e8f6452446b1fef7f192e22f826ec45a5fd3581f511a74
structures_xyz/14029831.xyz,3883,e075a4597ee023bc6f214a93ded987a3e87ce0e0ba9a9352d26db804fc0075be
structures_xyz/140332.xyz,1781,b44ffc0044dec39c945c12dddc664dc57e6c835e606924ae3c273062a6199055
structures_xyz/140334.xyz,3206,189c770a6894c9565bd56d96cb1c3bece8df5ea72becf9d224e90a6e90d01835
structures_xyz/14033813.xyz,5459,8b0a4da3fd082a8df64fe576569044cdb2d719fcfdd64cc40cced9ff22444c07
structures_xyz/14033815.xyz,5459,cdc16bcbf479b81fbe51eaac34330bbbdecbce821dca23f0f40188e795f8b828
structures_xyz/1403454.xyz,4108,e7febd35352f07d677dd4debf704ffee7ef356f3f1fb4eed2a3e08a0bf022227
structures_xyz/14034832.xyz,5534,73e76cc3a23eed8317d5b7f2a559ebb8d894706578b638bf1a5011bf912d1d68
structures_xyz/140362.xyz,2156,847d71ba719e2cc9d58383baf2c82f37d0a8157c6743c0f7253fa7aa0e39f9bf
structures_xyz/14036811.xyz,6584,54f35710af71178f6f4e3c0af79a2b84fbbea0b3df7495b3dd0a1e93558537b8
structures_xyz/14038452.xyz,2608,2bde3e388031ec6fe9d10850a94d5b5d8752c26aac47b5b82173c3e755ec672c
structures_xyz/14038842.xyz,2683,bf97e43d8eaa7eb966acaa9b2623e60c37b91274a105d8876b7025c1928ba7f5
structures_xyz/14038843.xyz,3058,68bc097279f18338761bc0dae50dac51dd9b0f9f4fcbe9771a6d6fe3965fd9b4
structures_xyz/14038846.xyz,3058,77acb4582f0c4aabe7971054731a0be30a8f69cb6a6ce1f90110bad0f35c232b
structures_xyz/14057197.xyz,2909,4cb49eebbc74b92cc61608c713682c623827d2472bba6bd53bc7a2b27d23f0e2
structures_xyz/14057208.xyz,2609,57f5761b00256131eda5b7ff3669f62671f0dbfad9db4c457262ccbcf279630d
structures_xyz/14058036.xyz,2983,673b35bb487f890d639b1d331ae188afe422b7df04651a78bd2a7cd817598d7a
structures_xyz/14059525.xyz,2008,3b1962599d818efacbf8c3b8668dc5bb2a99b27daaedf8042e45c674a3da7f4f
structures_xyz/14069.xyz,2230,4fdd903ff72ce2f300e78d1a30e982eb74b29f88fad87c0836451e984184b4b1
structures_xyz/14071.xyz,3580,2c69b345f4dbca94cfb3a802ea2a3b0690b342947c0edc9f2d7c3c7f58f9f3e1
structures_xyz/14076601.xyz,3058,0afe553e27efaa8326b16b4688f8bdc09c3c0eb8434758a3cbd51d25096abced
structures_xyz/14076604.xyz,3058,5aaa1f63ebbb9ec48998ae2820249c98458c200e2fc92e0f697a5ecc1df84748
structures_xyz/14077830.xyz,2909,9bc15372d744de408f3093433a475b135d98b42cf3d7c0e737f557d8158e5e36
structures_xyz/14079.xyz,1180,f23ff587956e60390284c9c99b43049490bc018fc0d4d4f8846c7d9dfab3e536
structures_xyz/14079468.xyz,5984,2a89753f3a9ead8807053ba589d44fbcee9b1e781bdd381b1d8e79639ceaa584
structures_xyz/14091860.xyz,2458,c84f9997ba56c97b2b44d673c21afcda2586f644e13cca7808c7c37cadf7c329
structures_xyz/140955.xyz,1406,cc52f4826af0227a8f51a54b3f64de0ce22af9c52f87d1bf342cfa80b2e1cfc3
structures_xyz/14104.xyz,2155,7ca60d212abd3586aac211a21b1d1ef1cbd97dd7e5b0420ab46a096852a3db51
structures_xyz/14107524.xyz,2608,5e1f1d2d8643c3af9b02e69084fca12ae335a562e4d7818e8d96e4fb42941eaf
structures_xyz/141082.xyz,1331,b134f2bc9e059bd1f765a6b2cd3e460f5b7266065fe65d2f7ffd63b92560da38
structures_xyz/14109.xyz,2305,b3e1092db25f1e32d9ebe3eeeacd54281faf259ccea8b33974ea2590cb1f3629
structures_xyz/14109386.xyz,5609,ebe54c01cf83ca8fd292a5a8b56982654574c80dcb4ca6e327959fd374003630
structures_xyz/14115.xyz,2530,9e039e5025cc90dad218f1a1bb413f9dddbeecf2e59f501cf35db6222f57f55b
structures_xyz/141153.xyz,1931,9b20ff7add3d7becfd6c2a778a53937b746cdbb15d02f54caef043b11f17d7d2
structures_xyz/141274.xyz,3731,6cee6733c46bcc1e84729e98df202f62bf3674e96d71c79774a1108e4729487b
structures_xyz/14132337.xyz,3134,3e9f02ec9be905e4562a1746c014516f6de2e80bfb3b4066d39b7152ebe8e4c6
structures_xyz/14135400.xyz,2833,adacfa66bb3e3a666fa8f5dc397c89a1609c078f754bfc72547f6ecb50827ea0
structures_xyz/14135593.xyz,3809,611a0844222896190ffb78ee8858d151dc3dbfd645d154ad6bd327d7c36f56a4
structures_xyz/14137571.xyz,3283,3be96c0a7193a1f9ab0e4ac95f1122d446daa6773af7ca39456eef338fee447e
structures_xyz/14151162.xyz,2158,042c632888611561858ec845be42715f29f0db2f34552edb9135b439c830be73
structures_xyz/14162621.xyz,3134,d8daaf20a7e840f0914d5017b9aa0421a2fd15b69e3191c033d62203ef3ea24d
structures_xyz/1419108.xyz,1482,c89079256b7a9274f94e655a517f10f966fe0cad8d83367579450a99ed9ecb7f
structures_xyz/141979.xyz,3056,30f249762a6b5de8c58d0f5369b7df853b9834f30cc113e9efc9757ef7a5659f
structures_xyz/141998.xyz,3956,0ffc08a364f1de1e3713bea6febcad566dab9e9659ea861bf49d704a4bb7f54b
structures_xyz/142131.xyz,1931,002a59359323707d3ea63da20280893027183247e7dcfd80fc0ae564f30ba693
structures_xyz/14228.xyz,3355,20681fca590e4bd36b473dc299ec7510ea926bd919ce2cbcca7cae230ce36f6e
structures_xyz/14232.xyz,880,39984c9f9eaa7d5dc8d7085a0da482c3df023321782065face2c98fb90f5163a
structures_xyz/14233.xyz,1555,f8ccc37852c571b0dbd6af4e306c3d7ff89e75cee7cf511c5ec42496e8f59e76
structures_xyz/14257.xyz,2680,9eb9cfc8d145553b22862b612820bdbe2e83e72b4fc8ae680b78967bae9bbeda
structures_xyz/14260.xyz,3205,97ae3f9f1498fa6e14e84c01c0d5765b2adba957ba270c13d2007ee0c1293a66
structures_xyz/142832.xyz,2756,2d5981c848a9d84cbc179a9a8cf77083632a6a5eaee6c3f52032ca3d522d95d0
structures_xyz/14296.xyz,1705,7502ae7a482cf3b6ec8400078e24e1daaeb1a16633666916c4c0da763c1c008d
structures_xyz/14314156.xyz,6509,22cf6109d8131ced7279d5eb0950eb9334f36bd1dc83af6f3d3bf2eb1efdd1b0
structures_xyz/14314623.xyz,7860,649138ed41bacf211ccc7daa901f9269390565fb2860087661de8381f4c6f290
structures_xyz/14315.xyz,1855,af440ec51ad35533090614fe4d1bddca0669f1576431f81196fbfd6f5641676a
structures_xyz/14340.xyz,2005,ac728d01001802c63a25fac3cdbe08cb80d3cd03e55a66bfcc3675ab1a7d3ed2
structures_xyz/14353376.xyz,3059,b5e76ae498de025da842ce6ed6cb8f3bd8b1092d85a0b0a70ba3d6947f2ca396
structures_xyz/14356990.xyz,6059,f447ec4830f05c2ebccd089f0a484431a8af08d2aedbf5e0f9a8ef26468c2546
structures_xyz/14356994.xyz,6359,9c185fe765a2e454209ab041e7b2b29b449895fd65dde9fd95e27ddccd349f03
structures_xyz/143685.xyz,2831,8ab8482898ee1bba4a089004fd40b2b0ee02eb1bacea044b42bc0a93d7874dc1
structures_xyz/143689.xyz,2381,80caa2fb54791e75ebbde819ce57b7bdfe0d8b8063f2cfd99fd517ea1ab48c5c
structures_xyz/143841.xyz,2306,3a930e058e63bcc3b161f4599f7932fdf42bf2edde7523953a9fae46a51ddc66
structures_xyz/144130.xyz,3581,54d9529a79065560c8f36cf8886bb359d37e85d107448941e044a0f668655d7d
structures_xyz/14447801.xyz,5459,71343a95c04ed8eb822bc2d39162f327f7547cb137fe995d462792fe809968e2
structures_xyz/14447803.xyz,5084,17399075156837980cd9b907b958e7159a11711d6378ba5f65a3694aad20698e
structures_xyz/14447807.xyz,5534,27fadc96fc6104b685c84567c99bc0528daa0c89623974249f421ccc0f7e67d6
structures_xyz/145025.xyz,1481,f54d6ddaa15b478238d66d6552842432e8892f09105087aa7516edd5893dae44
structures_xyz/14504.xyz,1180,fb126cb706ad1591fb12585cbf8589a222204d93635f48500319e7a8efd3506b
structures_xyz/14505.xyz,1105,cc9814362766ddf539b44cae79a25a68fed4b8fd216ab26be9b45b8103df2d27
structures_xyz/14519.xyz,1555,5cc0d2753461823ed461fb34495faaa684268aa0c12045aa035036604b00ce72
structures_xyz/14529.xyz,1930,f09fcf18b9e75e926e7788df1fb9aeab2ebf0af0e52addbe2d90453975cc708e
structures_xyz/145659.xyz,3582,8d3174dbe4bd734ff6e6635df7e4212120b8c5b65793e9c0467f2f2b8ba29545
structures_xyz/14583572.xyz,4709,53fd38240ae8320aa864fe25f874fea19d4c61dd570402a00c90fd6ff287e33b
structures_xyz/145937.xyz,2982,ab9f55c2afa8bc304432e700afc8ec8b2f5f9e0353c5fc1ee8a89157195ad253
structures_xyz/146093.xyz,3882,3602f72418873e29d26b11097cce52c201a5770a9fb22b943cdd70efcdf22f13
structures_xyz/14609847.xyz,2458,e3a7cbb2dcf92cf0b4eaaf44a558d683ae0a12f3115a3fab095c9a4054680310
structures_xyz/14609850.xyz,3884,082194fe97a8c3f99e0da2f060dddb5aad3b09cf173ef9ce146c1a5ea45f8476
structures_xyz/14609851.xyz,2908,8f7b61b5373acf01af31f6e75b1fdf5fe5dece3aec725da948fb13c6081a5d60
structures_xyz/146101.xyz,2306,6b34a7ccd2e7a4ad3853c516c838377f598eccbe6dc2507c9c04d6df4b40f697
structures_xyz/146102.xyz,3131,07c3b398f74922ca1440f7a7cb926329119f786a38e9505a29a8ad1016ef3aaf
structures_xyz/14610613.xyz,3284,43c0f62c77a77bf764ee40c75a00fd76cb0629ac6c3201e84767da17dbe5b73e
structures_xyz/14626764.xyz,3134,08870f91344595ba556bcd60697341e87a7808582349904efcf2eaec50e729d4
structures_xyz/14630662.xyz,3509,9130bf4dd21fd325891c61b039fbb5cd1278066293bd2a13b25a8c1e5a37824e
structures_xyz/146515.xyz,4332,0093c1908aebd39fc7f1081669173165c193164c9ae8e187fca9a6bb8a0c171d
structures_xyz/146798.xyz,5157,64b024f61c19c6dca42291a19a1b04834e7bda8112615c1dccda13429128b6a1
structures_xyz/147111.xyz,2906,01b00ff4b2061cd18d16e49e023e57dcb17db81d3812c70405c5674bcdc51b7e
structures_xyz/147113.xyz,2832,810665953dc399488720761e7cb8f691cf0c2c1960b725d0f6d8caf5d356a7b0
structures_xyz/147157.xyz,2381,01171af937970117a6a3824bb53aa1ea8daec3e41515692b4c5450ec8cff874d
structures_xyz/147279.xyz,3357,3b62e2d4e1b1ecce79ece8e25d8e7b979ff049b005ab4242f61b33caffa7a373
structures_xyz/147295.xyz,3882,8c8e887f62774879031bf35371faea50ceb41a06699f417380efa8ea6dea7e2e
structures_xyz/147299.xyz,5157,d902f40da99045843a6cb68270c0cd5836f122f5bc0ce4eb480f47b0bcf5ab03
structures_xyz/147394.xyz,4332,2515540ff61682c29eab7223b8bfea0048b0266c3c7bcfa107d7d879d0f575ef
structures_xyz/14749.xyz,4181,547d92d06ed42428c7fd72d19617c04a9be665b31f1ed7744f14f092e12534b8
structures_xyz/147621.xyz,2607,c2feff9d618b3ea6768190bb48d469fddd4ec19c2a1948f4e5519d26d7e5ce83
structures_xyz/14768.xyz,504,e9b094e8c169b93ec8d45aa1a3a63b7621186d14a1b7654d72f90c69b0554acf
structures_xyz/14825644.xyz,2759,d38c9707ca9a22d7f56ec1d1c84b21817626a0ddab1df40f35f6f6a70bf55558
structures_xyz/148299.xyz,2006,9a3b1cb0eb254a34c860232286827e3649d8fc94a39d1c393d2c4716398bb1e9
structures_xyz/14863077.xyz,5609,79af64889dfc3ff03b734651b202785f4596a78b4bc7fb1fd5e00b0961ea8e60
structures_xyz/14863079.xyz,4409,54d9cd9377004c0fbef9f9a8e6e7a85cf0bb07942b662033e62a2d1e4f79ac61
structures_xyz/148675.xyz,1406,1b4575bd6d16fe9da9de289f50f37640af2da85a397156cfe86f6d16974744b9
structures_xyz/148724.xyz,2231,fe84b01b1b09d95ffe95cd66fc627685e771ee409b3f2ad9cf0011f425a3da56
structures_xyz/1491.xyz,1329,dd11b3256dda92d09cf667da685efc2bbd2c84040a573131e95ca38f9817d4ff
structures_xyz/14918.xyz,1180,ef316a739c89ec58c8307e0582c203a05e9450a963072c20755ba3aed6d76413
structures_xyz/149436.xyz,4332,fd73d5a08dd4ebb95cecfe36b90399a1e0e340629c089fbb3f44992252aadcf7
structures_xyz/149782.xyz,2531,4377bd31bb9e230162b7a4451729276c994f44bda9cd05e6f33bb2f1f9e6d749
structures_xyz/14985.xyz,6131,0218155673a5454160a67e17c28ce10e0f5be53d7f29ad68b05017975971ad2f
structures_xyz/14987.xyz,2830,271e23b868877d7ace703c3999d86dd6c99c853db06f9c0474f6ed6e85b768fd
structures_xyz/14989.xyz,3956,311d6a433fddc1f022ab27cdcaa183d9e2aa8f9ee5a67ccc960f72e5f656a1d3
structures_xyz/15068.xyz,1630,c4ea3b16112c6142c7d669bdbe8f667c68bc35d6d91819f3a008d17a1ae9eea5
structures_xyz/150736.xyz,2006,3553e5e251651aa424021e6a3af85214cd4c0fd781d4036d07603cf5844c240f
structures_xyz/15076.xyz,4105,adf5bc6c653cfb23723555fc0ee3048f7dda3382db35aac149814334a8f1605b
structures_xyz/150863.xyz,4407,45843be09d5c5e37bf45b1cb6ea0e67d8d5042a80a221f540f068774cf51bd2a
structures_xyz/150893.xyz,4182,45f126f0a413c5cff86a7f387cd2729a8475ac498082ec22890932d845b99226
structures_xyz/15100.xyz,1555,4d44898fbf8ac6de00b7e097dd2d2a7c63cdef4b56ac2b2ed184a977a368dbeb
structures_xyz/15100720.xyz,2909,86e1d4c2308caa3267d04eb15650869156094b3d97fc52d998010b4fcb6e07ec
structures_xyz/151014.xyz,3581,daa9518fd6e4e742b0ab8a37e994b4b7bf42555cc6a43e3acea23203be7263ad
structures_xyz/15109.xyz,1780,f4fcc6bc3ff2fa266babb0452e0248c4feaa6796338d819fe1ec6dceed2e1618
structures_xyz/151138.xyz,1706,deec7f150c3ea7f3a0b6e478ced7bbca0ea438dc5802edae15000b8e9ef8c7ec
structures_xyz/151202.xyz,6507,d4873c2af0fd6b3eed045ee77408aeddac22dca34a604353b4a78cbdea3f2ea1
structures_xyz/151257.xyz,1781,1e28eaa5e133ed702108d6aeed332674e298e306944bcc74a91e15f3ccae2049
structures_xyz/151319.xyz,2531,3f05efd396514cd6e7d5fef266282eaade307ce618e7a4c0a326d9f6b3ad8bde
structures_xyz/15138552.xyz,2608,f7b5818291eedb40240ca0c83f27d1269da88da2f543e0f429665fdebfd4df64
structures_xyz/15145.xyz,1105,ae1d52de8fbb593b6f97f58277e52b52b14b909eb2c1e839bd5a6d073b0d62ee
structures_xyz/15160109.xyz,3884,984995cedfa9d3b610c0f27461b7e01f760fcb9bbbc82261ffa7958edaa8e035
structures_xyz/151670.xyz,3807,5e9421d1913842ec73903f2a560e3f89e2c3c356915624e639080ace03dc9fc8
structures_xyz/152304.xyz,1931,4961dd95d65488907e2cd020c1d395ea9af1a15fc0c6144bfd0670e2789fc358
structures_xyz/152430.xyz,3357,091ca5bfb8b5647405e6c2e7d244b0caff97320510a403983d357a7bbe203149
structures_xyz/15246.xyz,1180,f5984cb26bef7c97e46f433a0af9ca98597d008b5cbac0b02c2f072f70ad54ce
structures_xyz/15250836.xyz,1708,32502015b7920263e22f73507f8427b330b29784c4b86be37c40636ad5625b39
structures_xyz/15264.xyz,4480,b7a8db4df199b7a428f69dfd9389f87d821c1d22c474b2cc22c35535e437cc30
structures_xyz/15265.xyz,4255,0c5470d1058a71178928db63e685598a2d7abb94ff2c73efc534b16712cf7f5e
structures_xyz/15266.xyz,4030,18fbea30b0013dbd9322cf013d9c3f66428198431865189258bb533874487468
structures_xyz/15267.xyz,3805,6ed3351cd3efe31b26f587b730a9d00f0c278f035f3e530e14dc7a39d3476440
structures_xyz/15269.xyz,3355,0eaf3d78da2363f80944223eaa1f824d1f77fdd23ccadd25f7bccacb600ea909
structures_xyz/15304.xyz,2305,b8febef5852f4544ffb52ecacd941cfce31164c82a6ade13129eaf19eaffe051
structures_xyz/15305.xyz,2305,9cf9f187dc87daf4580f345c8e75ad97bb5c5c41b4506ef1e768aac5fb2d023c
structures_xyz/15308.xyz,1405,91db79877b82448b4672d0df1cd0fd2d65161121c8a3d582fb0b51bea7123d9d
structures_xyz/153441.xyz,2832,297a3b6f97b32d8f7fd502adf7c636254f1ecc138928ab01822cb0a9d3d5cb77
structures_xyz/153845.xyz,2981,64f2bff016a7edbf75520f066927d4acd1fdac61b01ada81d949705b6a6c74e9
structures_xyz/15394.xyz,1105,9a52103456816ed1fcd809a3f7b4af852bcf6bb83a3e8f9a1787a6a3d755df4e
structures_xyz/153942.xyz,3131,b8c4c8df535e5a241bbaafae206eb90e657901677e5af41e5f3cbe5831c7c3d3
structures_xyz/15395.xyz,1330,4463454dd0483af42553678dae4069e5379e040389fbc1c5cf4947708d406460
structures_xyz/153984.xyz,3432,b9f0917a79c8ded5103ad71cf925c6928edf380eedb027044aa736dcd65aab22
structures_xyz/15410.xyz,1106,c4d367493761bcf43d8e05c2fcc8e32e9ac35f56ed860158578db489118aba1e
structures_xyz/154167.xyz,3206,42bc2629dd8d9c2d2736fbdc883841595e427be6e18b75e9087b6f3c38c9a551
structures_xyz/154168.xyz,3206,44f2e83c2d1a66adc886688f7785c42fc786bf0e61a644d96aecb01164ea4c69
structures_xyz/15421.xyz,1630,632845660f59d46f451caabbe591261c76c01e034f985c923241dc54675602bc
structures_xyz/15431199.xyz,2983,a870661fb5e59d60f91fa371e468d3efb33c91a40c351027070257b2d99fdd83
structures_xyz/154373.xyz,2231,420d29109ace62fb76597dba208d30cc6683c6859edc7ec532e9bdce420d234b
structures_xyz/15440.xyz,1856,02d17adf644a5368740da10e98db9a398b94afc1afd983746e39491744eeade3
structures_xyz/154417.xyz,3356,daabd54c60f876aa4c5067a88071ef12fa9928c8fb9ac9148f751c5523cafd86
structures_xyz/15478.xyz,4706,0350948fc0bb5b3f3e8bbda1d12c27f04814defce3d5eef86a946709e9160ccd
structures_xyz/15480.xyz,1705,fca1d6928fa3f54624eee048f066933d30be2dacc198b240bedab081985fc331
structures_xyz/15480629.xyz,2383,f603b94dce3041653c7fff5b8b11436c059b14a2ec450f33424e58b493cdda5a
structures_xyz/1548883.xyz,1857,2b6c63066ead24799174a70990538944187805ab4e6c4ab172a6d00407c5ea89
structures_xyz/1548943.xyz,3732,01bc92df62b389a99062de8399088d935238d3de13bebcd2c5d8a97d8b34d34b
structures_xyz/1549026.xyz,2607,75d57b61e16f221766b66fbf878e4fa010b396d24941e9c22399f8896ffbb739
structures_xyz/1549107.xyz,3207,40741e89b2bc8fe1aadc54499c01e120302770fa29072e8f5aeb0fbfeb696c00
structures_xyz/1549778.xyz,2757,44ca647d5548aacfb9c5f66bd99f3b7d6e81ae3f55bec6c81240614c3fcb5cb6
structures_xyz/155011.xyz,2907,18408550b044e5d1e9d4f792abb8e95bd24cc2af5bdabe11d9afc1a177696e18
structures_xyz/15504.xyz,1855,a2cdfd53c3e370d187fa20d7a972aea9115dcfe3598f5388d06e65eb187ead5b
structures_xyz/155054.xyz,1481,5aee4667f138f60dc61500e686ef78f5ac05851252a57281e078480b6983f3d0
structures_xyz/15506.xyz,2305,d11b572cce05aeb53a19f5b3ac62a1023a500c80d58a12f12585cb7c6e1d76c4
structures_xyz/155165.xyz,3657,e0fb9ec18497aed506a4f7c23b071bec2731daaa49c754e310df1d815ae794cf
structures_xyz/155173.xyz,2906,3ceb348211ef6707e90452f291d9e8bb0e44a5323800c7f717e7b57ebe1244cb
structures_xyz/155206.xyz,2757,bbfe5f2a3f5e64ae7d03fb881efb4f7b021a9b38bcc413a1680796ed09b3bf54
structures_xyz/155248.xyz,3132,71e1a6dd9cf70831e58463eb9bd0208c3f1c92151637e17687383527bef3231b
structures_xyz/155380.xyz,3132,01619e16c77557dc647b786dfb4f8b1677cb43be2e9f9b5527789e22d3963277
structures_xyz/15560128.xyz,6209,2959b38967b2a3b8502b5c5f5b72ba609647cef2e60a630949c4d92d298ce4e5
structures_xyz/15560276.xyz,2983,99e94d00c140151aa30fb524a6eae83165471dfcc10ab76945fbb92969ae3c03
structures_xyz/15560279.xyz,2983,365e0d1c873648310149897d6f0a0cfd2877cece9f801038292891fd3b5fcada
structures_xyz/155692.xyz,5682,d709f76cafc8413e0b1caf7ebb51acb7df4bf782f30d6c1dded121a6040f8854
structures_xyz/155882.xyz,3732,9cb1ab9bf044808683911cd5bb2ad708333c7b79eb75ff46dbc3282bf2c34fe1
structures_xyz/155948.xyz,2906,5b33cbe686161bfb54c90df41b9991bc0dc296f66dd48a091563352cddd5614f
structures_xyz/15595.xyz,2830,c332b0672ed5edc36a7140834e42531f044507961fe039ab61d60a401e4e0ca4
structures_xyz/15600.xyz,2455,c8e4bc790f965a026d3e84c3b59ba2c3223a167f272e5ee12ddbe4c9e224b8c4
structures_xyz/15605.xyz,3130,9c15693d516cf03e58adea202008a4abb5e2968b0e054e4b4338c25c10e93657
structures_xyz/15606.xyz,2455,212c6a9d6aba17b96191f350ae8cbafeb1c51e05839fc5740b7b3d719c8ccd15
structures_xyz/15607.xyz,2905,b6a037f3d1688e1931e314b833658393c1c687cc73b54d77dafda8495b958ca2
structures_xyz/15608.xyz,3355,cfaf6001402a7e6811c776477329329dc2cc9fc5f97d24c516a2e662bdf12ce7
structures_xyz/15611.xyz,2455,6f0cf8bf1a91102e4e463c2b14ef5ed8fa930bcb2a476823ccdd416b32bb0b27
structures_xyz/15612.xyz,2680,e68795d71c2d406d5d29bc6efc90f8e386249e783dc0a8d22b90964ece61a1eb
structures_xyz/156155.xyz,4182,592603a01d962e12affd6425fb83a2497c38fa0b75ffa302a9e22827924edc6d
structures_xyz/156179.xyz,1331,157d9c022b6cab21193a99b2c7e2f0ab06ce85d18fdc039d0b48167a977d85b1
structures_xyz/15619.xyz,1705,94a6b321e63b385c2b5d3727dcf16c119eeaaaa84b0b33856ce648e421c5996d
structures_xyz/156517.xyz,3732,b2d9ede0b44b820edbe6d5401eb916f382ec73abb7ecda545f568e3df34bab6b
structures_xyz/15653.xyz,1855,aeb4d2a9f8f28d2796637fbb82363180e91094292eea38efdb6ba9c007fc54cd
structures_xyz/15661821.xyz,2533,5843f8f0bb2ca8ccf04f437c219025e30f5e4207fd7f97b745adf680fc153444
structures_xyz/156660.xyz,2606,40e4b22ca3ffbd9a54fea851281cf07de2302a8c80dab90e44d9a71853feaa54
structures_xyz/15690458.xyz,3358,fab882d2d35a19563ef16849e9626a810bbb6a16294f91d8319f7b569e264666
structures_xyz/15693458.xyz,2758,cb2e972f9742a4b3c928dc7b1545168ac0aceb26e918030fa2bb0b9f6e2419fa
structures_xyz/15693459.xyz,2908,fe600cc2781087783130f25f558d937342ca8b3bef5d646a14e90e3a058b2cc8
structures_xyz/15693460.xyz,3058,10af3283e187e48800c7a06dcc49a1d36a1461e3caa8109a13113e82a574b6c2
structures_xyz/156992.xyz,2607,b0305584f000aa3f98eb33632bff6e8361fcfc8d9d6759c259ad0d79ce6e78b4
structures_xyz/15713.xyz,3655,f9d1eae2c80b134846cabee7a8eaac7f136d019e3556c6e5c13e975eb7b37fc4
structures_xyz/157139.xyz,1856,17f46db122c196a9068c98da0bda1bb9c1cccc3ebe7f5b9891cda68a9a61a10f
structures_xyz/157140.xyz,4557,e9eeeda715d208c68a4378b14a1448e1180896100d78c38e8e46ddb2dcdb8dc6
structures_xyz/157143.xyz,5382,59cd57ad14d0a77d0b098c6ebba3d88ff76bbcaa99a4f246c0088405d07fdb51
structures_xyz/157301.xyz,3506,30cbd61beaad61c081de2b2fe1b2858468391791834ce81d7aa8cc53c3ee4569
structures_xyz/15764610.xyz,1858,a6ad54d5d4ee1afe0f48978623d8fd748c2c878975d019a0a8a00f23121c1ec2
structures_xyz/157661.xyz,2456,af930ba36a1d10fa8059c15d190616ebb903f0e79fa0cc97f9ee0b856dc70472
structures_xyz/157672.xyz,2006,1f8bd2e389dafc7faf202cc9356b9a98b6a13a45cda43e2003962e61ff0e20ec
structures_xyz/157745.xyz,4032,6d14f8a716bb6190de4f671ae9915a8c0d2d581863fbbb9ae4925f3bb7683e79
structures_xyz/157995.xyz,2231,b3fe216538216012a7580c69128a1ab88fc772fc9bbe5791009101dfd272085d
structures_xyz/158144.xyz,3807,11cab135ef0196e8808a4dc443b019289dde557c1a35af8cce08046728a47e11
structures_xyz/158311.xyz,3207,4f1fd0ef686a2928c6d8ce169c1f6597ff498e2dc73bfc96f7c5a1f486aceafe
structures_xyz/158845.xyz,4482,7e4a6e9b8d855b7debab2f9580d7b93b3a45ca4331c3ea254bdf0fe5c94b1187
structures_xyz/159029.xyz,3132,673702a0cb958818c038114e7f208e813a9310d5a11539df211fa1423e613e19
structures_xyz/159047.xyz,2007,a7478d123d5f21d41fc90ee0a7b909ff711271869b5b12024672c5c7f9c984f8
structures_xyz/159055.xyz,2081,ea2d6355058cd22af39d265b59a7bb4cfeffc858047f33699e3e2718b96ccaf0
structures_xyz/15917998.xyz,6209,95c310fb86b615fb86b7715554ed930d4f02d06760aff9abff7fb497931a450f
structures_xyz/159278.xyz,3132,4c130094cfdf2e613c0f8331e374d629193436728eab6e07f362aac4441387e4
structures_xyz/159330.xyz,4182,c06a143332681d1e8ca51e35dee0efb794aa59ada9bfe2fce5e012d43ff46e0c
structures_xyz/159490.xyz,6057,9c4dedccdefc8a2380dc4de0d98b7efc93ae4adb870f84d0671674f82f9e8703
structures_xyz/159516.xyz,5607,431f9b2e42d34be02ef44946ce46e993239eb80aa5236eea6463e3ccb0738d57
structures_xyz/15956.xyz,2305,750918f51eb9e4d98cf1f63a7b13ed35fc76bb435cd0b9be8be8721dffc14699
structures_xyz/159650.xyz,2156,b98b3e739e3be7bbec1d47f83a7c198191c9d743e85f7bf3d11cbfb1396a184a
structures_xyz/159654.xyz,6807,3a8078dbaa77dfb42227634ed87b98349450ba20bb0b9cb4595f34e8bc93b33b
structures_xyz/159751.xyz,2831,521e42df43a066d04b697290e4ac310e4dad9153777e6e605fe1892aa2365853
structures_xyz/159776.xyz,3807,e3626ef51aeb8caccc0546745f2a8541f3bc9cce196c91f6511a5017c8e5bdd0
structures_xyz/160142.xyz,3281,148c1dc143dfa4b42f6402ae727a481ea8fd83366b7e1375a2685b967edfaab6
structures_xyz/160168.xyz,2756,6665ce426ba0b3dede38481eb47108ada7ac7d9e8e43722143cf681195509b09
structures_xyz/160179.xyz,2456,778b7a8ac805c1337169513e4e4776c3f37501ecf709117aded3d47c95dd6808
structures_xyz/160190.xyz,3807,9cc8e8108ffdb8d5aa9dfecc8986c72e8629e951422310377cfd86408acd313e
structures_xyz/160237.xyz,2907,b84b1b4d7fd492b08d5f2732bcca770f2d2e5fefa48df544345dad8b319511ad
structures_xyz/160254.xyz,3206,c4928615a03247f71be2bbf3032fae6e26ff274651d7ec6b2d129b876e59b66d
structures_xyz/160475.xyz,2456,cadbb9b39e294cc99d0b85f0f8a5ce33636c19cf7b9faafd1ebc1a9efcaff123
structures_xyz/160482.xyz,5832,05f07159ff7b4bc7c8781239022a5ec811bd2e0726562544f8076eae11339d1d
structures_xyz/160485.xyz,3207,d6d4c591baae972e88df9c9c11926ccdd37a6e472ab83c574f5e7fef4709dfb6
structures_xyz/160487.xyz,3056,486327f04c045cf403744cf7197c13532b3b08e96ee9f9de119a58c3f5fba03f
structures_xyz/160492.xyz,1631,8d12a2730976c40f926270217843683bc3d5d7fa4092d507167794b83c0f2af1
structures_xyz/160500.xyz,3432,350f1d9b3f3e4ca7bacb892cc04fc991a2db5f9e47f34d7078bf66a171cfa953
structures_xyz/160512.xyz,2756,f2c3640426a03d893a9cfd8daa660c723596b856c8eddd83859e433a054790f2
structures_xyz/160521.xyz,3807,653c65893ca014ee7b3df674e552b090f3bacaeefc80e26d25d9d7ddab80e5bc
structures_xyz/16053313.xyz,6134,254adb4ad1cf8450f98c487e04d78c976d3985039c364efade9ef47c9674bfac
structures_xyz/16054.xyz,1330,bf4a9eeb2333c0dca510e12d422d3e871d6145427fce10dbaa2d28870c0225f3
structures_xyz/16058081.xyz,5759,ab1de38398d9db789cbbab1cfc5b0cd3b136fbb08bf339da08f5cfaae5eb927a
structures_xyz/160600.xyz,2306,3ac1570ee569a7d5b599d2b9d19bad1ef84aa7e10caed3ba7dca7b67f1844a31
structures_xyz/160608.xyz,5982,3fb10019c93a09353b6e92c86b777450160a6ad967c6678b7116ff4fb2b62012
structures_xyz/160644.xyz,6582,4609921cffad8713e78349a69751fc662ed2b7b3d34a70031c813a4ab4ea968d
structures_xyz/16066.xyz,3205,f527e09dce0a90e74e60ba089c048ad0e90257b5743e1d71f6424700708382a9
structures_xyz/160710.xyz,2456,4cc46ed89308c05f3061dcefcf91f151cfca8d6fea641107bb8ea6242dd00f67
structures_xyz/160712.xyz,2156,f7bafe9545bd8a2e9cd2ac496f0f7b37838154f07d233df80f9256079be2b5aa
structures_xyz/160717.xyz,2531,025c394c95172a8e64683e9ead96badacb2fa13f0e715e5c4a40dc7ce7c74056
structures_xyz/16078.xyz,4030,b29365262d35b36a7780416559a0c89cbf62e6a62b18796a8b5e314bbb8e5aa1
structures_xyz/160782.xyz,2081,52ccb77bc4359797d2171942f7a2630380716a2d9797b8efd2b3fab2465f7e87
structures_xyz/160799.xyz,3206,25f95eb5f997ee8092745f347a86d9f1d1212d5319dccb2a58f1799fd6692402
structures_xyz/160817.xyz,2156,14c0aba77870da5644c080de70dd4c3755220da607153b38595f2662782228a3
structures_xyz/160875.xyz,2831,bcf6dfd25b244d443a2d195c4706f3df80c98707cfebc3e951693738b3162762
structures_xyz/160921.xyz,3132,09f3bcd5523fe5595dda4cab98ef38bd87b164308c5ad06923d248976b10871f
structures_xyz/161036.xyz,3582,aa04c61d9a165e274d0e034342390ba1682587f2d6a2c46d16e79336861dbff0
structures_xyz/161171.xyz,2081,115c1c11286ca066ffa59d462dac7b83c857f8b5abf7cd35c5c77ec1c8f52ef1
structures_xyz/161172.xyz,2757,b61f7f06205cfaecd3e2fec36121026701d757eb8041bb86004fef2769fe6abc
structures_xyz/161177.xyz,5532,0e9dd19afdfbae758e95d95a5ce5ff403347f9e7971cc23c6bf505ca1db4deaa
structures_xyz/161218.xyz,2832,a2884c17019e2087c76f22229de24df0f0989ae883cfa2d6e973faef5d543c72
structures_xyz/161271.xyz,3057,454838cec4ed52b542a820e6f78552a45bf005bcb00d97ce4aaa7e6577a1fe82
structures_xyz/161276.xyz,3882,f76cceca97698a5efa3f8814098bcb5e0c1cdbdd1489c62ce5e2b11f36d7ddff
structures_xyz/161294.xyz,5457,c5ffd4d37d044b9ed9090e6af349d3ed9332b5953a0ea05e1f22d50c00061b79
structures_xyz/161306.xyz,4182,7b2013bb904400cd3d45e9a4c62203e851c3bff2d73437b62b5ce6100cacfbc5
structures_xyz/16136.xyz,2305,c6930404d8961635a52cb7022695ac50b29b7db33297d874345305022dc5bbb7
structures_xyz/161409.xyz,2831,f45113626dfe9ec076007a8eafe98f3192dff0028b4ab5ffb4402c665ea184b1
structures_xyz/161413.xyz,2531,15313bf0cac1f5e3b417512edf87ee8d86c8e87e3b80c7defe7d20c371e39dc7
structures_xyz/161464.xyz,3282,fc5b411f348821ab9bf44d92fd6f1c372ef5e578212339ade1149a8f0124c2f4
structures_xyz/161538.xyz,4932,09021e414a35c58e53f07c0aa7c5ad99d3e9e8ff3c541f88c32869dd109790d9
structures_xyz/161557.xyz,2682,e09554a0048cddf339304558639c0afc90b099591cbaa0a3d76211f32e024be8
structures_xyz/161570.xyz,3206,ba940b2c0ef89ca2ec0aabc6da17295dfe55c5c0727270d618bd07985238eaa6
structures_xyz/1616126.xyz,3207,036b77a5807bc6c92f06b8f31ad397d19296fa030f926c36d73c9d1a1fa20c46
structures_xyz/161658.xyz,1856,ba63b217279eecd3a5aa7eb46fe3e16694c49004f256a8ab9a75b61fca61a52b
structures_xyz/161749.xyz,3807,106fca5daa0f27fba49340f65661c6a4405bbb99b9b4f44b850a76ca777fa2f0
structures_xyz/161815.xyz,1331,8f68e682d2038b4edde5224cdf1bb3b579124f20242bfdcda4f128dcb0f1d50f
structures_xyz/161816.xyz,6132,2bc94bbbe2343deb7f4c209493c908af3e8f5af04d3660dcce0441196ae093bc
structures_xyz/161937.xyz,3131,b3b792e0237faa5a8ad690827466a2c7af75cf20e9123d52b20de132c5945134
structures_xyz/16211192.xyz,3058,b3db8ef299cfdb9e1750cfad3f8a5c91627701b0efe290816eaeb3ff58b36a85
structures_xyz/162305.xyz,3882,0fe7d027a15c6a7feff87a47747f06b81fc3926a9e6f46d8050a195cb6cee7b5
structures_xyz/16238.xyz,2080,bf8dc058f78ef4a209f182d1bc455515673f1908162a28c901b5ee2fa07a50f8
structures_xyz/162395.xyz,2456,4c3b90a5b0615053dca750bde5464240ba59fad335abbedf0a1b63f9ed752976
structures_xyz/162412.xyz,3357,3a17e3ed27fac63cbabad1a1a4a0e8f5b02e7ea93d1f369a43a19b20aa1e7fe5
structures_xyz/16244444.xyz,1408,11a43d62b5a30426fbe434cb6f3e8a0f2d9af4b6eab64785008b88c1bfaf8683
structures_xyz/162464.xyz,3132,8dbc28a3d2874e7cb838b3f9a5f660663766ca900b62927cc7edcd8dd48518db
structures_xyz/16251.xyz,1630,fa057fbc7d7d08190247a34476e2ba97e75b0dc59527a1060d67978f6cf820fc
structures_xyz/16255.xyz,3130,80cd2deb8123de22cfd7f7a9aae22d3717781cf9de7075c20526d9cd7396fa22
structures_xyz/16270.xyz,1855,4abb5e4da804c9b71723c5dd5f51b066e5dcc555b26fe60a0d78521182e88146
structures_xyz/162823.xyz,4482,2a3c947a0486a1408ba4cbffe87247ad22dd9e88afa00404ea80e7f0f9115f0f
structures_xyz/162868.xyz,3957,08d0c45d60cfbef5388143f48ed6d931a437e9592d48fc6acd47f3f40ee5bb80
structures_xyz/162952.xyz,3431,12a7a8765bb86c789abf0e71237758449fb32f4fe5176101e4a7b229fc5e6205
structures_xyz/162958.xyz,4257,08f6bcf276f27b6c5c31463274c8580f49ad0e8f15fd2dfb615c68d0b4724fa4
structures_xyz/163040.xyz,1931,8af08223a9096779c765cfdf7b10a32463f5ea33fa228dbbd19432b1d26b7b68
structures_xyz/16315.xyz,1481,180f8c58b0eae3f7e18bd064dcc8d221aec3b42f1b105002e4466a7ead1255dd
structures_xyz/164146.xyz,3732,62a0f262e9598e2d43423f78e4e6ae3e9aee5fbe9d4d4c129596b88ec2cf4c58
structures_xyz/164613.xyz,2156,99c02791085ace294b9b6d569ca7642ce06dd71d7f79c3a540c63c01a6242d96
structures_xyz/164619.xyz,2081,a190d52994fe20d4880b91710b36d696e8c240c4b5c8658c7c7b1251c0bccf26
structures_xyz/164622.xyz,3581,580267b8d407f85271273a836ea5f6d0d69eb2e3f30d91926c509226b8094b18
structures_xyz/164633.xyz,2081,908bffcd6b50b8dfb79199c01cc594ec501c80634b1bb40ca46fb39af0234191
structures_xyz/164676.xyz,3056,4c7678fcc5c2315fc79a3fcbbf13b4923c5b15274ced9e4a056d030387a30614
structures_xyz/164874.xyz,6282,1f376fd540cac64f3a01829b98e016e40db644dd1f627f70875229921a774679
structures_xyz/16522.xyz,2005,7282d6db596c56f4939bbfdb3e34be25a108a20678f2588024acaf14e7556d07
structures_xyz/165225.xyz,3507,7cffc8dea300dcf1ab1ea16b8ffabb4107af4b255fd8eecc5b92777f670e173d
structures_xyz/165258.xyz,3431,ae3574a043b7b10c06e1fc89cf71606884474ad03e0c0bef4157ba2a3dadae07
structures_xyz/165274.xyz,2532,e03d563e3098f309cbf20b10d296f8182d6417bd667deb3ed2b6a77b4b7b1311
structures_xyz/165368.xyz,2231,26084343ea91a88b94dfc8d0eddb60a37f682272d96dcd0713e88a456960b36a
structures_xyz/165521.xyz,2231,d7d72661ced99b4d1c154f2b10c631be6ac9da3d75c7b6e093f48adf65e29408
structures_xyz/165536.xyz,2906,8fe52b288d32ee81320d00dd6b857f40557ad441e33eca61bf8f071e373c8abf
structures_xyz/165675.xyz,2381,a76d6fbe781e36697978b0ce1603bff8251f8cb678a4421673226007d80da177
structures_xyz/16590.xyz,1406,cfa24d39f91f4ce549c66d06682df776ef04b9e65178db633e967cc9daf88845
structures_xyz/16592.xyz,1255,ea8f76395954dbef05f2ca96094b2a6a4d3165d12c15c36c565991a3f9c22d4c
structures_xyz/16617.xyz,2680,5ed4c977bc3b401ae0e2c07c8a104518c18751fb388528c17cdee832777b37e5
structures_xyz/1663.xyz,1554,cf840d5a1ff488228c40050996effc2aae33d08603526991c72c52d5a00586c7
structures_xyz/16666.xyz,2380,a267299e499384a802f09202647da3408c4817468bef53b98bc713788910590e
structures_xyz/16668.xyz,1705,0c570cf19c75ee5ffbf1872b495b0d5b7eaaf439917203b59b580c27b3b95ce9
structures_xyz/166775.xyz,6582,6090c5e007edddcd2b177cc9d8ba01e107c733008f00c8fdda1fc2db93f85b26
structures_xyz/16681753.xyz,3434,a55e5944d1aa65861c087af87fd656570c406bfcee82840b47deb2a85010d68d
structures_xyz/16694.xyz,1705,a9c124267fb17bbc8be28b6f5b09e22ec9a9fabde35733cd1a23d41153a3e3b0
structures_xyz/16730071.xyz,2984,86559a3f60eef62db9e01769049da3fde3bee55e72e4e0b90ae963402c72d4dc
structures_xyz/16732.xyz,2080,b43dd448d8652b8d7a47ff38c8fd23431c8023fc6d033db94da75d680b177a79
structures_xyz/16741.xyz,1555,d7aa32262f99a5793a79e5b9fe2dac38d5ceff35aa52386e9cf6bc1ff9f95cce
structures_xyz/167493.xyz,3057,bb24aa05e3c84fa210084583257771f2b99aaa8bf27478fc24199038fc3b2846
structures_xyz/16754.xyz,3881,aa61c1e58819489adf3aa7618733e5265f947e3c6ec52237423041ed12d0a9f4
structures_xyz/167551.xyz,4632,0aee99b6dbabf3ace6f778209542fb9251f348cfa4439895e54068fad189b8ab
structures_xyz/167633.xyz,3132,a96f4568bfcb2048dc3cade4aab38b38b3f1b73d4bbf7853314a01ed341f7ae6
structures_xyz/167736.xyz,3282,87165b3b4b98b7620b8c69858756971516c8506fd48641740395b20d142cafc8
structures_xyz/168114.xyz,4032,849230d32087104757555d3e2d4cd76dfab973b2328bacf1466246d488f51552
structures_xyz/168115.xyz,4482,4422b4276901498662415b023399a070bf96d5cb4541060b5c7a337af412eb9f
structures_xyz/16833.xyz,3130,de4f63f2cce32cb1a4cc818b0f8cd918961e0861a6734f47a0a81b9da46d6686
structures_xyz/16871.xyz,1705,510151823ea0c87d19cd2ba488579e59e5f4d29a312a2935f5e49f27f0ffea6a
structures_xyz/168836.xyz,3656,d52302dda2cce9db9be4d54ff4244cb46917e105a62daa0e94276113bb2d6171
structures_xyz/168928.xyz,6132,79a1d353b24e455fae1681e2a1ea1be203c4837af98cc65d83943b44e3e4c22f
structures_xyz/168938.xyz,4107,dc16c8d8212a11b55e00cc32e39f2d515e324a4902934e7f1dbc5df487f0b0a6
structures_xyz/169017.xyz,3281,7dfc62ccbd7ad2700dbee63f31464b41ba9f5f49fe9eca2eb6754b1c1ed760d5
structures_xyz/169019.xyz,1406,0f8dfd9fd9d9df7936254bbe05106cca3de0d9753ce6d45b59e7b650ee552b90
structures_xyz/16928.xyz,1855,02307b9595273ced7efc636650b0cb8ad1fa4d96018ebaddb56954c458f85972
structures_xyz/169511.xyz,5532,208135a23c1be71c642b891e28f8363b0927acc2a6e42d79291768fdc892ea41
structures_xyz/170345.xyz,2381,328b87038c64602f796e1dc9619e1c599a88c13158bce3e0bed5429bdd96e43d
structures_xyz/170569.xyz,3507,7ecb4e871e2fa16a2904b6ed6796bdad101e3fe51d9ed7b5334f624c4a530f4e
structures_xyz/170833.xyz,2231,81c833f715342e1feb7a6897ca07c6854a5a833bcd0906215c4641a7bf51f06d
structures_xyz/17095.xyz,2980,d24792cc815361f1c066818dde20bc498572ff9f06067837d4e5e016f86a93f0
structures_xyz/171106.xyz,2231,8ffeb15134dbd318a67752330e0dfa062cd4cebda677e9c7f34d845c24cfc5a9
structures_xyz/1711945.xyz,3732,384c329e09a707e9e29d960df888a8a9e8b2b1d30023d4510296d3bd1eab5986
structures_xyz/1712264.xyz,1557,38c39e7cc57ffc01a501daa8c796e844689f8e03731e75147073a82416ae73f7
structures_xyz/171292.xyz,5382,5088c2d40a61da64271bd1b7ddba78df93f6f58a8ef160832486c41428d56429
structures_xyz/17130.xyz,1555,0ebd38ad8873a74c95d5bf527c8f9773046f6dfda2d5d3fb6afd567500588b2b
structures_xyz/1713001.xyz,2757,7ffa2a3f747df86b6841e1e624ce5e5fa798993bb319f3178bb13d10da0a0dee
structures_xyz/1715097.xyz,2382,55c12ec8312a22fe8fa6d1b012f5b1dfdad6cc8d84e709d09bc40534857ac424
structures_xyz/1715138.xyz,2382,f90c4477b3ffa168c77a892e7d36bb3eb86005af09f84b8c4079e1474167a563
structures_xyz/1715160.xyz,3057,8430c15ef0f5659fb4bda63d7a91fc17482735a223ed1f02734a470220287281
structures_xyz/173183.xyz,5832,084cecfd32ce6518fa379e72166fc0bb5564c779f862d79d9b0037fdfe1cb189
structures_xyz/173273.xyz,3582,fad026017db752eb27b6b4000cece13f107741611ffeaa623316d6c11732a42e
structures_xyz/17355.xyz,1780,9e045627e6d650b0f8a40dbd87c7d5daa2b9603f543957973a69197039fe3964
structures_xyz/174.xyz,803,2ab60c6a676d7f8a1da4846960d3d501225f8f831e5855e56ec9d84384ffde0e
structures_xyz/174003.xyz,6807,7bddf481c507df36f31efad7b8648c5496ead569fc7a5d9deea402cbf93d37b4
structures_xyz/174157.xyz,4182,6a24d31d53154c7b979fd5b064909f52928f9c3f97e4ef29c8a0011d5a7fbbc8
structures_xyz/17429.xyz,1480,121faa8ed6a719b05e795c368d6ca70545182667095b624d0c47337f1f89e0aa
structures_xyz/174857.xyz,4857,4737553a5d204847d5216737f89887c067468ad67848ff2753400f1831747d17
structures_xyz/174867.xyz,3357,33f96a6020cb468f3b7f73053c4df09a807459ef8fca73d6809a9f8e8e9a98c9
structures_xyz/174868.xyz,3432,81e672a21a2904220c36b9615f3161fc7ced4655c31859125393b7c05dd5e725
structures_xyz/17525.xyz,2455,1ce88dfaaa717050811542a5db197e8d02183855d91fec6fa3ae680eb6aca9eb
structures_xyz/175540.xyz,3131,6bef5a79a77094a7a3c3bc7f8a69e825ce0390f316dee4cce9fc8a4420c758d5
structures_xyz/175948.xyz,2381,0fcb4611a39a7ced9e701caf56a06bf65da5e4efefadd2a5f79c6a9240d94752
structures_xyz/176079.xyz,7633,5a258732d2b3f76c7bc6320a82583c2cd64a2f9bcaf5fb79a732ac433790748b
structures_xyz/17691.xyz,1180,94f32d7fdc786ab74201e68c4b0337469a19adc31431592b79f453ba12859833
structures_xyz/176911.xyz,2906,d64e2a32b632771569753ba797e1f36f5d5c03c246008d03d9a70051e0d7e25e
structures_xyz/17697.xyz,3505,28a1c9a515be59cfa2b9f9ee5d3b4a9ac0629bb09e8a7c5a60a905b27857e082
structures_xyz/176970.xyz,3207,68044dd647dc1d30a59ace12676a88279bd9f8af5d296d8888ee6a5022e19c92
structures_xyz/176983.xyz,1856,990da3f1c8ace4d851fd4bd0b7e89b9ec82114759b43993edb536ec337cb34ef
structures_xyz/177.xyz,577,473bde76cdff082610d4df8c84b33b0258b7583c879a3a0fd035ace64f9e9244
structures_xyz/177072.xyz,2906,4579d1beb83d9d44c312d34608e8dc26316ad83b8ab016e3e29ac68bd8c6dc83
structures_xyz/177149.xyz,2756,cae791860c9a67a69d9960b281547f41fa861f15aaa87fea7f4068ea6676f3bb
structures_xyz/17739.xyz,2005,b5b230337468eb49ba570455cca4d5210491dfc9c5910bea57d91e6533632528
structures_xyz/17756.xyz,1480,d5ee87fd597fc775af97111e619fae3047476f1ffebfc432362de6e8adb95bd8
structures_xyz/17768.xyz,1930,144c8d3f8cd0734083616c34865d6a61b2e62392b2288e6336ae59029bc9d0f8
structures_xyz/177801.xyz,6507,526d54b7a2dbe9c69b66c5e5dfb79a441eb446b76e50b9b180ce7ef5600202cf
structures_xyz/178323.xyz,3056,2c6f97a261a08b044724ddabe025f4ff9128db55aab473c4d1610e75868e6f1f
structures_xyz/178371.xyz,1106,ac80c12c7d838525104d979e20434d48ee35e44ab1527ff172d9dce919b95606
structures_xyz/178939.xyz,2306,15fc25a647484eaddad8a8b2725536a2e50a2347da1c17c7d29c7ebc909c25d0
structures_xyz/17897.xyz,2680,107440f5ee619b618c20cd1f124ae23739e3d6a3558f38cd27381a63dcc6c137
structures_xyz/17927.xyz,1555,4d31bd78a09e74feecc224104b250ae69973e26c14f07ad5cba51b295fa7eaf1
structures_xyz/179289.xyz,4932,6202ba942db816eaa9b508e1918d2cbaa247e2837f172dc455e9b1cba9808a9b
structures_xyz/1794427.xyz,3283,ba6a62e1feed264519a2f259b6b59dcd87df4020a1bdc7d1ef0cf39962f20303
structures_xyz/179536.xyz,1856,3751f2e34a8865134825209df7b3a4d63123e28117b9fe03cee505c2c5a7d873
structures_xyz/179640.xyz,2832,25893c190f2912c35bf35b4b7a969b36383ba35d12c00b9f23864e023a7b4f94
structures_xyz/179647.xyz,2757,3d90f9c589c1fb46b02da2d4ce94add851d83d045f3d49485b40e81da4306f22
structures_xyz/180.xyz,803,9163b5301cf85dbb210b1bdf7c108770557d8e7648b85635970d6453d761e729
structures_xyz/18027.xyz,3955,3b85faa6d0bb54acff3bf91f3889c3f7ce9409e9020e683f097a041b8a489502
structures_xyz/1810793.xyz,4182,d95d3735ab47c28a13c5e3f82d45289c7c701129dbaa5c17363cc61014453f75
structures_xyz/1810796.xyz,4182,9c3a338e4ea90bb600f5767fc146e5fc8a1620a5e606335924ea5a9007774e83
structures_xyz/181132.xyz,2757,4c00ed441569e5976bbb6c8e28d88a6d74cef2d3a9026551a6f48c69ed5f5046
structures_xyz/181215.xyz,3206,7aa67674c9eb501cd5317ce46dfdec4198f9017b34e4cad06a471c404f321d43
structures_xyz/181271.xyz,2606,8772e91fe750acb82cf105c7662cbb7c62817a2dcde6290f37d4050d3de0d9fe
structures_xyz/181526.xyz,3432,19eb7c166919b9730a946d66135afa5a8d90aef952618d58eed225d10739b4b1
structures_xyz/181580.xyz,2906,8d8de841bccf1792329411071f3ea0836a34e28eb5e52e469017036f0cd3457a
structures_xyz/181681.xyz,3957,0b7b07ed5b914bbeb8a2e8aca3d9dd31607c7f82d7ab5845818439a964505c9a
structures_xyz/18170.xyz,1330,3363aaa7565f33200b14cf63b9e5c150cf8e896500094ff119d25b3bcd1c85bf
structures_xyz/181744.xyz,5832,d0179f16f17119e40d4a437da2d970d9e1df7400ff60acd4a0f7599f4fb3d0d7
structures_xyz/181851.xyz,3882,c916e10bbbfc5c150145ef9eff7d6737a5e08f3a6be111221c4e062fc4894b99
structures_xyz/182232.xyz,2682,419a6356476424156081365b95ef75e9f96b8cd770dafdd7dbaf87ab17211575
structures_xyz/182259.xyz,2756,1c0107b217ebae30854a1fa704c65015e7dd529949d0f4a6218058049b37d8a7
structures_xyz/182278.xyz,3732,57b815f476e6c666f3a778247496c7e905d2102868698d0b5f308d51b4dbb7bb
structures_xyz/182459.xyz,2306,4a56b30426e39e432fd9322580659e80d350395235e6fd9e24bc2b21ebd10ae8
structures_xyz/182497.xyz,6357,0e728f217b411bd97a3d231cc5b3aa8f40d622f9bac3714c68623cad47506ab1
structures_xyz/183088.xyz,3432,02ce68b55c29378b83acfb3003a318caf6f56e8de125a55321729fdb25ac7ed8
structures_xyz/1832.xyz,2604,d9e4e6c2ffdd9560ecffb6adff8b4d9983ecfa2f3d5cce593ff55bdfc874b955
structures_xyz/183864.xyz,6207,9cf0a401be7bf936b1952a1d2969695b02f2d53ef9ef0c0727d26034592226de
structures_xyz/184652.xyz,3582,bfebba3bde2fad1b8d01f949ae255b1c5efd7124f09243f6505e3346d198ab42
structures_xyz/184824.xyz,1931,2e6b2d66fe97b452f24f206cd33bee04cfe10b9921b8936f0457b246a22445c4
structures_xyz/184877.xyz,5757,0f06a40c28aa1c4a1f87f12ab71ca5128c2596fbd40eb4b22cb1018d4a2dab57
structures_xyz/18502.xyz,1555,fed821ca7f574ad1a4cc8e34ca1d5feb6cc95651e48794f9c77d34fd1a51d94b
structures_xyz/185034.xyz,2681,f959c4843f63e8263e67a112fa47e3b0e5735e7e6dd6048d61a3b065379fdf7a
structures_xyz/185071.xyz,2381,93c2a4ad0be0d9e2c74539d0e3e3c45ae6b1107fe00f0bb5d6126052bf8fdec5
structures_xyz/185226.xyz,1256,b98f7a6e2c5641cd9cb47dd2dc747866112184d79ebc0607063fd41e00f5c52c
structures_xyz/185465.xyz,6432,b7e1f261a6786780ceabd6aa9a7833e441fe13ad6bb49a95144ec3b71d7e35b0
structures_xyz/18554.xyz,1180,6b580a387d9e18ea90b27f162932e391d9ea9c241f1f3a07a2dcf72b2b36ada8
structures_xyz/185617.xyz,3882,64c739edc8de717bdaa9191b49691025d93fde5384055cac8af487284c85d0cb
structures_xyz/185667.xyz,1856,d57f1dc5904dd0bf6407d97c16243dc520484fde563c525af8c50b060c89000a
structures_xyz/185698.xyz,1856,72e9626f7e6efc70656707e1351f2266a4daf69f9b63d6b3b827fc0c9e82b591
structures_xyz/185740.xyz,2156,f4f897bbe1f302b793e077e6f3db3389130acc5580f253df123f09e881ed486e
structures_xyz/185766.xyz,4032,9a02a5a5d8da625915b4be4699e2a0ea6c927f643eb15de054f2b9b5ea5f6c65
structures_xyz/185848.xyz,2156,03a6c492865b7ea3f38604ea0b7aba118552284b77a2b9d05935308c7a9b1372
structures_xyz/185904.xyz,4257,fed8b07ee4a768c3dec08ee8e5b2dfdd81655bef1980b34a5849c94671f0f179
structures_xyz/18591.xyz,2230,04e466ad022e2344108a900af8eeff2e4e0faf0c693daf772d97c6652e3c984e
structures_xyz/185914.xyz,2381,e52af9febd9daeb3ecd76ef54f7b4a925ce7765bb43743025e5ecdf582d0ad45
structures_xyz/18597.xyz,1930,0df39c12745434fa6a9677a906ddab8ae05fcadc8e37a19ae22c1198f6317ba1
structures_xyz/186148.xyz,956,8b617f2cfe14dcfbffa71d0ed56f5e09433eb1e50761d34d7e6ae9d145aa0df5
structures_xyz/186209.xyz,2681,1fc8e5ca63f80fb4e95fb8e3c1c6deb813768cdbfbbd7f5d3fabeab360bcbcb8
structures_xyz/18635.xyz,1105,5021884d13cd47d633dd6eb6363b82fd92ab458e9a3f5fb5b868ad92998d21f8
structures_xyz/187808.xyz,4107,7d3cf39b50fe0a8da082bc080a9f40765cbf3e3a4b409825a5159e8f95cea719
structures_xyz/188297.xyz,2906,017e013efc9aa592d9921b852ab3e57d65f98399a5c1050db3737743c940ff65
structures_xyz/188308.xyz,2532,8fa786791c9889c5f9ed17895f285dad56a0e11cbcdb64a8fee10b1cface3597
structures_xyz/188316.xyz,2757,6a8e3e34858edc71dfad4525addb713f125854c7ba99a2c36525bb7ca0f8bcc6
structures_xyz/188323.xyz,2832,5ec2c227de61913227a7d22f9f7d9effc3f06eb422c67cb2d7764483d758af2e
structures_xyz/188456.xyz,4032,f73962f3950f396eed609bba95da08a5642f05eae35a21856a33e1b11058a65b
structures_xyz/188516.xyz,4107,7be27a270ed3328a184249e35be6c4ecbaf4a15f4491061aea27d94a111862e1
structures_xyz/18852.xyz,1630,d991fd9762b92370ddcc2757f317cdd5ab311b2b27007d6782ed353c6e228154
structures_xyz/188977.xyz,2831,77aa552e8f04048580ab074bcc1ea37091f5752b8c72f689c219d5eee6b6d96d
structures_xyz/189045.xyz,6357,950c052a88f565dce99b25ae72fbdeff36082a72382d8ed5f887b8774a132c39
structures_xyz/189061.xyz,2981,a7fa79c88348419c2fdef8ebae7ee877a0a36e764f0ba204b35a841cbac0cad0
structures_xyz/189453.xyz,4857,26675a454bd2aa31fb3289cb4458c9984e2449729362d8b51335f46f423a7c4a
structures_xyz/189454.xyz,3356,e83df26e6554c678f57178caf148a19aa8623e9a32318113893b59097de62790
structures_xyz/189686.xyz,3507,2d1913b8bab222c02078ba39e0197d7d1c3c3af80aa0e8fc2625b16effaf8054
structures_xyz/189687.xyz,2231,3b1622d49942417fb0d760850590017a15880cff8e7f3d67794b59e2f37d8d04
structures_xyz/189695.xyz,1781,250b71aceba935da777448dc3e844dd99bcf9b6d3016b6e127525c224c49dafc
structures_xyz/19.xyz,1327,eac5bdcf6a72c4b330c2db66894f95cfcd3006e3eec8bd35a99cf24564777a30
structures_xyz/190797.xyz,2456,b49d3bf4f0cf92910535b015a211b1fc55cde24d11bcedc65df879ede2c25c8a
structures_xyz/191120.xyz,1631,8a00914da764608c372db82228b4d00efcae502e6f6b47c91fe24a1779f393df
structures_xyz/19137.xyz,2230,25b5f85965e3c7f95f0fb02dc3a4eb9039cc9e5c1d889dddf518c3f7d295c145
structures_xyz/191970.xyz,6132,75cb7bc3811083877299a947ba78a181b64a59bc826fcbec229814370eef5aee
structures_xyz/19233.xyz,1780,0464778a5899fb864ff9ca3580d9b094ecd08f010939c504117fea9b001f7689
structures_xyz/192437.xyz,4407,6387ffea7fb9b0c5767c0c4caa56f80b368208cf2f681d720592be66a910764d
structures_xyz/19244.xyz,2380,3d4d561263fc57e34f7bb4898fa45d8e3f252a9d1e0f415ed1e46588f6167284
structures_xyz/192490.xyz,3657,d4d060871d21e73540a71089e030eaaef3ad24e91fec993551bd6da8cb4f2943
structures_xyz/192877.xyz,2156,7ad5ea4962667c7b8b5979af8a2503c1b6c4f998057fb04525d2c2b9dbd89759
structures_xyz/193042.xyz,3657,754a6a37be02ead474c932f8e7530033327c88462eaf4b07a9e5789c58513967
structures_xyz/19310.xyz,881,10b1ecce5d8f3b3025223fa866006a98660f4313f03ba5d0744f04eded3796a4
structures_xyz/193449.xyz,3657,e3d5e48b34f8cf72cf4a1c632e2499c02ef5d2bf4968c464f91183c0d85b97cf
structures_xyz/19350.xyz,2530,f326fde309818c9677f02b37a2dd308a331a9f91b0d373091347ad88cba7157f
structures_xyz/193679.xyz,3357,9e888fbe5d3dc007588499fc2d81b02d41e019afb72173bb36e9d124693605d2
structures_xyz/193876.xyz,5082,f8c1533c1ad0d1ebd68e22fcbf554dfb960516c2c5c0808f4842a06877f23db5
structures_xyz/194000.xyz,7182,c94e6e14c0a8bd6ce376880f2974d906f864cc12c610a2410add52d632b4a919
structures_xyz/1941.xyz,2830,ee0bfb19475dbee46158894fb36f1232d3c40c2ff10e5e959fd3f1174af7d361
structures_xyz/194183.xyz,6282,983ffc3b16b7397d387cdc3455b7e1046a56fc0ea8280e254b1645730d7f6a38
structures_xyz/19462.xyz,1180,f31fa5146453c154a42ad946ee9e92f37ad73d3d9b95843cc69257af2a98b4ae
structures_xyz/194774.xyz,2306,79433c3b6af140e4dbecdefc2f93d4042e3222154f3d526ee7bda11c01a74eaf
structures_xyz/195226.xyz,3432,a4f74d4f2f5958003feed052701d376d17ac1abf6896ccbb538676a77a3ac5cf
structures_xyz/195484.xyz,1856,2a2661f9173373fa9e21d2e6692057f434832cf8573b93a80ceae4eb9eba8814
structures_xyz/19602.xyz,1855,72167b09c10471a87cfdf27145678b5d36c00db3f2103e5868efa547cdf2a6c5
structures_xyz/196699.xyz,4407,be6a4b09e97cc08e4beea636c0e9cefb4568b5de9e9b0d08f6ee0a5fa7786b9a
structures_xyz/196831.xyz,5007,d290574c759ec44e580f87e1e734085266960315ddccaf0d60ff0b407da43576
structures_xyz/196980.xyz,2156,f667771ec5c5af7c96e3d79f22ac552e80b2f055fb8d3c6a714e3af120f5bb78
structures_xyz/197017.xyz,3056,ebf8cf93b4ced3acb58c0c4b0af81ba883bb41f68b8d6ffb9bef84af1dacad34
structures_xyz/197044.xyz,6957,7979a644125f40e8086507899ecc38dfcd955a2f7436344cf4e4ccfcbb5fba68
structures_xyz/19709.xyz,1705,2ae8fe12e7f83666c5560840019594213fbb8529609b745cb93bea44984f3069
structures_xyz/197678.xyz,4182,e2e7a37ac943a6ece957bc3b4a9574f175e81508acd3195a52846d15e5d68e46
structures_xyz/199472.xyz,3882,6422e33e34e81a37cb2688259a637c24e0302f16d7f45a382f75e16981b31cd6
structures_xyz/20055537.xyz,2983,508f2e7cab0a2a46579f2e8b506e43d2344fe3931883837ef39aada22137f007
structures_xyz/20111.xyz,2155,6ce3907b03df120a50f25e8b5ba740e166c5561749d80ae736fcdc7c3998976d
structures_xyz/20136.xyz,2530,c4f2c30288a87e8f8a3f24b2a6cbc8280525dd8a56ec81b5061cc7a728af9902
structures_xyz/2015.xyz,1854,c6f03332d17e6754a01a1cc509581f3610e835a1132ac6241b61fdb9e13bcd70
structures_xyz/20197.xyz,2080,761188e03e35e13577a3ab92ed28edcde0c28c54abe5f599359a45e73b7f26c5
structures_xyz/20263.xyz,1405,3c876fb42206211299309807164c6dd2ac99b7d9cd33b13f4aa0fbf85254e832
structures_xyz/203797.xyz,2006,f5dce2095cbdcb15c8dfb27e054367e2e89eed84611a2a0a4d22e20a8cd2176d
structures_xyz/20392.xyz,1630,3641cd532e605fab21231fb0f3d1f8febcf744b37bf137f6e89d609b99800765
structures_xyz/20449.xyz,1030,2f52f8c00caa678b5a8e6495be02b6d987e13118288f2c5b9caac13741cf8060
structures_xyz/20492.xyz,2155,56725319e29de0e778029f876f52f9daa434522f615921aa5b54b4d0cbd62112
structures_xyz/20508.xyz,1930,8e13748a8f85cf1d0b2a2aafc43f30772b8c7f182249dd3698965d2754089e18
structures_xyz/20524.xyz,1705,8646e21f89b37c33f806e21a62c30eb790ad4771e9523b991f256842a2c77df2
structures_xyz/20525.xyz,2005,93b10f322a678a963d9a442b9f9844d846733be4242c5334382873e32136193b
structures_xyz/20660.xyz,3430,fc05ad38b4ecf21d7f16366239614a33979c4985b651c7203326c39e5d8ebcfa
structures_xyz/20746.xyz,1930,575a78469b96fe43daaf17f04faefc15aa68a2d7dcafceecbc3f2ae5905f4387
structures_xyz/20831054.xyz,5459,66ee3642cf3a46642ac3808166c454805e3a7a60acd3f1adf2fcc2a40d28895f
structures_xyz/20831068.xyz,5534,f19e15061591c92eedfa2337757af6aed044babcf5ca76f5c492cfa167ae82d1
structures_xyz/20861.xyz,1555,9a352ee4aa3ea722fda94618c1be48dd3722cc03ac306e580d1015f715c3f3c7
structures_xyz/208856.xyz,3357,539430b0d6571e6f91a8109819f2fbe4e94dc1bac75d7928ee22fe96e23c5382
structures_xyz/208923.xyz,4932,fe42ed9066f7ae1876d548f706a27eadca20282c29ab4fa9624162154a6b24e2
structures_xyz/20908.xyz,1705,cc7bbe6fd6bcb103714926a98635ebd131634f05aaba469fa5bfed4d23249e03
structures_xyz/20970.xyz,880,603efa7622d3a28aca9981f00f1e657d3f810bbff3b41280075258eb824e82fc
structures_xyz/21204.xyz,3580,a25a4687510e92acb2e5c89413dfed8861ce072ce4199596789d47ee813c6fb0
structures_xyz/21205.xyz,4030,4b4132cdd874da15c1414ef5a7cf06df10411e3965be43ad6f59ebb3f3e61173
structures_xyz/2130.xyz,2154,03d90c341ea212a05d16cdce398034cdaa2858677f7e5cb71a7114c7b42eead2
structures_xyz/21457.xyz,1330,a1970e5fdf7ef507817c3a24041bc4bb14cee875cbfc17977c920e33dccb58d1
structures_xyz/21459.xyz,1705,4cefc2ffc66ac9c9668cc7428ae5647a827cf6ec5e1ac4311d9e1ed75c388adf
structures_xyz/21582571.xyz,3734,f2280dea21f60a8d66552ebd6489192fc71a852bb52158c0c6b44e778a80e8a3
structures_xyz/216283.xyz,4032,e0bc7191bdb7f746ed555306537ec0d53a9019dbfafd797c8ba9cd34b81bdb12
structures_xyz/21629954.xyz,7034,0dbff9c35f730efbfbca626a68c6f62fcb31ca791005afd7102adfb20ad3afcc
structures_xyz/21631119.xyz,1858,86fc85ef4807e1038f3b34609208a71913f21bea6bccc0a5aa91448129207acc
structures_xyz/21648.xyz,1855,af6076fd44543a9a652220e925efb5dc5fbf6c868f7f739bfdace11ade229caa
structures_xyz/21859.xyz,4255,8b71536a59db4f4f052a157f10824bc7c27580a546ccb2c2329626618e480bb2
structures_xyz/219219.xyz,2156,77999799836fe668bc31ad150d7f5365c47a95a4c51bbf43fa50a707a682af26
structures_xyz/220010.xyz,1256,34583abbe04a39748bf5ab834510450f6b981a5528e00a5b73b61e084cbc58a7
structures_xyz/22015.xyz,1555,f320ab4d953d9f7f9035aaa1d7aec16e9a76792b387d613e93cb6f0172422f35
structures_xyz/22016.xyz,1630,ff68e9168fa1ba729c624d04b9530d5d6adca70ae29b1a84121506425943912c
structures_xyz/220401.xyz,3957,48f15bc68f2c8d98b74736c200489f435578ffc143ea4e7093f1547651a2fe56
structures_xyz/22134444.xyz,1558,79e16a3019d78ba0319cb7dbfc3a4b210cc06ce2a49d63ae6a3716d35833c4b1
structures_xyz/2214.xyz,1704,5cb78654d661d7baaeeeeb8cbaad78694783cb8d01db57384e407af2d15c831b
structures_xyz/221493.xyz,5232,f553c0328747782f7703f3e1bf9cf8c1409e5d134a9c06ce2469c871bc5ec33d
structures_xyz/221523.xyz,1106,9a0bf0caeb9ee2814d262eef1787bf942830cae52a792eb73eb2bba2418642e1
structures_xyz/22156.xyz,3280,afe78efaa01d2d81501b4c2a83184e9ea35da3297b50b2793883566c598683df
structures_xyz/221580.xyz,3956,cd2894de51655faa215d7df4fa79cc62798ab4b709bfe7b1ce6309c156491c6b
structures_xyz/221641.xyz,2081,87cfb75b02c472b659edfe4d6a3bed8f74c5ddef6975a0dad176d77f64340688
structures_xyz/22179.xyz,3206,706a66de07bbfc8b05e56cc06a68141c9ab57069ab39d6de027339c00ff8a1cc
structures_xyz/22201.xyz,1255,d3878ececd60cb144f55a30905ceed975252042e83d9730c4b1527ea678f7293
structures_xyz/222064.xyz,2231,20cadd56cd56e84d5a3c396426e8509c16564a5dc80ba8ffd82ab15be7edb82c
structures_xyz/22210.xyz,3055,d2be4492d1a4be56f4339225b256b7fa175ff9dbf4c28e61677939ff69bb04ad
structures_xyz/22212681.xyz,4333,2e443a9448ff0158bb72d587f65f1ecfd3ccd97d4578c56367a98b9edfcc5c1a
structures_xyz/22218.xyz,1930,7ef85ae4be15b1be83e41dc6139b99ce5fe0db1f6edceeabd27742c01681b143
structures_xyz/22227.xyz,2080,459cc55066f27fd16e44cf77b120c12a7daed6e7f3faf1354df52b3bafd93a79
structures_xyz/222284.xyz,6057,930af0dab8361484d24dd9a296096f54d30db9a33a8b222b51e4bd7586d16b31
structures_xyz/222285.xyz,1406,33391249badfb97a5b6ce169cc9b07d4790679f6ba4753a75411241a9563a2ef
structures_xyz/222656.xyz,1181,c2bfd13f0feb9be852aa6eb0fb8ab5a18bddc20e825f1c5a05ff7d53e6048563
structures_xyz/22278.xyz,1555,f0d0eb9d860c5f3f6f14be183d2ed612ad0c1cae02d0e08f211016f588ffbf30
structures_xyz/2230.xyz,1854,2534985143dec40fd06689d24b9f6b204d754d7bca8e6339b894cf4a091b8a29
structures_xyz/22327.xyz,4330,2d1247d463887baaa28985b86ecd483a92df6e31e30d3eb1bfc657c2b051b3f5
structures_xyz/2236.xyz,2755,99e8562a3259a91be2be6c97c07faec494c88404305101af4cf6a248f6941d27
structures_xyz/22383.xyz,1781,375d6c3c92c3022a4f468ee3f590d1598b2ab9c2eaaab3b38cf7b2f4b145f0e4
structures_xyz/225711.xyz,1331,56f23a05dc6637464cd4bc523f8450cca6a217f5feedf484f7a0f4e3a31ba658
structures_xyz/225936.xyz,1256,20cf5802c4a4767a559d24706940401fe0acd67cfb01813f7c9525856e03fe5a
structures_xyz/226486.xyz,2156,e09081cf23e2961bca7427e9f29f593c9c6464b49a98ab919ad707350ebf9594
structures_xyz/227829.xyz,3206,01fcf7e6fdf8b8acd82714205aec5047ee1bef7d7d612a4691a40ccfa103a935
structures_xyz/22873.xyz,2905,2af679f2ba22467e4293aa1421b0cd3f7544e1d9a70e6b5ed8ec859a57b7439c
structures_xyz/23151.xyz,1930,904d0780fa513abc846024b9981e0f8cde8b66803148939c5e2a0fc23e8f32a9
structures_xyz/23205.xyz,2830,b91570c246f064668774a559b95de6d5aebf60e1580c8029d278911a12e7da38
structures_xyz/23217.xyz,3880,fc6b42ea0aa8b00ef38b9db80fb1c15010180855cdc6f1cc35b8d7850c3e2f2f
structures_xyz/23235.xyz,2530,64a788b08397e4c1fbc326bb905eb21efe3e20b78e892d0e979743d4a8e9758c
structures_xyz/23252258.xyz,3509,3672a6d0083d36b411e602633143578bf3b0fa679d70e629b9dabade7634636d
structures_xyz/23255879.xyz,2683,a18b32086d167bb1e62513a43a2691902ff0068a6a01d11a99b41ab0d7e80caf
structures_xyz/23267.xyz,6056,7e54e9ee550172f19cd63f21a2a79a1f5a3c80a276c4a8c82bfa91cfe5ce3027
structures_xyz/2331.xyz,1254,30ffd993a7a5f58caeb7556c34e40370f1469a09d41a36d156f381fac5c801c4
structures_xyz/23327.xyz,1480,5f8ca98ce135c76449204321a2e1bf538652ce740dd1e726d9805900f48008f4
structures_xyz/23433.xyz,2155,077550887f670637aab8be7dd991575f36fe23443415f0bbdec3e588afef16de
structures_xyz/2345.xyz,2154,93af3c5168ddf711bf1e3ce6a21929532dba821290f55963362decfcfb6d8561
structures_xyz/23459.xyz,2905,36db8638c52a39221e3d1b66d9ba9180b9cf1a6d886e06a1b23886aa7d8a6c98
structures_xyz/23497.xyz,2155,78893f08ba321723a200355e73d3dc6e0c93f1d397fadac0326103472b47c7ba
structures_xyz/23518.xyz,3805,51d4085b46b1107a16466d403809e38872b2daaf85d3d60e518cbea4b1254bc2
structures_xyz/2355.xyz,1854,24f06a4ec19166a883763bc72b725f9921526073f528e3219791d613ca56bbcf
structures_xyz/2368.xyz,2154,c2958d7318b9d625acd8cd06ed6dc878143b7ec88813369b44226cf91ea7f235
structures_xyz/237332.xyz,1181,708c6a8827d6c532ab41976dc12af7ee651ea7ff8bc8909636154c57cf6cdf47
structures_xyz/23752.xyz,2155,9bce07b0820c5592dbaef01b2a45025889f705a0456114188b49ad18bbe08c62
structures_xyz/238797.xyz,2831,3517d945853142d3fcebb99c6a724166582d617d1dcd15d8cfe3433d9fa5b79a
structures_xyz/240.xyz,1103,079ccb597b22f8718dd08d5f6fede2b44af277886cd9201c489815954abee7e3
structures_xyz/24055.xyz,1705,a35693ab705e28a15f10aeb5f20a616843ff5636ddc829910187f2b67834b3df
structures_xyz/241.xyz,953,891a2d30ed13b3461cf1ea343b94018c11775263bb58b546b340e9a8a4e178eb
structures_xyz/24115.xyz,1405,6c35039013b86be33282308e9435f94892c3659f2410d9f37388e867ecd4b3b8
structures_xyz/24135.xyz,1780,eea14ea5c97e96a25e5f214aeaf8460c8c8a67dfe63609c3b853906cab291b33
structures_xyz/24310.xyz,1855,fba4edc88745b58b6cf64425950e7d41176644f37b8a358323785f56a4396d63
structures_xyz/24316.xyz,2681,c01568a716fab939fb2851d0fa47db69f54f3bee709a959b0269a8bb07413b4b
structures_xyz/24513.xyz,3055,4ffe105e603221205687c88733b580443cc5a52b48c68ad5c3fb117ed19ea3e4
structures_xyz/246983.xyz,6132,89d239d48a1b9a9f1abf1f4138a3131628ee3bb56fccccb0fe084766732a3337
structures_xyz/24721685.xyz,5834,c71fe15e7d082ea15c27cd55d90ddb9632969c3a96fae08ecf1bbab626b3541d
structures_xyz/24798710.xyz,2983,62855fe00217a2e1c816cd32afa66a8937f779c47e85053d80b90fe7a8bd1e56
structures_xyz/24798713.xyz,2983,504351a1d1fa95e05eb96217f65008dc07276eec09b414764964aefce66a4ece
structures_xyz/248.xyz,1157,ebed6e51cd4f701b715eed874b1be38d47767c3eee6a6552b711630fd48d8bb1
structures_xyz/24862667.xyz,2458,3067e4dcb28420efa99b1df0f7e713584fa24ffa27450aaab8b3d79626e64d68
structures_xyz/25026345.xyz,2533,5f59c275cd7f5258b62502a98a2af08b3028d6c87dc55eb56c6b4be050c41f94
structures_xyz/25078000.xyz,6959,5c3f788b0cf76fe9c2a47e4e796dc7a7fbe5be3a0e3331ea0b3dba8337ca8787
structures_xyz/25175592.xyz,3509,7208c36dc6ed2fc11eee8adbe72ac9dd5ab8865d4048a8e122f36450c5e8c64f
structures_xyz/2519.xyz,1854,215d7790e7aa4c48cf3ff8eaad251a86cb84154fb0cc8758b056e2a41e6e10b2
structures_xyz/25202091.xyz,2159,70418134f9047d56fb701353ab52410c58a23ea480c6d257d31ab046d67d0e33
structures_xyz/252471.xyz,2080,941928b57c1ed130981a79471a3c68d6338c6b864fa93599aac3ffe26a636b38
structures_xyz/25311.xyz,3055,e9c1e6a9ecf17679cacd2ba6f172dad83f46330ad301b5139588580813ac19bf
structures_xyz/253221.xyz,1431,d0fd54da20ce6004490994893eec0e9cd954e705dde27beb3f86859eaf65f142
structures_xyz/25322860.xyz,2243,964a46c604a907274511bb854c3f4844eaf9958c3ee77a3b854bb75ee1d364af
structures_xyz/25371.xyz,1030,0af06704f667a650c5b68e93810726b8fa33e64f1de44116ca1ea06b03b6089d
structures_xyz/25403.xyz,1630,4ae9fdf53374078fcc8288c7c9a5ef0b9e9e53adda9e126449bc81daef5751bb
structures_xyz/2543.xyz,3729,dc2b07a8ac0ff06708114365903b67de499bbbd64f3e5f7de0f362650cbb0b34
structures_xyz/25611.xyz,1930,e299b87926562298dd41615ba10af56740744d699e605915884aa30fb6fb1edd
structures_xyz/25717255.xyz,3162,e6e3243a030ea0aa365b3b82246016832ab161598fa7bd718f464ee5867d3831
structures_xyz/25721350.xyz,1973,25c8d35856d441ea7281e0c5a5113c9f0faf25cbbd39efdf3b96d47c433dd987
structures_xyz/25763830.xyz,4034,e5de6c4ab25ee5808079d5becc114dc09aab79c9800637e4e8aaa639920cb89e
structures_xyz/25763835.xyz,2622,09f82d763b56f480f1a537f4c802aaad55f549847c856768b526c2261f400343
structures_xyz/25765999.xyz,1649,d8d6583b4e31eca9413038e0d9d398033065d0daf1b9a617fb910cb0ae0c2f44
structures_xyz/25768645.xyz,2892,ed6ccb5207cb2a307c279bf1f7a12a9f3229fb68ea8cb1e05aa97a6ce3918d9f
structures_xyz/25774968.xyz,2784,3915dfc5587af51564e797498726b0189e404cb607d2730540fc5ce4b290539a
structures_xyz/25774970.xyz,2784,0b63199102209005d442221cc538d9b25880b600d3485c3f055c7e169e163016
structures_xyz/25791637.xyz,2406,3388df7de14a2b40ce7440810e82b292fd74062ee07f8d9e89a39f6efba410f0
structures_xyz/25913.xyz,3430,cc9006b94eb3e79df09f34e43fc7f274d27a6ae9d52e68ca0db6abc2f28eb65a
structures_xyz/25915.xyz,1480,b9ea6c6b7f98050b38ccfb86b5674e5f3deb86e501361423cd8fc157b3362343
structures_xyz/259803.xyz,3484,020b13502fed5912840b006c5a24493c971917ff3b9c8821f90a7d8fb616a64e
structures_xyz/259846.xyz,6132,1f1ae568047a7b87e3f596958808031bce87251d222c4fe274fd006b4a5ed9b5
structures_xyz/259994.xyz,1031,295b0c1cf6b297304419ba88ccdddbbad69cbb5dfeb0b24a5b894af054740307
structures_xyz/26057.xyz,2455,5f59022b9ab078d10e887f82f83e1455a8885f194df10f136e8992a6fd0d5932
structures_xyz/261.xyz,1028,b54bcf507875f949f3244dc5cb5127dbdc08774a799875c5149d7a6a86f50535
structures_xyz/261491.xyz,1539,9b4be74e8b20a929e40e99fbb325343ad75574c43edf6f9806224c4b4a5b2221
structures_xyz/26176656.xyz,1703,85b3e007e883675f3f89d61989ea91cf728962622e8466d8d6cce4ad919ff2f8
structures_xyz/26195072.xyz,2730,70142ffa821556560ba13d02b51e65fc0e649a2027e4544e604dc29a05feec85
structures_xyz/26208563.xyz,2892,6abea255a9c11b95acde011beff68a6d63f4841b989cc28733052292e2297b7e
structures_xyz/26213330.xyz,2759,b895b7b118defd865967b8c2a5ff49e87e383cb117c514673667ff77b9c056cd
structures_xyz/26257.xyz,2755,a4543d4e7cdd03036063770e764b7eabf74843125c8a203d87e413664cbcb5c5
structures_xyz/263.xyz,1178,5165e338b2a18378ec2b1acaa0d68df83c1873d9836860d2dfbdc8e66f81f59f
structures_xyz/26305.xyz,2455,8029405af9a01860c8f39e9de2bd8200c564c69c84a7b751769382e0b4190a15
structures_xyz/26312.xyz,1405,bd2cad32db3e7c49401aa169f0e0d00ff827999abfa590dca53ba7f7a3af6980
structures_xyz/26334.xyz,1705,48c8153a42fa7579927ab8ed497623bdc29b81433c1361b1ed0fff860217b3b0
structures_xyz/264.xyz,1103,1c7c85a0e03f4dd9ad8dd14d93b7450f20411a08791f03f5963a0249a2cac473
structures_xyz/26447.xyz,2230,5bb1525a1eedd68054c582ce149cf80ecef73387b82ad6f72e9fb7b50581d541
structures_xyz/26548.xyz,1330,7a7433a8f205a7c08e13d82905a50770d0cabfb3b08ab9c8fab65ff44216da94
structures_xyz/26690.xyz,2980,e21805c8e137abea179ddf401a17b52563964408770faf252994165ff49079c5
structures_xyz/267247.xyz,2458,46eef75f6765d1a6f4e84dd89e7afc7617a7839ac45cdbe03fc3d262e7e8aa7f
structures_xyz/26808.xyz,1480,af2c3d7059c8f06361e6b3c54cb551adf04dc7110d960fb32880a583cea61be5
structures_xyz/2682.xyz,3879,39db80d7d1f7c91c0a35f35b0f66b5ae8a0aa3434157762fafc6641f2d685c44
structures_xyz/268208.xyz,2025,47e33a15a4f0da43412a6c302112eb9b3016b70f25e8133451e0eac7705d75dc
structures_xyz/2723602.xyz,1054,04229cf2e051da086bf5e3e80b05b3a2d5f8b676a40446800bee574d634b5460
structures_xyz/2723631.xyz,838,ea1ca1affa176374a3b9b729cbe7b08adbc8b4df41ef5009164fbcd1aea7d757
structures_xyz/2723683.xyz,1108,c6facabd74f476350b3efd53e7ccf6fe354bba0b50ac4e2a77844e927b8dfc85
structures_xyz/2724159.xyz,1432,75e812aa7a23bbc590f5067067d160cd86b2d3771f15e83d239b731e9c466c7a
structures_xyz/2724161.xyz,2232,7b4102ea7b2c56462a806e9988b62178b307a0f6d58a97b6621ae32a24a63a81
structures_xyz/2724272.xyz,1108,707192cc971cb1f9a61c5fb51fd30dbee91433dacd9b2966c7a7597f60daabfd
structures_xyz/2724537.xyz,945,b4611b9bf7f107e6764ad594adb779936138446f8da66ca039850f5de1f7f787
structures_xyz/2724896.xyz,1054,dacff8bb07d5d7c56ccfe33356c6136315b156f56608446b49dd13cedd611d8c
structures_xyz/2724897.xyz,1378,1360aa33000011870c9c3c99dd787fd788e9c55d0a8375609501ba42bd136e27
structures_xyz/2724898.xyz,1932,a5117c08160b0ec4ed5c214f9abc08024c28e91aaae6b04400f9c61e4cc83f4e
structures_xyz/2724998.xyz,1810,8e3b28d666e3c489cc35166259c0681ecba642cf1889560205eb515a67436816
structures_xyz/2728764.xyz,1864,559fa14b083b3b7f36efa1cd44711691b0ad7e87b455bdc2532458c4fc58bc1d
structures_xyz/2733294.xyz,1378,e010d65f9e612a1d043d749da91307334a2d232aa12ed0497c0a0085714ebbcf
structures_xyz/2733982.xyz,1001,303fb5f8890a23ae3bdcb935c465b447712a4ab8e619b71f76e31e6248dc29ba
structures_xyz/2734517.xyz,1432,86c676ff6cb5e9ebf649690f859d097d3679249d66538e36fe8e2ef2afc6fc16
structures_xyz/2737541.xyz,1863,c376525ade75fe546cd1a3bb3ebd69f3f1c42c3bc70064346cf7d768ea8cd3d9
structures_xyz/2751800.xyz,3808,46879241a54131dd7dad3582208d789a9dc967a58a888f3a754fa89eb8ed9af9
structures_xyz/275196.xyz,2944,723f5bc9ca007fb5e526f4b1077832eaf108c87ea39a8e8786a325b7f22ed40c
structures_xyz/2758.xyz,2229,aff423f4808ec84155632670bd15138c5b3896a88baeedc2e59ca98e8e2711eb
structures_xyz/2758890.xyz,1432,e76ef353fabc7a8c17579af54fd3ac3aadd621a3ddbba00e1638dc5cb43a6456
structures_xyz/27694.xyz,2455,4d6f636b15f29668feb3ad91351f576b3b427689c805a8c61c959535680cd1db
structures_xyz/2775.xyz,1929,8978df55d24bf92d7b94c8dc3398661ae384fa12b832d0a887049c95c7728e9b
structures_xyz/280225.xyz,1647,3d52dfc87b1bef8581fe666d79b1b800fc3090264e39c1ddaefdd8de12ebcde8
structures_xyz/28226.xyz,2080,1898fe193dc1e51d28f5c1e6d6f5f310bd1a80627fac734e6c98b9f74433c696
structures_xyz/2822957.xyz,1486,2f9775cf614f7e0cf75fd3ed525b6ae5974e168c6dae447f9b949f08af343e71
structures_xyz/28237.xyz,2980,967cc5edd5b44ce4c2039dc70f028213223615bc3ae202bf4019bbb181533cd2
structures_xyz/283632.xyz,3051,4677ca3b44cdd4b08adb3e55a3b4436931c105e4abf8fb254bd84ba2335b01b8
structures_xyz/28474.xyz,3130,307721f54fedfa88214019b4fbcfb764abf2e67b51ed8c65ab30201ac9d486fc
structures_xyz/28539.xyz,1630,9f7c86c5168c9a7d5fed5d4b7457f4dd3fcba9032e45bc4723649d5908891756
structures_xyz/28578.xyz,2756,dc485868a5b65feb6fd5f26b1130a0a09eae78bbce79da840208265f411fdbc5
structures_xyz/287064.xyz,1161,4405bef5b8eda640dafe2540681dbc25c9671ebc203e6bf26d57620e0a88710d
structures_xyz/28782.xyz,2005,ab7839ba935ea0195770ee222c19f6232f65ea65f022abbe947613f177bf07ed
structures_xyz/28813.xyz,3205,9e774ca9647e0748db89d86147b0ada49e073198fa753d20ceb2d3116e91ba7a
structures_xyz/289.xyz,1103,ad547f4d094e21d4745375104732e856e96e6f2b5e9efacd834194fc48cbadea
structures_xyz/292493.xyz,836,bf28930493d6b2485fd455ef54847a402b774c6fa0d363f3d41b363a25f7ded1
structures_xyz/29435.xyz,1855,5c79be2541efd58bf9f80d924843a2bae76952e8fe7ebea425d0c27bfb2b7147
structures_xyz/2969.xyz,2454,7ac98bd2639fb35607e690e7d41f70c38ab3b716d69fb7fa31d9d719ed322452
structures_xyz/299664.xyz,2836,26cb7fed4de12cef00e1b2fe8461beb841f87e57bd411a461733e3da1e091894
structures_xyz/2998.xyz,3654,1a27c7da9daacf506b2d4882d7b4232ed1769f81ff3ec2575cefa71621e80ae6
structures_xyz/299882.xyz,1161,e8043e76415c050538e56f1a359368b5acb2aa0d71dd43fbf2cd3e34f2c77cfe
structures_xyz/29995.xyz,1480,b48d6521cf46c4d205e0df0415543491989185759c494110c06a65851a123042
structures_xyz/30019.xyz,2680,73b25aaea172ca21d1e615b43803e1befa2f376882aaeba7a0db7723999515e2
structures_xyz/3002043.xyz,1632,490903d70f53efd0c98742507e5325c5cffa608fbe42f987dab09af4e28327a3
structures_xyz/300476.xyz,2295,bfae4413ede194d398c59cd3b7175f484c74343e5c2bdb17fec02bec40c4f03c
structures_xyz/300512.xyz,2156,480cfd025388865e35cc8ef9295458b8eb535fd212507c72ed6e2a31950f5cd0
structures_xyz/3009225.xyz,1972,94e69f7293318259488135391a9fc8dbb4eed4ed75b8aa2cbc3e837613d97be3
structures_xyz/3010930.xyz,2729,09024428abf73b75f064409c37fc55952b5998777193c75d4591ae2640013145
structures_xyz/3017295.xyz,784,8e0f26eb2f7c29327862110e2ba1e4f0dcdeabc9d4b28adf2818462cee3a51e4
structures_xyz/3023.xyz,1629,3d15c343aad60cb176c37eb2ab55b0b2a2fb68c53086570450cdaa451c401bdd
structures_xyz/3026.xyz,3204,c5bfaff6ec2ccaf98f96f409538a10f16808edf10ac8a54fb1b90321d382f90b
structures_xyz/3032313.xyz,1182,910ee784a994a4f000bd02259893d78d2883d8e860af88eab711635d747fe178
structures_xyz/3032482.xyz,5908,026d1e5c7422e2407506b0e9de8f84420fc975a2a3f75893dcb84923f9550ae9
structures_xyz/3033683.xyz,3161,0e611d28c26190e377e879a9f91c23ac76e3fb81924f358697338d0c73aeaf2c
structures_xyz/3033866.xyz,2187,317cb2abbf3417f67021a4aa2b62e49354f11383a529cc9933cab4193177789c
structures_xyz/3034394.xyz,3052,14a8bb8819a1cc3f305ad5fcca15900efb1ee8c2b218e968f43c09914cda9cb1
structures_xyz/3034656.xyz,1324,72df06f26e698ff9721f68f211feaa0591841a1a4d5221afd68b9d438d709a06
structures_xyz/3035728.xyz,3133,39359ad1ad8e8ceadbfe976593b3d1470383e71488ca1d5942409f75f26563bc
structures_xyz/3037048.xyz,3107,60893bfdfe09c4b429854a631994d16ffa2d66ad85608f2c5044082bd4f9be7b
structures_xyz/3037151.xyz,2945,e512912034844c3acb05b76ca806f99c10a4246756d709ed005b02f93be57769
structures_xyz/3037463.xyz,1757,3f87b0697b63e1e2b17e28d13bd1d5ea017fef3d58e5565c66ffad7527de8fb3
structures_xyz/3037556.xyz,1378,be8a0fb6284a30b60f290aadbb9e5bab1d0c3be521917ee3867d9e5f4877b11f
structures_xyz/3037558.xyz,2513,0b23044c5549362fd543dc056262001dd2c0cbd3105a07bd8dd1bb5f880bd164
structures_xyz/3037565.xyz,3161,e67e23d714cdbe48cbf784a92021c2c1ddfdd867d335ce4307c74ffba6a426e7
structures_xyz/3037582.xyz,1378,9e2439758c76ba7dd8e5bc95d1a9014eba78c729795d19fd37c962fc1253524a
structures_xyz/3037884.xyz,3053,643905c89b543dc8c01d6e787948459732ab65ce45701998985437aa9bbd5134
structures_xyz/3037997.xyz,2945,9db868bf9e75565f3b09a6b0060657b7c1d3ce8f249437b5e98d7e56cf460b70
structures_xyz/303855.xyz,1269,b02cc3460b2cfd17b7fa5d13270c2c5f8d38f451a00890669baa24b362ebab41
structures_xyz/3039.xyz,1405,dac23e03bd89549a53667e9ae7fb187e23fb7de05797b79388d27a9156b77fc6
structures_xyz/3041556.xyz,1485,13e7792f40868a81e1e7e591294ed2d43f4b4d92c89d78b3d40598bd40daa5e5
structures_xyz/3047739.xyz,2007,d10c398751ff3724b123ed98335aa607af2e481c1ba66a1098b6d8f1ee029770
structures_xyz/3050416.xyz,2945,5364cd3bbe2b9db5b329103bc510edca2aa0f6470007c5dfd461a76d5eaeef67
structures_xyz/3055167.xyz,2189,10f73a2494981faa21bfcb2bc36e3698ca882904164889df407f77b9823aea1f
structures_xyz/3058605.xyz,2891,0c354f5fee5cea90602d70979eb9f98bc7633e2b404ca58f34e695c45da9c082
structures_xyz/3059326.xyz,2513,88a45582261e279a0a3706fbbaa431ead2b8e9db0e97337ec075c065ef4c6e91
structures_xyz/3080551.xyz,2350,414cccee0925711635c0f8d338015cce42d2a2643bcbb2ada07e0a01c6abbbff
structures_xyz/308072.xyz,1215,b363081d3e28f5cafd62ab2fe8b5260cca30b1e4321ec6e61efb34ff78b08e44
structures_xyz/3081930.xyz,1972,a52e1affe6b374b718038f0531013f2e29f76b5d7ead7ec68b04961eeae1a21f
structures_xyz/3082428.xyz,2188,672134f0b541e30856872d3e917ff4979e6b07549f870ac79195c579a3024054
structures_xyz/3082765.xyz,3132,6544f8adf37ae4516eefcb8ff9b5e6a6b1f7b55abfe56f504484b1e920a27bbe
structures_xyz/3083438.xyz,2621,cd42759288fdc02ec858b113285551a0602241989f34120b9948339442251dca
structures_xyz/3083514.xyz,3433,7027cc6cb4d9a59f046d3a3c580c0aa04ec2bd74c79077baf8ea7fed3d73a2ed
structures_xyz/3083515.xyz,3958,23d60bb20860dfe9d11117780cb77a3b67b2aefd01afa357cb881ddcac269491
structures_xyz/3083575.xyz,2532,0581553f7ee9f49ff4e4ebcb67109c65b8054b16609e2978f3bde4e5b33603ea
structures_xyz/3083581.xyz,1594,85272d9305935fb1cb0da2df61498cd024874fa731a6e53182b35ab60f1a3260
structures_xyz/3083609.xyz,1810,56c36af9cf2df6c4340cc1096b1c94ad0a97bdcc62f6fd8f1c9c0170007f6194
structures_xyz/3083834.xyz,2832,2126304b25c3bfd7e76e820255e744115428d58e84e3b653d5f72728312f3803
structures_xyz/3083857.xyz,2457,65adf1c29fa985c27629d2e553a30ab2cbe44c4a27715fec07bf6272fe7b189b
structures_xyz/3083928.xyz,2232,55368f216534504f8b8a6feec249e1ca51bb55554df007e31f6edddc2b680970
structures_xyz/3084331.xyz,3207,217bb9ff14670f1d139ba874b4437c52423e20367867477a6c2de89ea6cd52cb
structures_xyz/3085257.xyz,2307,e8c1c14cb428340d743b88144f9ebec118cde0110120de1b2d86b9ce2d5fa23a
structures_xyz/30874.xyz,2830,b8d23e43bcc9f10029daffe4da4abda9c2bd215db048a0d218bab2311862f5dd
structures_xyz/30875.xyz,3055,ec9a164d1c5b5ff8ed8ade78426a5d5594e39c819ee88bf8611cf39ffb81a5a1
structures_xyz/30942.xyz,2980,07b0d2c05a25bb95fd6c5dfe18ec90cf01e4119d5baabbd9690b7d0f6f9c23ad
structures_xyz/31039.xyz,2380,5023d55ed191126fdef3d69e57cef3da998d7446e431b5f7788f5aa807110f84
structures_xyz/31161.xyz,2681,31381cea188a1c3cc2929d9804087924a8bf10edc362657b1384ccd06803a4ea
structures_xyz/31211.xyz,2155,c3a4b9a68e3de43f851d4657585225b6d58b31f70efb078ebfd9a5a4fff71cc1
structures_xyz/31214.xyz,2005,36794a2344fe81ec334ea55cde76003773a05190880e994c69abc85db1cbdc20
structures_xyz/31226.xyz,2080,1edfe980d0f46218194d312ba414d3e39aed308715118de6c9b662710b957bef
structures_xyz/31231.xyz,1855,413eaf44c48d2062a670d9a45c949d4ff995fff65f670f69dd13ad7d752ecb77
structures_xyz/31234.xyz,1705,686342423b3839b15c769df121abc08a760b42839aba0079225dec7fd4ee2dc9
structures_xyz/31242.xyz,1480,80d23f87a3aa89ad6254ae107202adcc0fa029d916f4a7ced5623ca0bd9d3abc
structures_xyz/31244.xyz,1405,158776ac0f658254c141fcfe23f37e2a213782e9251d91b11817900ce8aea334
structures_xyz/31247.xyz,1405,e96211be08e9b67a9ba6ea1019093f9eec603da08a69d3dcd652ad66e667ce69
structures_xyz/31249.xyz,2005,38df0008ad77d5e5004aae8929a2971d042f4b0960ed60fe2197d42f93cd8300
structures_xyz/31251.xyz,2680,952ba54418056489593081d7870a6805cb0b9785bc976d322c022b4f357fe167
structures_xyz/31252.xyz,1255,d10bc43d8e6b7ea89372f86759ce6b19e5400f8aaaf705f7789a8c9a37395d2d
structures_xyz/31253.xyz,2005,1732fcf3cb785f9264187da9753c22158f6388428999220b4ba4322cee8f5a63
structures_xyz/31256.xyz,1555,861c7a3d09f649b99a7d0fc9a6611818660287a59372b5e5c509350b247e3a9e
structures_xyz/31258.xyz,2080,648af1531544f45a647c941313045e288d61156e7f9d4ab4f7947ead08d0b998
structures_xyz/31260.xyz,1405,08f5bd159295682da8c8f3361d58535048633dce6867587f1b652036467b2313
structures_xyz/31264.xyz,1630,5a1eb0503cd4203b7ce1e031bfff1aa6584d905de164599f93d16e3ad8a6f00e
structures_xyz/31265.xyz,2005,b0cf73d865f8a6453f476f44a211613e04aba244c65a80e7b068a7e1ddcebf2c
structures_xyz/31266.xyz,2080,ab87cb47a608c30ec80d9d6843e420d5672aa8d54b73228a74811d2734f95e9f
structures_xyz/31272.xyz,1555,9ddf41b71eb7b8486acc6efcdd5867c52189722a4e76145bdb4967e5ba29ba26
structures_xyz/31276.xyz,1780,b11c5502dc702f534f29fac6a31cf08d5b6fdb1ad27fa90a0fb8ecda0c3d3023
structures_xyz/31283.xyz,3805,4eb0fd84ec0b9f838352e52afaf768d72c83d36d8a257dc8d2e3cf47803497fc
structures_xyz/31284.xyz,3580,43ebcd67c2ab44cdde4cdc89295e654e5fe765ced7f1d8a68c53490a5fe4c644
structures_xyz/31285.xyz,2080,9fdb844c29cf39ae1d37e0c1d5da1bdab98ee5e1c72ba3beb3ac906515fd6471
structures_xyz/31289.xyz,2155,f88ccf884bd77f2cff25bb3b1775583098c34f657596749f00aed1a8042940fb
structures_xyz/31291.xyz,3280,fe9248312c1174e1a1482bfdd8ddd0f6b25e5ff0e1513d2715741416e11b411f
structures_xyz/31307.xyz,4181,d83b0a3a271c8260038d30c59fa98022293346eed2f5bce9a88baa1ce6cb33e4
structures_xyz/31344.xyz,1480,903bd5a53814c740468161508e23776eaf9b6a04b0af25fafd501cce53bab4da
structures_xyz/31357.xyz,3356,81ded37097d7e5f6b026f8841a34a17153f8d0862c1d9937ec75353a8b155b90
structures_xyz/31402.xyz,4330,9b5e3546564bc1cca622b590b28b5409eb62bb0c899c4b212b24a2cf5c8cefeb
structures_xyz/31404.xyz,3055,af3d174fe20eca4a002babb9f8c30cf00c6fca085cfaa24dbaebb30918ad0b58
structures_xyz/31405.xyz,2830,724852fa443f48ae6869cc8447e066edeb92984f6ab364fd3afb6272366fb260
structures_xyz/31411.xyz,4031,30e550b61f13a3c3edf594db7a289e863dd7efb30fbd5c02963701708c561842
structures_xyz/31415.xyz,3431,32be3e14afb7da9056b50ef03467fa576c053d9ef116a226fbc768ae1e889c06
structures_xyz/31423.xyz,2005,448ad26c4520e177dd7b50230e6ba1311c94942a6881d7be720bebf32f5373e8
structures_xyz/31493.xyz,1780,23b5edf54eed9a55b3060a6f4602c1be28b6ef2d3267cceff17769ab17489191
structures_xyz/31553.xyz,4331,cad7afe04f9a3a72c3d49105ba45c2e4b92bf5e46c806fb693ef3b2fc85dd044
structures_xyz/31677.xyz,3581,4bf1b5b1285618b7a393b701e2f7cba284e686b108f7a11cd5a7098d9b826d46
structures_xyz/32045.xyz,2755,7911f41cb121276d63aeb3ae5e352e9a46bd75db2bcdcd8beeac311d6aec5557
structures_xyz/3213.xyz,2529,7171a92cc8d68c224c63ebd49158655ec8bbc47e56aef734507c31f3403399b6
structures_xyz/3218.xyz,3579,2c3699dc26034989b45082fdd921e4c4ff416c7bb7b9a172ccfe067baded237b
structures_xyz/32209.xyz,2230,b42fd338dc849683ddbee8fde05352d5c45afb5cb6546c6109e4b0884a61ae3f
structures_xyz/323.xyz,1328,d2978257c258312e7323a62e2ee3802da3d6396cc9765bfd94c3b4201f87914c
structures_xyz/325.xyz,1928,4ea9e06dbdc64b8de80c9ac00f73e92bbca8a6be3ed0c0235d892c494887c3cc
structures_xyz/32594.xyz,2005,cbeeb3000ecba48574ee111e2712b58996cea87067c9a097ee7695f4ba34ae7c
structures_xyz/326.xyz,1778,de3c067cb0349f34cf4cce2aa3e4b6a728078cc0553e6e96aeff938f2b6c461e
structures_xyz/32743.xyz,955,3d295e9b597bea903527554121282c517e711ac57bec16a9ee10f611cf1f11fe
structures_xyz/3278.xyz,2380,e4926b9d8a6705f3e2f158dec05431aae11ba05bc968b3c473ceba1ad353c765
structures_xyz/3283.xyz,1179,03ee3a2f963eef3798a03611d492c698ec00758f498cbf615ce25218d523b082
structures_xyz/32893.xyz,1780,cd561d6a1f01fef3236e9e5570c58e2509d2b18129e56a51c34e18c035ceac99
structures_xyz/32898.xyz,2530,2deba7022a88f637a2bd1719e6aeef1696f3997031bdfb05e5e83395b1766402
structures_xyz/33037.xyz,1855,6d9552c2d40b5ab5f1f5ea09617cc0338e8ae6c518c2f34dbdaa7d12b53f3b30
structures_xyz/330573.xyz,2081,b24d629746354f203c16aac79a1e24823c6a57946305a0273a8a916e3d9b9757
structures_xyz/33109.xyz,1630,c03e04bfcf116240143b18cbff61f46bd4327a09dc44fc4ca5e1951ab6c695fd
structures_xyz/3314.xyz,1854,a9a6f38c22ef2f902529633b8f1d9b991baad0bb9efbd39b4e55cae0f3369eeb
structures_xyz/33166.xyz,1780,f6ef6f933a897a72d59be5616f6d32a871640f301dcebd46996dcec2f99855ca
structures_xyz/332.xyz,1628,c5bf8df3b83e969f78bb11d77381cbb582637c74630ae36e03b0b6a6411e5902
structures_xyz/332427.xyz,3807,3c4172b5c7c5add98469ae5695ae935c4cd93c59cbe729a4f3290f78c2111ace
structures_xyz/335.xyz,1253,67230c19cae21bd50e19ab97301f713cf00a617afdf09e7a3a8b8da60eb2b7b5
structures_xyz/33588.xyz,3355,82799cef20108b9f83ecfb4fd06fc4261f471798c5ea2e596e02b565b5d835c4
structures_xyz/3362.xyz,1779,cccb77eb4cc7f769819b30e791d44583bd23bf780df4e153cf0e77692f730cba
structures_xyz/33637.xyz,1480,953b5035e1db0c7851f42eadb2f4185d3d26d5ea920d79085899bd7931bdfaf1
structures_xyz/33712.xyz,2080,ea521b9cd6e39ee8a14a7cb259aeed47b3009e04a37badda285eac74735d37e8
structures_xyz/33792.xyz,2305,42c7bfd58ff078364e2352140e791d80bbdff1455edda2a69e00a8898343002b
structures_xyz/338.xyz,1253,32850627a45f040f42685e1602fb898d786108b4f5185444e8350c7fca36f77a
structures_xyz/33936.xyz,1705,73fb660d1eb9dec46746ac3793e03853f02e80bc9d2e52739ae36fde0615b9a9
structures_xyz/33937.xyz,1705,74345df62d4e9fa1f05ea48b63c0bd54d455dbac804627d02b6d408173990d9a
structures_xyz/340.xyz,1328,781b9fda2a539cc6fa8f381d98ad2abd8b9176fb48d4f8f718f39a62784ba3af
structures_xyz/341.xyz,2529,d82edca65291a5293ff83b5c1993ab8f271b5131b75cb20a5aaa2e47aa6b2979
structures_xyz/34167.xyz,2080,d4dfbcb92862608e013057ca551288754293363ae3b548c9c51886d4f4c38aee
structures_xyz/342.xyz,1253,8a17761a867c3727bb86f1575c6c2b7080fa7f6e08816ba83c933eb1c83dbeb9
structures_xyz/34222.xyz,1780,3173c19545ed4858ad7936efe5c4323fc694d5a4b1449326e224b6eba25e6a87
structures_xyz/34225.xyz,1555,1736233f6623e457edb34ed790554f15033254bf959a6216a3738556775b9f28
structures_xyz/34296.xyz,1180,f72179d91da569800aec3edd615d72f7742eff44fae720229e8979ce0aa2cb5f
structures_xyz/34303.xyz,3280,39b4227ef8729ccbb51075b44b3885fa2d74fdde30b6ed0ea214e7c4115c8f2c
structures_xyz/34627.xyz,2080,e8cd64344d6d5d1a9d0a6668f4a706f2569ea74d5919a8b529e896a109780ffd
structures_xyz/3469.xyz,1329,72478b1ccf535f25eddc5ab1340948cd7158003a6ee4b52599201bcd207b17c6
structures_xyz/3476.xyz,5155,db651b0f496fc3b2ddea4062b03bc907d679208bb42d09700fb3f524d79befd2
structures_xyz/3515.xyz,2529,6b99e452cb820f108754bdc5eb4d76ef9e9a784f403686a9872eeb18492c4887
structures_xyz/356.xyz,2003,5738fcb612d7ff62e48fda6260e7e804091ec025000c9648230dc64bd9a1bc28
structures_xyz/35860.xyz,2080,882e3c4b8771fa744530912f36399d82ff403a1234bb6196e5fb15da8a00bc6e
structures_xyz/359.xyz,1178,88546c09dc25e09d2c6cda40511da9872bdfa744744e4bf2c22afcf914413362
structures_xyz/36247.xyz,3805,b186df75319a52185b2f2a3b50fec1472282c8bedaf3094ebbe0fc565f4648d8
structures_xyz/36689182.xyz,3584,80fe8ad742c770c775ee7eb5ef1d66098d88b927d4fb31dc15964a493c5d563e
structures_xyz/36744.xyz,1105,7364de1276d1ec74ba18ca6c9442378352a5ce0513ac4bc9986d913d08c3b6be
structures_xyz/370.xyz,1403,8d80fe512bcffa1bff682f6cc25dc3db76e6d05471a0cab796a42d062c6b6a8f
structures_xyz/3702506.xyz,1257,a655aa655fb225eb62ee987611ed08a730e26cf76f6e775a2b944d39f9994ad0
structures_xyz/37153.xyz,2605,9838c6d730a314b66923f6d164bd8a2d371175d531eeb221e2b82fb96500fd52
structures_xyz/372741.xyz,3506,9f17bfe6e29bc02c3477ebbbbbbe1ffde9dc89630867d65d59c5f207ac566819
structures_xyz/373261.xyz,2532,8218455757406adcec0372f614feb5927b9b728e63bf4c7ab8f7b7a4ca3b95b3
structures_xyz/37439.xyz,1930,c6a87989ba5497681fe50aac67873c55e9203bff42ab5a1dc98e7be71f102bd5
structures_xyz/3764.xyz,2454,86c34ff334a50296267fb3386fba87024d265e20e26fb2091b7211c38118df81
structures_xyz/3776.xyz,954,001fd6a921fc73b40061d77e3282920af8f71eac1824342058904761f8cecaa4
structures_xyz/379.xyz,2003,c733fc6f6acf2381d745d6bf5a57f7850231e630b525350c168fe70588b7e824
structures_xyz/3806.xyz,1479,8b39d6eb81ec61ff56d4c88b38cb8a745ed499133705452f06938b526f1f2f63
structures_xyz/3828.xyz,2379,5f4d9af123b3678192c8d0be9402a1bac68d13e985a908c9028dd1aae8af76e6
structures_xyz/38356372.xyz,3059,542ce93140897aa98dd56398aac0e54bfdea92c99950d27ac60c24c33d8f33d0
structures_xyz/3840.xyz,1254,69c907e62607dac78fcca422afa0891d65016b7794efb56037fe7937f9a3019a
structures_xyz/3845.xyz,1629,d4253aa422533b5c979e1e0306b9e21b1cfeab68b6c4ac7881fd61d92fa13875
structures_xyz/385795.xyz,1482,1a1096612c53d915d085f2cb245779a367ae3cbe6f0107962fa3c2c389445891
structures_xyz/38762.xyz,4030,c65d0dea6c28d9edae834c465cc56dff6ba67c5f437d9a2c30dfa40a5e145f6e
structures_xyz/3885.xyz,2454,15176a81f77ff919d2a68c6e1a23596d3f435861ad973b1539cebf19171236c2
structures_xyz/389001.xyz,4182,a25a9d57f681f023e00a987b49c6e1264ce4a287c59bc420c7d9cd7420f05353
structures_xyz/3893.xyz,2904,0e0b6e11f2e08d933eaf304032ae44f3bf2cca0fed175702db8a541b8d3e0285
structures_xyz/3902.xyz,2529,7838737b34283fc2965d5a30135e143af235cd5d459dc0b17be675982cff5bb4
structures_xyz/39539.xyz,1255,ce49e4c0e43e3cdbaa1f96817e1b2eb20ab8e668207d75fbbae068190e108fc6
structures_xyz/398554.xyz,1706,e94d8dd7add9addbc75598b92579926bcb2fd481412279c7989ec813f1948b33
structures_xyz/40091.xyz,2455,0929bd438deb2ebb5953779819c8280ad3bf2bb5dd687c450c85c5b0cd45e3a3
structures_xyz/40463.xyz,3506,dbb2e621ee579f396ad737a39204a3b0de6c73edfab8ddd7c1ec62c4dcef0706
structures_xyz/40468028.xyz,1408,24f0e5790f34a700faec41e600732b8ef113762330ec65bd05a0ad47a33b6ac7
structures_xyz/40469789.xyz,6209,b364b2ba2224414afa4e1881b9f25b7d1145ce0bd280e46138e3151cee4d2273
structures_xyz/404821.xyz,2156,a97c04dfe8f56cab50c7d2191411756d88044fc66f838130ba2326ea4e3006c1
structures_xyz/40532717.xyz,1483,c2014f2d30e3c6e99728a92c1d7c3ded9aae245f13422d94ea11594b212df116
structures_xyz/4058.xyz,2979,b25adc26525cec50c07d57e0c7fd4aafac25ecdd6d09664a190e7e32bf48dca1
structures_xyz/4076.xyz,2454,fa1b74d1bd64337aa1005ffeb1b06dd21a3e844d9eb9b7ee4c7c396ca0cbdda4
structures_xyz/40785034.xyz,2683,9845524bcaa9499e9f1582bb1104ae7513cea4d4bc80474eba07d4eb6f6ee376
structures_xyz/4093.xyz,954,328fb2105b8cf6673962f717b94560221537479821802e2d71221b472338141f
structures_xyz/41013.xyz,1480,8997a25b228448a63a2cb6ce11ed6618305c07a45142c18b23b62d4bbe8261cf
structures_xyz/4114.xyz,1854,1968d7f8165cf06a3dcd739ced963d596bcd341d0de57dcc4434fb0821b54906
structures_xyz/41169.xyz,3055,79abd93295a322bb8be98ec2ebcb26e305db8cd3a93ca38fbe32a02c84833a6a
structures_xyz/41223.xyz,1855,02683a6d7a5e5c464e920369b9636403df2ba24690c3863506e5e16f172a1a0b
structures_xyz/4133.xyz,1479,199cb579849a85e74dd017fcf519c5e4e168840380f8a10d769f67566f33922e
structures_xyz/42151.xyz,3880,cf36a7fd93c53157e52f296e3087541305805aac2413c42e8eb520fd205fbaae
structures_xyz/42607889.xyz,2759,c97d0ef833ee70b983e69dcbd169530945199f7d1459ad440792a3a5e4391af1
structures_xyz/42738.xyz,4931,4d6b8025ec6f182d30cef326c3f7789df4794f6764a531f39111e8826e9b3eb0
structures_xyz/4276.xyz,2004,20b1c520b2c4125a943124464d04f0210cbe91423f2fca9f93268ea477c9089c
structures_xyz/439242.xyz,5007,57fae31e50d1ca505953647e82560db5a532481677eef0e5c665a93fcecdfcfa
structures_xyz/439250.xyz,2006,48a9aa5c2edd0fc742c24427e4d50cf6134b939153b2b40c17c75128c75a339a
structures_xyz/439336.xyz,5007,51de238feaa0ab337cce5e4b05ca357c52ba029c40144207394de2a48c6689af
structures_xyz/439353.xyz,1856,ee2aee0814ae4cdb453d8e58a5a9d4e3ebf99c5eeff64c9131811ba1f71bbb12
structures_xyz/439503.xyz,2907,8f2f70860b8db4adc43d0bb174eddeb6652bf83ba4445d1fba07d07b9b7ad9a9
structures_xyz/439570.xyz,1931,7fcd33749f46dcc3971b4eb28efc29190cd3fb6d29e6014579584d74298cebf2
structures_xyz/439654.xyz,3432,84f150fb218b040d4cba32f375d9a20af38b8a739ce2a8308785614f9bfa2783
structures_xyz/439680.xyz,1856,3565bb2c1ea7ae2b5ba1b05e2d0d8a3197fe277848947f2abdf67d7617691349
structures_xyz/440735.xyz,2532,5a7fc0dd23e3d90a6d9c182023d5aa3861471ea751d86cb6c4736a5801fc5c03
structures_xyz/440833.xyz,2757,2f05ec7094c3407c64b14ca9c14d55346f1e4f73535d3ca11004bc75eaf05593
structures_xyz/440917.xyz,2006,c0ee7a16518c8460914bec15fe0041762262d0e96651e0edeb13b64b6f420219
structures_xyz/440966.xyz,2006,33d32fbd056861199d88e5fefbd4be56c73c354e74234e577ceec3ac6ab3318d
structures_xyz/440967.xyz,2006,a23e391db893cc697bfadb6defcea0972065e82eb0b9715dd5ab676e3536c3b5
structures_xyz/440968.xyz,2006,ab8f3a5648688bfd7227b9f219d02002d13455d1987557475aa4c6eae61dc368
structures_xyz/441005.xyz,2981,984888aa798a37572827b7cdafdcdb2860e9c582fa83e8a84ff571a229fb8d35
structures_xyz/441564.xyz,2907,0d5679be124dc041f94ef6d0d1a1aa102f129aaab3061252c60c51dc7be6585a
structures_xyz/441574.xyz,2081,4630a7aaa0e015dee1f14ee14d138a22448c02587d90739b3406cd0239acd1fc
structures_xyz/441581.xyz,2682,003c1c58d3fb7b73cfb4276b8e06a372d3591406721a4a84e9cc91a6e258dd91
structures_xyz/441644.xyz,2531,60b510a101a88a9db2fc97cd77d4c77dcb48f95b34ae60418a4bc90043f2a6cf
structures_xyz/441678.xyz,6132,1e8e2e205146a14978371cc877e016cee95124d097655eacbe78e49caff7b520
structures_xyz/441826.xyz,5907,1277c3f349526b40d9b9b3e9844a46a249e581a2508e31d18eebee85dad2a9bb
structures_xyz/441828.xyz,5907,5f0b41e5d803a0f1a9d54e8d43951db5e0e607535696fa94cb3d369447a62826
structures_xyz/441835.xyz,4257,e48e10cddfd960725c83d6c610a93a611cbc8d4ea87cde12c05be7509e50175d
structures_xyz/442027.xyz,3881,755abe6b3a3e1307dce6f87fbaef1240d42cc32268d39aa2bbb548da079499ee
structures_xyz/442134.xyz,2006,002ac0af4d0f0d0378dddd01980ec6bc2605e828ec61a73d11bee0c0a95e10c1
structures_xyz/442154.xyz,2606,acca372b65310d3e63f11bf228d8e4840bb7dd935dd3b4962e6950ed84200543
structures_xyz/442347.xyz,3206,72d26101fdad5bbfe702f787a9ccc4522e47374136ed440e1d157da184e985c8
structures_xyz/442353.xyz,2981,0e37fe4001d69034b7aa6835c7ab5152d9fccb39b6587b2149cd21bb7c216ece
structures_xyz/442360.xyz,2831,6dd545f458cc3e1d47b7cbec595550de9dfe63649565b069a54bbdc3ca34058e
structures_xyz/442393.xyz,2981,2f0e36be519638a897a08ba3e7cf029e465a8f598c46d2e1c572f799b8d23822
structures_xyz/442397.xyz,2606,0d0fd4f2fa0ece5934a4d02fe0253cb130e82e388aa939d28062d317150d8dab
structures_xyz/442461.xyz,2006,1f3a01438fc5ccbdd8ae165eea4dcbd047cc365c40e0dd32b61eac1af92f8348
structures_xyz/442474.xyz,2606,a674b3220e5fa867b30a76f29346a57f6d2575d426a5caa74a47fad6c2fca0f9
structures_xyz/442482.xyz,2006,f19c2a52762ba039af65e2bc1642f389870e5ad4c295cc067db8836160e61db7
structures_xyz/442484.xyz,2006,75801e2fc1264c3b7f66d60cded467ba5fb175318d5976dc3c1a5dfddab134ce
structures_xyz/442495.xyz,2081,75d15c3a16b888596d3a80b1af52f2b327f488adf207df186b64fc9396adec6a
structures_xyz/442501.xyz,2231,700f74bc8909cb29d863371d6cbc702e2aaaef8fd5ebae7cce60267b8395f302
structures_xyz/442510.xyz,3507,296174c38121fd7722ef18ed957135544b7f66dbb4ce38d4b4a62ccca32b21fe
structures_xyz/44259516.xyz,4634,7a5eb2b611bb2b493a4952240bbddc9f54047ca9b1a7e09316df037e3fbf3ba0
structures_xyz/442647.xyz,3807,7c556b3186c3d7e77fb102b5e67f6f54559669fc829730728b8c0de930d29dc4
structures_xyz/442657.xyz,2831,aebc8a149275786afa3bedd70230e30fe5ae4d73e19a5183ec601a0adb4ed15e
structures_xyz/442662.xyz,3207,2a5cd78b2dc9aa438cf974890652668c156d016e9a2c81cc15ae07524991ca67
structures_xyz/442668.xyz,2682,053df299597ad136d6265c987f1ec37dcde9872fefb52209b56ad7c0e73828e8
structures_xyz/442695.xyz,4557,3f49957017e61139f4048e1469f265a4e116730a244ac9f601bdb220794af8ff
structures_xyz/442702.xyz,2456,f867d6a961857b6f7f72199cd966636a9908d8469913faa79dfe6b980277eaf1
structures_xyz/442711.xyz,2831,90ec0be2a0bdc927fc251cc1b3be78ded4274e8f1e70d9156fd415dc97984bc9
structures_xyz/44272391.xyz,1483,4f55f7c83d752cfe989b5e1e17d419e62d2a73f3a96adf2748073f06b8f7443b
structures_xyz/442761.xyz,4107,45e4e4af5d292a00c416b6026316776396c7ece637ededfaaedb5f2d4f54fb8b
structures_xyz/442972.xyz,5382,d2fe1a35ed1457cbe0a99ccc686141ef353333390e9065484e07c6fc2528a080
structures_xyz/443144.xyz,1931,f631a25df41e0052c31b4bf27643699d8d6361c1f4977838022858825e06fe6f
structures_xyz/443156.xyz,2006,001c8e5d2daf129494cdf5c483fbd11360a78125042cb181f32c62cd1f323afb
structures_xyz/443158.xyz,2231,cac42faba6fe44d476076aae9d1785945717f7c16ba7c1243e23fead5761bb9d
structures_xyz/443160.xyz,2006,22ee8d131f172d0a194c0d50e8db6a40265827971baa9303cdc877b7732bcc06
structures_xyz/443161.xyz,2006,187a65470174509e95abefde765f3b8d18ae4348b954de9d7c4436aec489a7e4
structures_xyz/443162.xyz,2231,68726f1b92035de7bc15fe7425a5c430846adcf91877a0adbb15e99a871206b4
structures_xyz/443177.xyz,2081,61b8d31114f2499ed978ae6b7e01837543d66d629aec08de8026fcb34c9d486c
structures_xyz/443178.xyz,2081,bf9ef2185f05ce96411ebaa80cf3df287962a83be6f54353ad6af804ffc268e7
structures_xyz/44367445.xyz,1258,b703c2ec3d20b3496c2cfb261d3375497c3741ba49bbce6ee59634ba1e7ce913
structures_xyz/44392570.xyz,3509,5da5d0550624be0fbaa626a7275ab2b95634851bdb7d4dd3ef3d20e9d161559a
structures_xyz/444173.xyz,1161,53bc076274e7c1530953b6671d04fc01297ec725429f2024084eb8c39baf3d7c
structures_xyz/44422964.xyz,5917,bf9f2ce267a6a73eb21ccf901cafb8a489d1f9e9c7cd860abeedab56f58838a5
structures_xyz/44422967.xyz,5971,780c6638b91d08689d76279c6471485bbd0090922b217c76d1e7356cd47a996c
structures_xyz/44423020.xyz,4296,82df6026f66d8962edb679cadcacfaf468546537efd8ee86a48b9f1435b32e8f
structures_xyz/44423055.xyz,4782,3e63b2279ee0b193c22a100e92be41f08c15b8a0b0dc01e2f3cd719206eaff3b
structures_xyz/44423103.xyz,3216,170220def4b4d4025be355513d2b0e3d31113b132b82231eca05df84d9baab54
structures_xyz/44425165.xyz,3434,674870e0b492e02175ae8bdc95836e5f88ac43758a284dd068cd3aa292aa8a02
structures_xyz/444266.xyz,956,b53883aa0e7ac303c4b3fb4cffd89544dacf41a61e5e3dd44fe713980006a826
structures_xyz/44428631.xyz,3432,be4907c52b8a91dc344015ba88ff3f9c517d7f38f49f622cb5e489cf3421ea81
structures_xyz/444294.xyz,2081,8ab7f1e69033837f88b4855fb034623a14e5b2ecc91b5d3053c001b95a235587
structures_xyz/44437692.xyz,3659,5f0d898db4974d30148449f726d3a5fbd1235d0da156b9c2b64a1c5926ace5c5
structures_xyz/44445519.xyz,1649,8ab4b54d95c5b5b89011c231ac8f9101c175d26dcf60cb95e04c9635ffa0902a
structures_xyz/44446884.xyz,2190,b668539d82aea9fd59aa6079a79ed4de9b18b1270011f04183c4ab1b09cdbcb3
structures_xyz/44446897.xyz,1973,2832a2ade3b4c11971960fded77f4662a300d9b1114381b562f9b325a024f1a1
structures_xyz/44448179.xyz,2134,d1da24f89ceadf3bd56440eb4470ff24f8dc6996e6903e4e3f747ee18f9b124a
structures_xyz/44449940.xyz,4242,c2c422a98835fdaacf62621f3d19220bdbd317f13d1ef57404764e1cc4abaa38
structures_xyz/44450001.xyz,4350,825a6a4236efb5a625537590b1c2d400d10cadbcb37201ef4dd7d49bd7dd3cfa
structures_xyz/444539.xyz,1481,d7b83c207bec9b36dd6dbf3bf59b6f506b91fd649367c7e250d77deca375dec2
structures_xyz/444637.xyz,4781,3a7a876c17d84de3b661ffbe30127dd2a1e70966724e3598178c40d0c4e37f22
structures_xyz/444679.xyz,5532,6b5d08f11c51090dda4c5d35f768d91aaeaf1a8a3a2118f4506d405b37e862cb
structures_xyz/444683.xyz,891,cec2b1f8cc521496a414a4152bc724c0f42d6825577cdbc93cf3481eac5d16b0
structures_xyz/444718.xyz,1269,7c843742716c886feae0325513e2d958ca43ac9dfcf140739b8596ec1bf93e11
structures_xyz/444791.xyz,1323,68ca3eb41a3190444308da3c271d904c668d2fce47f626aee5b7b4dcb11645f2
structures_xyz/444899.xyz,4106,a19f9338b93194e5c9080672d5fbe1599fa607f8f2482475b3bfb034c4b1ec9c
structures_xyz/445070.xyz,2349,33fdaea376f76c5541330165f32d6046c02f511d3d032ec6202f72144f612112
structures_xyz/44511380.xyz,1488,0280faab24de496f319b7cb11aecd85520bc8a0bd89b759a6e0e1ba2f53a79c3
structures_xyz/445154.xyz,1645,cc25471f27c0814a0bc59f63cbda4649bf22861acbfe41e4c922cf821f8c9510
structures_xyz/445238.xyz,1539,dc13be5ddc0e0e4781858c5e6a42fb0968a7f74709aa7304afa35e7afc50792f
structures_xyz/445354.xyz,2835,ba3bc7a1191ef778a42c41e1197ae1aafc7fc0a7a708fe4a4900feff3a343a5b
structures_xyz/44554791.xyz,5322,cd59e267e9f23cb1d346b8d582341c058e27893fc3d74b37ba0aa2ef5a645b5d
structures_xyz/44559084.xyz,4620,398c7ae1ae50bdbd4646469bc5e648dfaa44a1f260040dd2e763af4d29d2d98a
structures_xyz/44559616.xyz,2784,c6d00f850d469a0fad9cd4622a03de962b763daafedfcf633113a411f4455e3b
structures_xyz/44559751.xyz,2297,da2033c905f33aa24c4d4d6909d8d5cd28678745533a0c96216566a4be6444ce
structures_xyz/44559946.xyz,4458,9d5921c1ee44d2b2f8ae3c4abb318b8561193b88048272a9ec1f9e16fd8e987d
structures_xyz/44560846.xyz,2351,e659ecf3735c0b02195b344f85b600fd18db2f760b1001e19614624262b5d021
structures_xyz/44560847.xyz,2243,282e4877314858cb32e62cb699f2acb956908216e101f820d5bc97849831b110
structures_xyz/44560892.xyz,2405,38e1c9bcacc02fe4e7636d928de3bacb7b090d77b628775af3635e875648892b
structures_xyz/44560893.xyz,2457,fb1b5b53305a602d820fd23405897c2581fc1d90d17faa8ab98ffde3eaaabcce
structures_xyz/445612.xyz,1161,dc824be84f2400607e4c9a0369a42944f9081e3d5221b8486367ea696aab83f2
structures_xyz/44563121.xyz,3216,4e9822ee5de6db80b95f6aa235bf4d68cc66b3ca1369bcda60d7285f42693e26
structures_xyz/44563159.xyz,3432,31effd9ce323c4d814426b50d4a38fb9974de1b867162352c17b38659ab115e3
structures_xyz/44563198.xyz,3594,bcf775ace5cdecf5ab81b29e851e3998dd5f6c5002f82f1c0bde8b538268f957
structures_xyz/44563331.xyz,2082,0c00cd1077408c8d115d152bc3d5369c1daf1e063399420bd37f525a4dd8831f
structures_xyz/445638.xyz,3656,f2917c539a3ffad3527ea645b9b804e470c017472b8490cc2c875c5a26722e2a
structures_xyz/445639.xyz,4106,9f56046cfad011368618cfd85649656a5dd7942d13c2820b190ec84e9570380a
structures_xyz/44566559.xyz,5268,47e581a412783ece38e9e4404ca979a16beccfa9937e2306d31e25cb1cc7f6f9
structures_xyz/44566587.xyz,2838,9e859085d5a0615b7f596bc3cdff81c2f5e7b4ec0c78839cc71330e5ab982c2d
structures_xyz/44566715.xyz,2405,4918af4408621fd8fb6369329dcb435b7d08d427663d8c5b55724cb0c47c2172
structures_xyz/44566900.xyz,4134,18981051399bdc0eec71b679126202adc038a85939cbc031dbe6ffdb67f428e1
structures_xyz/44567180.xyz,3270,91863b4191c856ca8e2e8be71ded2ee37da9912e468ee1374fb9d0e740dd7cef
structures_xyz/44568160.xyz,3000,a73fe5dc40e149db07a2748049f90d0df1c7439bb91de6d4c786adb33cdd7263
structures_xyz/44568920.xyz,4511,5135b0a53cae7b73f06849e7479ee455244989672e67904b7d09f30810799338
structures_xyz/44575246.xyz,2296,39a9fd330f8fb7349e1ddd444b052b62342d33233e4ab8b0606af0cd5431d598
structures_xyz/44576009.xyz,1783,3a25fb42c9e7aaec52d5b38e42811a4b5e767934f1f560ab921e27438699b089
structures_xyz/445789.xyz,2081,3e0b30166e8769e15fbc81f666b73357d6d1b0d532ae6fc0b5e0e32615c9a138
structures_xyz/44584096.xyz,4034,e371ae67dc6d645276f0ac5a58531977b811e38a23f0c34dcbc734e574d81e7c
structures_xyz/445858.xyz,1856,b558cb7460972a69e8ba2b7f32f4e2dc1f3db47724542a038eb31f328e64f732
structures_xyz/445929.xyz,1323,8a1b7f0ba3cc71c5b383b5205147fd7452ffc573ec62ac18f1c08d03a5c2e769
structures_xyz/446284.xyz,3956,2ce2db5db9741fa88a1ffb3eabb7f59de7dba341a1fc900388323bbc7c27a1b2
structures_xyz/446575.xyz,2242,d1b633457c294b03447035be9f79f0379b1c52d7b50d6a7b6f2848b3e9ee4c47
structures_xyz/446626.xyz,1214,d1f31e36280ebc78d663dfa540bb6953007b3abc2ce099868728cf2b19b3901a
structures_xyz/446834.xyz,1431,c04208a54d38492d59d33dc13ba65aad8b975e1058027426b10d067c05868a8e
structures_xyz/447466.xyz,675,58ee3dc37101f98a5cc849f1504cf3437948c43831ae66ce5ff429407fabcca9
structures_xyz/447765.xyz,837,c18c95b16c6ab29b3cc5fbf90c7f4a692a2f696a2f8dd465f40a3c5bd2a0c648
structures_xyz/447805.xyz,1215,a635f5f1f3aeb7d77097a460a45ea302e8cd2049a1b107ff299a496bc6de1239
structures_xyz/448437.xyz,5374,44740ab62d6bfa95037290b4dcb6210049a2940043911bae903c2794fb10b45a
structures_xyz/448438.xyz,5483,4eec69c3d3ecffedd5e16e0d65690a7f3e1ca3c5eb1dbf31b211fba6e9a5077a
structures_xyz/448893.xyz,998,8c506dec8b84732734f9e3cb742dab42ce9c56e4e6914ec77c61e6ae70528082
structures_xyz/448996.xyz,2006,d8d4b09b892d2c9e9bdaa09c79ef76f2e342ed5e23d6dd416f7b35e7b0b5d00e
structures_xyz/449023.xyz,2026,95eeb3ff72e1579ee4bb0e1aaddd042392f0a295a60fc8e3aaf502602ebe41f8
structures_xyz/449093.xyz,1647,07878290885ced1dc395cf2fa46a5aaf8fc19f9e5bc9728988e5d5abc56e3bfd
structures_xyz/449293.xyz,1431,5ff6b1444e7918aa80ae134d7f8588c743a62f1924705457b616b12878b84a73
structures_xyz/45056.xyz,2380,22fb38aa5868b4a06bf037c1a9f73a5e53ce1b49bb31bae202ee4c08bda39e52
structures_xyz/45070.xyz,2155,2f1559f1cf27c38a62f5c89fe3ea2b4ca224ecbe84acd719de3cd2c5dd2285ad
structures_xyz/45082883.xyz,1408,94fa51ca4a131cf98776ee4be437b848c5747ba4316aecb6df3e25a414744fad
structures_xyz/45269053.xyz,2946,ec303725630ce2aac5f689aa67e492db52867c341b5a5c2269587605e2f6dafe
structures_xyz/452707.xyz,3808,ca4c875ad244b99826d8f40d5613170dd8a4e8e9c6758a50cd5e785125389b1f
structures_xyz/45272262.xyz,2891,748039b0c364313aaf8e3ecbd3474721dff2c6f5f2f301a79649a036d92ce1c4
structures_xyz/452855.xyz,2890,379ca75ddab1fe46d69f33d6be8b59692657b1baab56367f51f14e189119c512
structures_xyz/453548.xyz,2456,b00c71ba1726299774516ac1da0f25964e9e8d07a99f10be51c9b2bd610c962e
structures_xyz/45359754.xyz,3270,c952b4fe7dccda716e26fc2d2731f2cf15d35692330b5646701d6d49a1ed6976
structures_xyz/454.xyz,1928,62de96309b268591273adc4db28adf6367c462a85ecb40f5ba4803b50e9556d5
structures_xyz/454740.xyz,1540,7e04fddcb25b0550e9eca9ea5c8ec7a2a4df164b06df021d50224f9af985dbcb
structures_xyz/457300.xyz,4670,1d728e8c4850bd286a7df707df0c2b96a5864444a93cc0eb5f4ee025cf658b8a
structures_xyz/457801.xyz,6057,eb86d43efcc20aa5fe1182048645408f10fc0ed8ba060b1a677550c4fe14aef5
structures_xyz/458010.xyz,1971,9d56ba95ec0ee66599757d15484a9919ce57e335b5d491542c4ec65c961fd936
structures_xyz/458096.xyz,2673,1e7449c8ce2d91172badbad4681e23e03bdf707addc84ab23445d10814b33fb0
structures_xyz/460.xyz,1328,3937e799a475c10bfe5e333d22a5ec913465e0dc3ab4f0a16de7cc7f2910cd54
structures_xyz/46173921.xyz,2983,47f3f57e95c3cb14623c10fc738507350c7c49a6a75b92e7eab4c9253a638c65
structures_xyz/46173942.xyz,5984,9a1851da1d2a874477ca9cb706beeebeeffbf01e0e68458c893217f444ae06e6
structures_xyz/46173956.xyz,3208,0b31223f4aaac5cd39dfe6f41841fcb234fad8e3f1fc1032da4cca70e29ab0ec
structures_xyz/46173973.xyz,4109,0ce772d8d4167a74d389624a1da8c36d8cf9d106d2dc6c9f223888dc2a6057e4
structures_xyz/46173977.xyz,5609,d01f8e6ab94763eca90639acd6ffd85d8221bc84d6933bdcb30e6e28068755d7
structures_xyz/46173999.xyz,3659,f0df79a4a0a5b4f81f08708a8b3e18e7c38111d584c28d68bb6495cf6d560b68
structures_xyz/46176013.xyz,3509,7e76a81a4601656bbc0423dc2856dcdd1ab6b6ce88029bb3d9199c8910ddb392
structures_xyz/461835.xyz,6207,53034d01798e4794181376b37392fb16c308042c432320c2a7ab845b16e2b851
structures_xyz/46184319.xyz,2834,ffa0dcfe19a55a1ff0f92660f3d0fe7b3320e66c2115d1519985df33925c699d
structures_xyz/46184561.xyz,7034,75027e4690d1aa1b78cdec28b1e9d1846615001b2eb07d045d0323f4cd299663
structures_xyz/46184563.xyz,6434,57c64294ee64a8e4490229634c0d09f43f9f3348cb559a42054e45eafcc81a6e
structures_xyz/46187187.xyz,2608,62bde95d507a5b740cc2cc36a5b6ac9e1c0419f8d6d2d48ac49267acaf589546
structures_xyz/46190394.xyz,3958,2767138e3c1a916cf79a13df0b90fe6f7d8ebb549413a8d83143ceaa999a5c78
structures_xyz/46191017.xyz,4634,cfa930a175fb0d7dd431ec771e02cd12269c2cdf54c225e3b57974b7dc80561e
structures_xyz/46209782.xyz,4709,4ccf06475e4a14c8ad0a89ee11acc075a934b0ef640ce3d0b51f6f139ec0dd0e
structures_xyz/46213118.xyz,3283,7aea0c5fef239af8075f82f553e25ea311abe7e75d4c5f33ae4b244387e9772a
structures_xyz/46224610.xyz,1858,e2d80727db869165ecbf433d43209f747342040be72698d183a21fc7fd9a7f36
structures_xyz/46227138.xyz,3659,809f60e23e798c6ab8693d722cfcd109d98e07dd81b5f9ddc07ed2cd49a713a0
structures_xyz/46228348.xyz,3809,f3492b49a0737e8aeb65336d2b8732a128724cd2f0b907ab00019c15b6e4cbb3
structures_xyz/46228396.xyz,3434,7dba11b9104247e1a7dcd921541e4bc1ca123037c08646ac57c5a6e6fa86711e
structures_xyz/46229015.xyz,3134,0739e3e832125c68e1d79837186c5fcdd4bebd6881ad42f2ed0caae600fa9f2e
structures_xyz/4650.xyz,954,8d4c6f0c07c4b9a0e29d5d6eb0964e3f6f0f7524d14460e2e33a95dfe4f566b2
structures_xyz/466155.xyz,3957,2bc897fd4a6206e441fd165633e713dba2f30fe27bf3ed29c06a28a37fd91a0a
structures_xyz/4680.xyz,3505,6c5b106c250a6027b68b396ef4e99716a5adb91fcca512b1583ee7aa1eb41440
structures_xyz/4684.xyz,1029,b093d3f98c9022443e01a3881a8daa25256acde278109fd578e41354caafdc9f
structures_xyz/46845277.xyz,3884,cb66ad0c1b728677631ff6613a89a0d6683420ec617285a9a1cc1c8621ef765a
structures_xyz/46881044.xyz,3659,c739adb300824831c99912bbe34a7a70840308e54dbafe87cce903ffa45203f3
structures_xyz/46881075.xyz,2608,e61c43ef91eeb4bdc36232def911a256f91c92475522f629d3e96921a9c8b3f8
structures_xyz/46881076.xyz,2683,710217a33717c0649f513a8792d6f8615aef5f46df5ad0aceeff3d690628a53f
structures_xyz/46881259.xyz,4409,78e9bf494e524623e5c8977ef3149893b96fa8190ab93104aae108cb6ddc64f5
structures_xyz/46886154.xyz,1558,d8a76aa9d52bf7172c0cce65cd9662c3a4379fa794e9ead07ebb0c1397a486f2
structures_xyz/46886730.xyz,3209,5d948eee7237db532f2e4fbc20d4828705e966bda05665e328a9ad33ce97c210
structures_xyz/46886731.xyz,3134,f3a23f28f30a26d14c98f953d58f077b2631929d0400f81bcc0208aa3bfa9f7f
structures_xyz/46899140.xyz,4409,fad32368ae5bcffc1f377003107036d9cb9e10533ed735f4c8368f654cea6e69
structures_xyz/46901319.xyz,3133,d880bc8aa76b9086825a9d82ec2bd4ba55a407ec038001aae249fce7a296cc88
structures_xyz/46906384.xyz,3359,c8aa3fa77dd1f10391366e8db273f3403716953cc8d4113295306a40c185d244
structures_xyz/46928317.xyz,5309,0dae23c5c319946a3bb17ed1aa01461eb5e51e1d2e1c3c36f38f505457a34e56
structures_xyz/470970.xyz,2756,8cfe2eecdaa29d0ab527ba35aa0fb0241102a52212d58be60dc2dcbd29377ea2
structures_xyz/471007.xyz,6057,5bbc5d5c4e17f4aa81809eb86e3f1f0bcc2fe543202cf7af825943009e05f92b
structures_xyz/471008.xyz,5982,73e25fbab2a2f5221d34028df552e1364bde808a5f0cbaf8de71768863fcb3fc
structures_xyz/471114.xyz,4407,f1e857587c8518b2cefe6078707e18d5b48161968aa67c1f05d8437df07d2e04
structures_xyz/471118.xyz,4107,8f0daf1fba2a8295dc496c6ba425afb4c8f62af792a13119b7cce2fd75f4d8a1
structures_xyz/471393.xyz,3807,da161d205651cc17b62b05e2a33417e94e1c587a82601fe63032a89f29692087
structures_xyz/471426.xyz,6282,d972ae3a19cc42d744ab9beafab2903a16f11a5b862fe3b42d25bc3a0a92dd1e
structures_xyz/471719.xyz,2531,50fe511f29e4a80c5665ec76c40e20d007bb9ebbdb2366068f7a17748a0b1bdf
structures_xyz/471722.xyz,2757,c2c509c988994b628ed6fb44724e71e746128c451ffb4fae2d15118a24193526
structures_xyz/472768.xyz,6132,4097f71844a2b6e7e08426c5858625d5ad590c3fd6afd11dac64788d9cb101a5
structures_xyz/473252.xyz,2681,56dc2c664d858147366592773111839fdfbf7ceda7c98c3fea9406e8dc0edbb3
structures_xyz/475412.xyz,6057,7c10950c7c8be4d15acfd9489aa6fcf92dca91f12cd620e2f27592394a1a3af9
structures_xyz/476486.xyz,6207,be17b614aa6cf626523c619aef32e172a9a5acd53d49c82cc67a3b64d85e319d
structures_xyz/476856.xyz,3807,cb6ce5e6066e6e822ff9e52685529635170d14bfbbd447eab6684a8e6531f6b5
structures_xyz/4788.xyz,2604,04e8cf02011187934807c739f47b7626dd2fe6deab40eaf8788e1352361344dc
structures_xyz/478835.xyz,2681,a9afdd66f141543c527be6c036cf77d7d2205d7211395b84cb184c8a05a1791f
structures_xyz/479497.xyz,3882,944bf6976ccb742afa7e57ea4812137db02cc46ba6fbef6d39a7bb5cf0239f3c
structures_xyz/479500.xyz,3657,17380389731e54a75810abde43bd820655524b9a1f763d61c099644de0ec241c
structures_xyz/479502.xyz,3957,71911b40189f472fda051a34e9a8b9812809db2dd75ace636a233343cc7598ba
structures_xyz/479503.xyz,2831,f862ffe308ef85fd4c5d543efecaa96ddf89b8b06e122e5c0059c6aec1f513eb
structures_xyz/480774.xyz,3207,4d9ef6750b7f8b644c944957b4747fb7d211fb55b4afecad7e7faf75f149a2cd
structures_xyz/480777.xyz,3657,8f4023736616cccfe60a8401676f9de6f3f92c360c6c789c96a357a37117cbb1
structures_xyz/480780.xyz,3507,0c87288a4e12c707e8bb1c464bedcebb2da1526ae7c0eeafd70e21236792155f
structures_xyz/480783.xyz,4257,417eb30bc388b2450307524b615e571ac9338f9601ad044fd227128804134c28
structures_xyz/480787.xyz,3807,4f20f509c0eb0334bfd1e51a563ebe064e7203f4efdc558e179d81e14a2bd2a7
structures_xyz/480802.xyz,4257,56ca4d07e83b69de43e68c2ef095c674b99f68fc5b5c2c9c0e04707b27d71e17
structures_xyz/480815.xyz,4407,33201b2f471a6042c025a8f1cb63125dd59ba9fb33edd30d47064c58ba3f8bc2
structures_xyz/480816.xyz,4407,16b2b9ee6f1418a6539e3c6830ad935a00ddcdc18191c8075c2addd4c38987ca
structures_xyz/480817.xyz,3282,ac113ed93981064c1110333871cf84cf8c4f1879e173cc39a419a18c7dbd6042
structures_xyz/480818.xyz,4257,9194300d4715eab1f3bf947e21250ad48cb8261ba33fedd26015cd581ba1cd31
structures_xyz/480854.xyz,4407,2be35fd7b30d624770603848ba7753e4ff1daec8c0dd40b17d2ff194f3b2a68d
structures_xyz/480859.xyz,3807,80f1f52889af9b5c550fafc7676505814a15e8c935d341f6adb63fa0b151924d
structures_xyz/480863.xyz,4782,2fd78433da829e970c9e7bdbb1a09f2350350974dcba46bae95d7de4266d0698
structures_xyz/480865.xyz,4782,cc80498687cfaf9f5fef477a157eba09afe8073675d9a30384f7fb2049460ad7
structures_xyz/480872.xyz,4632,6a40aaaa6a988bbe5ba3fcbf2d9b770fa525c8b72f6a3c7fcc577554cb69f34c
structures_xyz/480873.xyz,3657,6dcaf1e0ad75325a4f942af61142f5da8ab1b8fe54125f29932e11c77afa33bc
structures_xyz/482788.xyz,2906,be8aac6c6d8b8f9950498625cd1574702d67a756a3bb1dd3106c57d9739bce2a
structures_xyz/485077.xyz,3432,93c946ec048611483dca9964bf96828f77c44d4a760429480ea4d4779c05cfb3
structures_xyz/485711.xyz,6132,ad646be10e86f2c15b9484c054f0c7b6b63d4069144d7987d25ed83edf9b565f
structures_xyz/486612.xyz,5232,30889a0d63fcd62f9a92de75fcbbaa2a68e3476e9f6ce0cc0e06803510636fb1
structures_xyz/486614.xyz,5232,d8943b879ae19aa8c7821e4aa5cf5e2a1043ea58fc79dd35bc60ee84548a0523
structures_xyz/4886.xyz,3654,1d7294508b6da2b78ded4bdbf9f57360521050ada11e5cd405580bdda0ce6231
structures_xyz/489920.xyz,6507,5af6e1757c6a3eb79a689866eb0212617a9e2ca8c8dac59f5450ed33c4d7b6f4
structures_xyz/489922.xyz,5682,53d2c425b9cf77e41ed013a6932694112595e1c2754cf36817b9780f5f3cc97b
structures_xyz/489948.xyz,3957,4bfa3e479af37afd48f3f408683b5439a018aa59233e32c4be813063d0321d2e
structures_xyz/490365.xyz,5982,a3b991cd24e2338403842c03907ba7f621709504af3aeb8d3331c5b7b1e958be
structures_xyz/490367.xyz,6357,fe14576238d3be7ccc838a5fec0fcfad0233492b1d5e641df98b17361426f8cc
structures_xyz/492218.xyz,3731,86d3bbcf672a9b19ee2115825b50744a03cc5c9e1f9c7641b13fc23181d14e65
structures_xyz/493570.xyz,3582,f89afd63ea6911c4a09d97f83abf6240a97e513add72197918cd6a6a32db1ad3
structures_xyz/4944.xyz,2304,8e01e131d01912f115b90af86a08a18323349284f72c18423d4bb36e6d2d5e3d
structures_xyz/49775368.xyz,2458,027ed84176df07644aeb821b845f0cf817c056a3e46662565dda90adb2919ab3
structures_xyz/49775370.xyz,2233,89fa5283430c088c7f8295ccc53e2a98a0bfcff9ed1ffbc4d781ad23644bef42
structures_xyz/49836662.xyz,2308,c8c02b82179b5bcb3dd1922f3b27255a24a2f321bac711042330086d4ff642a2
structures_xyz/49856081.xyz,3659,77f04edfd9baefb935f2fe4ff30a15f4913569eb3559c4213ebb75a1190a6e6e
structures_xyz/49865664.xyz,6359,bb98cbf883ca1c7ef071781c9067a27198116ac07879cc509b9310fd51c545fa
structures_xyz/503731.xyz,3432,962a7f11865f8d084931bae44fe6cc98040d72af90ba91b01baf8e050e3f5e08
structures_xyz/503737.xyz,3957,7c1a7d18b010fc005b8485ef82038d223c2b33154879f73395ea9252f0fe075e
structures_xyz/5054.xyz,1104,b3f6e3c74ee2ca2e851ff27d14b7885a908b05d03e77edc548b45a0500cb760f
structures_xyz/50591.xyz,1330,845ba6939f0ecf4f648e3e20b5de21956da6d91d05e308169ef5b02261cbdaa0
structures_xyz/50904881.xyz,2233,1e5ca80abf1984e9c708288af22334bce4d3307012cfe25d8b463d2b042a6b92
structures_xyz/50914217.xyz,2758,aecb05d88c775b26b249c7d94c769eca04b602a63f8d9186f69fad446f015cb2
structures_xyz/50986185.xyz,2983,d666b39905d6824036b64ac0a840937b8d20c1fbc98fe814e7456fb6c4697f62
structures_xyz/50987499.xyz,2983,b729f4e0b37e5d31f6c2ec5859681179f7711c338dfe57a867430f2c6fd763c5
structures_xyz/51.xyz,1252,a8f5d2b1b5be07c592068d5b7b9cb9a2a52dc39af36aec425b08192256494742
structures_xyz/51106.xyz,6581,5f185f741021605df08df69322408d7136ef174aa8f341319dff57109d231e8b
structures_xyz/51340198.xyz,6284,aa14f38af96c0ae858f60d3e3e6aa6f70d07f18c07eadcaa0420c2c926d8fa63
structures_xyz/51340236.xyz,3884,bba39782b8dba8ec065ce3b26a6535f0c8cf44dcfee488ee88a05544429a83e9
structures_xyz/51351709.xyz,2983,7470012273ad7932a7c33eff0455541d9012a0396e55b5fe4c7e4a2b00da97f8
structures_xyz/51380898.xyz,1484,a45253e4bdecbb31596aed3c66410ba5f5825869eada6af15a0132b2b865bf98
structures_xyz/51380903.xyz,1708,2e446e149cd1e2a247a4564884e1d9f14bc966cffc644685bc8ca1d8349ecc47
structures_xyz/51380995.xyz,2833,2e1990c3c2529114bb985ac63df3141f4b6bee1f3e6da1581ef94923c2b87ff0
structures_xyz/51382654.xyz,2233,de0496edc3c25715f016a26dad9b734bf25f109f1359f09ddfaed15b1c728311
structures_xyz/51394521.xyz,3208,21863b413e179e362f47ee2e29196f7146f290fa14c3499718fa794eab1bc3b7
structures_xyz/51398127.xyz,6509,78f7a2a870ce6d3e3e2078cb7032bd1c169ef6b1cb2832ab73fd9a0a9c6254c1
structures_xyz/51407984.xyz,4709,11803d417cd4ca6f2c9a36fb0b93ad7c86e6fb56d27d40786fe2c18f375d4c74
structures_xyz/5144.xyz,1704,eac2a7bd6ee02bd78834d4299d839357f6ef9e76c3e487d1e216635728c30578
structures_xyz/5146.xyz,1329,2c9a4d9987aa5f4ab1849f1077ad8505d70236e97775538d2fb102f3d55db330
structures_xyz/51521444.xyz,6284,0d46a77751690970e5523f0d9be4ad252aab59825a15f645a8e3a680f742c2fd
structures_xyz/51522494.xyz,3509,b637bea0eb80de4de786f00652bbf752026778ff8cfc77af6722e33ca298099f
structures_xyz/51531966.xyz,6359,8eee233904e228f5d5e7e41043b36b75bb6bf171a833f41f1eaf6c9dce10b84a
structures_xyz/515384.xyz,2832,82ea1c99a5a8f543f9e2177379c5218aca315da30dc51c51df48f26ae29c977c
structures_xyz/517733.xyz,2906,f0628506afc210e8fa23af1281a50bbac325aebdc0c4b026e4881af841b86de5
structures_xyz/518986.xyz,2156,d84f29777c04d667bd5a60015930cd0ff8223ed313c335df45a6fdc55ffbabf7
structures_xyz/5192.xyz,2454,3bceed11d62001a682d7d488b72052ccb4af97a23bfadad3dc4d48f167bcd895
structures_xyz/519324.xyz,2006,ce72d6ced2f5b153fdb48667a2e20e8ed0772821df89055e30e0250cf7d0864d
structures_xyz/519382.xyz,2756,9eae521ff226a50313fe54311b0f1c91e378fb909b076f0c1c5875b94f6ee8bc
structures_xyz/519452.xyz,1706,f95173565ab6cea3083f17bd45ea5464c88a34dea131b450cc9233afb74e2aa0
structures_xyz/5202.xyz,1929,258fd5e9a6518746c5dd6deb2c1fb7dd7a277adf06335feeab1c0e993e37ad4e
structures_xyz/524508.xyz,1331,1ad431ee1b01b0b56d5832423b0b24a23e9cf310dbb16c311e2cce4279acd033
structures_xyz/5257127.xyz,807,6e845b94a996395723e9a922e2c69d96f4c53a1606633bb6233386e9fba6aba9
structures_xyz/5270603.xyz,2382,6a9bce28f3eb522a7f09a2f4f6877f16037208a8b69dcefa596959e7a2ccb863
structures_xyz/5273569.xyz,1782,d2e75c8e92cc8a01b7732ccf85147861493d218fc67fbad4e6ff446698a94182
structures_xyz/5276890.xyz,3883,c338866a09d027c1f88bb767337a5a3b6415dea1e789a9427e33e544dc6183e8
structures_xyz/5280343.xyz,2458,9cb6121434d470d3b75fd37a36b47d2df326389ad67bb154b904d78b94207311
structures_xyz/5280372.xyz,3508,86930192d7082d2964b72c04c7481bc60f25fab1d5da1afd03e560eb6f1d81f4
structures_xyz/5280442.xyz,2532,24d9de07043f712789865528585e4d02ce1e1cfb939fab43839e26c8c46d3715
structures_xyz/5280443.xyz,2307,c65f95381a30107d53c91dbdfb4c4b612c3a5ee43e861ff5cb69d55ad1c2257d
structures_xyz/5280445.xyz,2383,2511a4b448707ca8b9cbe038680c0846db22e1761e1f97614b3b6055b6061d34
structures_xyz/5280450.xyz,3957,ed43f822c5190115f49dbc557b42e9384504e6275713c43e71cd6119b0f5c1b1
structures_xyz/5280460.xyz,1707,c9dee39b8a05db2d681682290e38e560b2d04de1420c097e6ea849deeab9b321
structures_xyz/5280489.xyz,7258,b1b7c7c13b6bb001b0ea69816de4beeff34ba2cd91b7cad3c54aa493ff4389f2
structures_xyz/5280536.xyz,1782,d3f9f05c50d752c9362b7b874253e83a09dd1aa6aa53c5e8903c0b4fefdbe12b
structures_xyz/5280637.xyz,3958,971d0852b0bb6e83c5bcd6569000d50301fac45d674ee9bb568137140acccc77
structures_xyz/5280666.xyz,2608,cc283cad09603919e4e9f3b3d9f83981cfd19c6d659e36a686d198d749f9cb2d
structures_xyz/5280704.xyz,3883,c917979e85d5733441625ba9b052a17e34ce62253fe2510c92e08bd86ead40f9
structures_xyz/5280794.xyz,5908,5f69b08fe849e250479516f2fea025f59fa85df356b44d5d9ad198017e3e3f13
structures_xyz/5280802.xyz,2082,a176853011fbb0d5ce87f6b20162bcf8d4c3e6f5a65e76bb9f8a5777f03e9b3d
structures_xyz/5280804.xyz,4033,494089df3d2f28a3a056aba7928b14da355418c1e0df3a57ae1ff98a8fc880b3
structures_xyz/5280805.xyz,5533,e7925e89d28055f73821b5e35e1e045bba73f82c2491ac646e10cab9a06ccfc6
structures_xyz/5280863.xyz,2383,b615c5e82c64ad17fa56d041dc0f19bcc194aa8c99da6bdd205f281df7d84d85
structures_xyz/5280934.xyz,3807,1fc7aaa3b69b73568b33d8a784dd581bd948e46006b422735e1ac4f70b517e66
structures_xyz/5281168.xyz,1332,c43ea80807967aed69f1f497ca265e035637300e29496501722a13083df9de77
structures_xyz/5281330.xyz,5908,fbc0b7609eacf8eb483337229aab3e5d4ce2e4e8c6f7277496a802d9fb7d7708
structures_xyz/5281343.xyz,1482,be635b0f993688d728ee295d3f9e5f7b05a232d20108b1ceef2989973e420785
structures_xyz/5281416.xyz,1482,6c268b44ac9836a32afd60b0dfbdf1c4fad908aa5a37d3149aeb5cce6309849a
structures_xyz/5281426.xyz,1407,e477dcc7f837febe8878b711ddd61d928125c37b172ff72062c0765f87292528
structures_xyz/5281433.xyz,3733,e01052f4b7ecb465f9b52b1163f5869c7162774ac311651fed647cbb25e7199f
structures_xyz/5281515.xyz,2982,653a904c3e95f848a0809a9fd03bea07a144bb14441f23c328335febdaf652d5
structures_xyz/5281516.xyz,2982,d55d63a97e67f58c7229336a528475e44041218e0c885c93b82e46de25cea777
structures_xyz/5281517.xyz,2982,4a9139aff47c852dc7a34e6313df9f7b2faccea17090bfecaeae6b54e98f3ba6
structures_xyz/5281519.xyz,2982,733b8f274b93d0fbae9d841cb9de804d80f5d5f51360752fbbf12ac12a811617
structures_xyz/5281520.xyz,2982,4cceca5d2f18da34aaa9d47a74f09abf3ab3dd352060022649d7a80fb0a8065f
structures_xyz/5281522.xyz,2982,36be24c2ae0242d6b1d303f5af7f2f63a1506babc1302785cf67a678b2f8e73a
structures_xyz/5281525.xyz,3207,7894c03cec06b107df08ee35fc4db8dcf2a6bc05e283cf74a3488b3e6feae5a3
structures_xyz/5281553.xyz,2007,95643cec296014df1fc55aadd5c0d97d260bee844a926a99778c96948acca259
structures_xyz/5281559.xyz,2082,66aca6ff72d1abf20e18a82ac1a20aab27f27fb7413cf8b802b6de0c967a9d59
structures_xyz/5281601.xyz,2758,1058c4aef9de985c745b3418a99209751f4f1a0908a37c4d226f01c2966c0fbd
structures_xyz/5281605.xyz,2307,3ceb82ef897837832360a82b197f15d5cd80adea5699344f9e8eeb92e7e8f45d
structures_xyz/5281607.xyz,2232,b8fe578d8d2fcdc23e14028ad216c71b2c15fce14445ba323d60adf59fbcc5d5
structures_xyz/5281612.xyz,2608,0f8cae94eb12e9547f71841d66593df245eb6104797327303bd355caa74051b4
structures_xyz/5281613.xyz,5683,ed993a646f386c83161ea83917c3ebe488472c34e89518dabde66788d68bf2c6
structures_xyz/5281617.xyz,2532,c0fdfe5536e56e55cdaf880b8e3f680ad9ba8ab9aa518fb5b1828884eab08db1
structures_xyz/5281628.xyz,2608,e9fb60716a01c5b7c92e8043369a9fd24ccf50e167ac7b59bb8976bd53c4cc44
structures_xyz/5281643.xyz,4033,22c54d134f24276731637adef47720fb76490e700e426cfd8526c2bc1267ddff
structures_xyz/5281654.xyz,2683,44c8495b1a23a234ce7a9d025d16c7eaca568260cf4253268b7bdd4bc0f3ce38
structures_xyz/5281671.xyz,4183,1232ad5bea6dd3e56c7e02be14f06c8d0d94aa98a0d1f30cbb8200f3549fd57e
structures_xyz/5281691.xyz,2683,4827213914e916d12684475c7be269dd26363fbcd84e6cde9c849e6f2ef963cd
structures_xyz/5281697.xyz,2383,484e6a885adb763fe97f3b7efbc652eb9dfb9d59d6e94472ff4f9f3048fc7e0f
structures_xyz/5281702.xyz,2908,e990a1c829ffc11681b4e17b9f28036351b34e6a36ddf4c0193ea06c01116d60
structures_xyz/5281703.xyz,2532,f635f668d9cf1dfa99b448523a1a1e35c67278bb6b4f75075b157d9a38880c74
structures_xyz/5281708.xyz,2232,50a4def734184d347d2e808d4b09c3afc1e873df278e6b32883f411a0fb5edf9
structures_xyz/5281758.xyz,2382,031d16ebb3ea30fd5dc0288523a5ccba68f0ec5af3b5f144a6269022b6e739fb
structures_xyz/5281783.xyz,2232,b3a832f383645951fad5f15e3e050e513d30d1c0a44e9acc701fb7ceeb415e3d
structures_xyz/5281793.xyz,4408,dbb627f8b6f61341d25fbf9c3e7da046be1e8dd14613b6cc1042737288e1943b
structures_xyz/5281807.xyz,3808,6df3d6894b6323a9f17b9b087b80f8eb32088c808fc7a57099bdfc6df1513fc6
structures_xyz/5282102.xyz,3958,55e638420be9724bf51a3ca5786a9bdd8fb0a27b3c9135118592d1162b85d271
structures_xyz/5282457.xyz,3957,c949bfc680936b24be0f14d319c284e696b499ed7a187649e8b61463e941bf77
structures_xyz/5282709.xyz,1632,904c4409f1e972799d794b054cb54b6cb40469f33246ad9b75321dad7be103ea
structures_xyz/5282714.xyz,1857,6012f9609f6b6045f538dddf58337bc3e9204e2989e2a76abe060c541adb7f47
structures_xyz/5282729.xyz,2757,b8d3ac22a3cc1f90cd387dee5ec68139327313971dfb49aa78252c0291e7cca9
structures_xyz/5282745.xyz,3657,69d25cf9da95a9acff71a892aa3925c0f40e5a2f1d9b47c4c72d7b9ed067ab34
structures_xyz/5282756.xyz,4107,04e4876dc24b03f7d5faacffb7d9cae8d3d8ef31e01fb3bb27588b9345d68c42
structures_xyz/5282800.xyz,3957,c5a23887a759fa96af67814e6896f26e55be84a42010fd2ad98a6407ee3a1ced
structures_xyz/5283316.xyz,1557,5444ad95906d1d755ad9a2369ce35a06170933cbd022c2b3b47929266bbcb806
structures_xyz/5283321.xyz,1407,e379bd79483d82ea46e6c6e794a4652f2fe805c12061c569e12bc8edc2bb7dc9
structures_xyz/5283324.xyz,1782,612608edc8810c722b010b1afa1829dd1ff98dd4fa90abb5ec133e26fbb94322
structures_xyz/5283329.xyz,1632,4099e1b4ae3ed1ff334f30bce35a2174a70bccce31880baa6b0af624005b9739
structures_xyz/5283335.xyz,2007,d72649bd8c8da332a55ea81273c0946d8cce91bfc66eeef3fe4d441ee9b34e1b
structures_xyz/5283339.xyz,1857,a9e9ff9e2b34be5d3a5f780deadfd9be67e51a009bdceeabb85775a7033ab156
structures_xyz/5283345.xyz,2232,f11beabfb8092c42c6935f433d9608d501061844b98e1916a7ae474b11ad3ad4
structures_xyz/5283349.xyz,2082,358380ea1075512e0b2e1dae07bdf0585c8dada9302a7a03247414e86e4aff59
structures_xyz/5283387.xyz,4182,2120fac508caec67e528ec7f585a5a4275008a8818d65d78fe33e514790cddc1
structures_xyz/5283639.xyz,6058,6f8ab19d9391420db4f03b5908e3785e68737a3f43480626d4d850d227159f73
structures_xyz/5283655.xyz,5908,1eb1eb96fbf725d7889d1f14e350a9867f7611a7526e78b1616d7712eb21a612
structures_xyz/5283663.xyz,5908,b63df3c026790b2670295dc7a8172baf2531b527494d78b3062848ed17c2e98c
structures_xyz/5284421.xyz,4182,f40657c2d2455999b1aea6487dfe3b2e9c3720c66b6d7427985e4ad96517fb21
structures_xyz/5284499.xyz,4182,4b305f411befce304b5365dfac943db77c2e715d6ed30ba84bb45e8d67fbebc7
structures_xyz/5284503.xyz,1482,ce225be84403e9820e0eb830c7a1b8b74cec4c6139c72065d2788ece2ace4016
structures_xyz/5311110.xyz,1557,ff4a1228a815dfb6a3cbc1e010cc433830d4644f87a7a3d225aba9e6cdd5503c
structures_xyz/5312435.xyz,3882,422d26769f9a3259795b7cede9aa3f10e13b3dcf1fd8f65263bf8448a69a84bd
structures_xyz/5312529.xyz,4257,b99e987f5fda18eb7233be2ba658ee4088f9fd3e1da11db9adf941ec518d2f85
structures_xyz/5312586.xyz,2082,6566552c1314e3549d77ed7a69634491eb19e1e26a8859526e0b736e50a3edee
structures_xyz/5314753.xyz,1707,d50c3bd8c2017f8fe101fad86b7e914fc29c3d22fe5e3b3b772e473969ffd83e
structures_xyz/5315862.xyz,2307,263803f24bc905ee867685b94ec785ca9cac2ab2162197f8f6250b9589f3a8d9
structures_xyz/5315892.xyz,1557,3751ebc4478ac65207babf85d5a53c6982e568a0019699c1b14f9cd2f9aaa95a
structures_xyz/5315978.xyz,3657,07c90535fbafb3ef2dfa3908da44aee0085e5d301b3753eb759528277fc0b066
structures_xyz/5316141.xyz,2007,7bd3e33a25822a84b0712c9e94fad81d9511f52b87c842e47a8f2443dfd2529a
structures_xyz/5316200.xyz,2907,339495bf2bdccbaecca61240feb50b0bceddfeae16ddc54b68e868f205e32aa2
structures_xyz/5316800.xyz,2232,c5745c53834eae5a22c5327144dea2df9cf5e0fb0ff3b7e24ee72d8511645c51
structures_xyz/5316860.xyz,3808,465f06a5adfb3bfa88bfd9bcf9af0c4d72a7b8b8e978abcac204ac84f9aa4383
structures_xyz/5317025.xyz,5608,82c1e9fc801db89da6da06a5f1898fd3bfc5296eeabbf2f241395ec94cefe898
structures_xyz/5317045.xyz,2007,cea890fdccc231e6ff5d57b0c6fec65d333fba1a1b7d48bacced344a0bbafb96
structures_xyz/5317247.xyz,2607,6481c74ec9db041c53149cbbe0c5207f4084cc7394a83d791244b54ae4b8c80c
structures_xyz/5317319.xyz,2982,ad84560433264537e03526cd944d061c745c53375370a8b62444f5d02f52e314
structures_xyz/5317570.xyz,2982,b29bae8baa98d200ffef17893fdeba9780929261b15ad7006ad9040a51e2d527
structures_xyz/5317844.xyz,2982,9bb384538323adb3c23e7ed350bf34948cdc6bb160bfcb44fc46c72e9053c3ef
structures_xyz/5318017.xyz,1707,47c9c0e3cbcafcd7252eeceae754051ecb65f9ddb2ea5c07d72eb638f438fc08
structures_xyz/5318101.xyz,2982,ff44a05e5f31409bc5708158e2d1aa1e79cfcd7a7f21016533d453e2a09d4fa0
structures_xyz/5318102.xyz,2982,51c5821e34691d62e595469912645d187df285aca16eb08075c6575acf9cf696
structures_xyz/5318136.xyz,2307,7c21ec30063b4c49e4cf91a047ea7ce837df22ab2a245885fdd8d1955a3bc8ab
structures_xyz/5318214.xyz,2608,783f4c5076abdc8d0ba4f7458e80c8456d071278ecbac692b936dc721f4596e6
structures_xyz/5318290.xyz,2757,179a917c950be72d951e859aace38de893bdbdadd775a2d9eb0c57e07b85e578
structures_xyz/5318350.xyz,3133,5c8eec9d29427eea80a8cced3c397832906d5e9acd822dfd5c2b11c142496e06
structures_xyz/5318432.xyz,2307,07124dc5c35bd4549f16535b833d44a93915217d8fa64725f42ab8d88b3fc8ac
structures_xyz/5318433.xyz,2307,51d9884ca927b38b488a0c9500a1524d08c6068d67317628ed324094aceb30ab
structures_xyz/5318434.xyz,3208,345688848b4c04b7d500db576f5008071f0a2417865786969796d498243926cf
structures_xyz/5318624.xyz,3358,ee65cd85afb374fd5b9505171aeb8ba8fcd1ba255f5a2886df477e6a5954efb3
structures_xyz/5318635.xyz,2982,15b94db1e8fe565e24835107f95d972b0057342c87ba54dc1e5e331129485470
structures_xyz/5318645.xyz,4258,64d9f7333c705a3071a2f717ce62aa4d506e56441dc1589fe5ddb4cb34568ca9
structures_xyz/5318663.xyz,4258,f35dcd872aec78f7c768e7e2751b104533733bcfd5f9136d7dc536eba6ec30e6
structures_xyz/5318755.xyz,3958,85f9978491eedf4e92300f3dc0bdd748746da9113149d183ba3402109f45f98b
structures_xyz/5319252.xyz,4333,ac0f3af9cca09294e4bc90deba59224a32c8c945a3b5a080a3222cb5fedbeeb9
structures_xyz/5319323.xyz,4108,a7146f389873a02ef71a648363406edb615fcd2cca8a75a11d0d7c291895841e
structures_xyz/5319562.xyz,1782,ea1b5b7857d29b359d4648d9eef743ae1c19e9a5d37a4cefb808d9e687dbf5a6
structures_xyz/5319706.xyz,4032,d3c9d75d95d08766f4895a2a2ea1fe1e525726a35907c504a39be317cbad4539
structures_xyz/5319835.xyz,3283,b21a1dbf780bd402d60d696c90c428569bf927f4f5106aa7a48979a142a94a05
structures_xyz/5319836.xyz,3283,d2a3e28c02f38651dd23094997a99a5772892eadeaf5a5c6ed63b6ed02ac3fdd
structures_xyz/5320066.xyz,2907,65a66422afaf8df79e1eb08c0ca015a75d166e36df5c5c3e22cba0b377f2e36d
structures_xyz/5320113.xyz,2832,74d2aa70b1193a2b363df1fa06ef82d61309892b23d298577cfb361188129e87
structures_xyz/5320114.xyz,2382,8fb88cead2c2b3777e4fd99790760261f3035d7ecc5c0add71eee8e62fb85725
structures_xyz/5320377.xyz,2007,d0c0f916c3b272a1715311f76ec545473b7a9296418c76b85b24066c8c19180d
structures_xyz/5320945.xyz,2908,aa31785572506d05d8ec8bd4c6c528a63fe2b9b10b2865eae016a326fbfdd6c9
structures_xyz/5321620.xyz,2983,f5e9e4ae8c762c3b6911d50ea11d7e36fbbdb586de8a43f9b5b1a669756460d5
structures_xyz/5321864.xyz,2383,8d21a996f1ecfb99f5e0c629e2048eb517c0d9a8f2f850e9c99b98dc818aadf9
structures_xyz/5321977.xyz,2457,3a98fe5d9e7b3f07a064aca57a6ee87e8851047c5d6528fb1d3e64c605105cad
structures_xyz/5321980.xyz,2457,cc1442299a9812cdcfb87574e91d2056d06347362dc676bf4527975037d115b3
structures_xyz/5322079.xyz,3583,4d851589803f1185d7bd922dbf6d2ea473e91b6b1a9b85f4f0adeacf108477b7
structures_xyz/5325830.xyz,2232,3e03a38ee860d22df41bc7abeee9a99b9c6cc9ec37c3a6ff6b264b9e02162e2e
structures_xyz/5325912.xyz,1632,b2aedfcddc7d03f2f34fcef0fb87e3a04960c86a09229929656f2d00c2f37427
structures_xyz/534587.xyz,4181,a28a7121291b0ceb2333d231af4fc950a62a7266a6bdf15cb3ca6fbb025ebf14
structures_xyz/5351234.xyz,2833,eb38d4e2540175a232ea4c4a8f03927b3ef8b82a12e6a82e60520b4944301162
structures_xyz/5352001.xyz,2833,7e40abbb174ce95368ad9475d17ea697517bad1301d7f50c4acb964f856f67e7
structures_xyz/5352437.xyz,2982,ae995fff4d3070ef50ba79a640e6231db567f3b5bafc2ad615a0d7da37e34cac
structures_xyz/5352899.xyz,2007,f7b0d9f0916ffc536b5ebbde21a93b5eb00de389bb4abe4be4eb6b654f91586b
structures_xyz/5354503.xyz,6433,1ac48eee326abe93388beeef4b1e1ea6d518615fa4cfd34daba502a5edde9ab8
structures_xyz/5354833.xyz,2007,2748bd22894b9f37e57002b72bbe08df528af9cd64182c3fe310179a485d6534
structures_xyz/5354834.xyz,2232,62a15d1cfbf25aae3ca215ac9e6d900297fdbd26d087d50a2f5891249b7ae0fa
structures_xyz/5362616.xyz,1557,493c22135977e535b73d97399e3db59c131be34207e9d9a7ec312b258f68989d
structures_xyz/5362701.xyz,3507,71e3bbaabfeb62d120e3507163485dacbca014d0d3926a1f73042c41f7a8b208
structures_xyz/5363229.xyz,1782,87c393b6df000717cb6898fbf924643cea0a9f63900726f98b5281bc8cc7df34
structures_xyz/5363535.xyz,4107,298a8e2f758f09bbe338ed50b37850e1b2291c5c8ad7ee659e7082f4e62de080
structures_xyz/5363695.xyz,2082,6f55f150dcfcc75ce52b8324f32a06211c7a6f655c16065c0a1a10cdc6acbebe
structures_xyz/5364586.xyz,2007,be07ad7f338b4d8657131e0b55ccb5f4c9a68bd33edd04578ca46e5339fa4be1
structures_xyz/5364660.xyz,3207,1c077e08c143b6d05482eb494e230d5925f7ac768fad3fdc6912a615649262ac
structures_xyz/5364941.xyz,2157,ee9537ee700d24397ad7f04c5ab16fc0b2bfa8d8fb31e381a2e57327a29df29b
structures_xyz/5364952.xyz,3357,00ed5802408b2323d1dc45e40731a937f5eab4067d311ece229af6f7d31b0d93
structures_xyz/5365682.xyz,4032,348bff0ce64dd63fa75ea7c2a9f2149c775db9a05e9c32149b9fa56b68e29ffe
structures_xyz/5365710.xyz,1932,8fce279196ef0ed6ab6a330f77b5cca792185239635ed3f89ffcf711c8c2c9bf
structures_xyz/5365891.xyz,1782,df624aed80021cad8f013a684b299b324caef53a14cc45cc5a18c84a8881ccd1
structures_xyz/5367412.xyz,2232,47897b59de579444e90b351ca597434cf8f90a8053c72207b0b00b0775e6c33c
structures_xyz/5367530.xyz,2532,6edf86e5f4d6fbcdf8ff3300f6e68208c3af4f13c532a4d69c973955b7a53526
structures_xyz/5368821.xyz,2007,dc9a7f6b304b3fa954b53b67504bdc4f91cbf49f6f0397118c2e4634e48ab182
structures_xyz/5370101.xyz,1632,389e2dcf056f72c96ff72e8595dd2dfe19a5567cdad9c4f783103a7f664ac316
structures_xyz/5370646.xyz,1857,15981636e73dc84041e4bdb165dd6b108dc0d49a25c3e68d16971f1253dc17a9
structures_xyz/5372817.xyz,2157,fd3a98a7aec9d952a36f45b567cc3f2a56766aebde3234b51e2ffb44aae4bdb8
structures_xyz/5373941.xyz,1932,28652b0f34b3481b83bcd8f830c982972e72a68ae31b9952bc530e58f6c1269b
structures_xyz/5380905.xyz,2908,bca0717bfd2ed6a804075324ab131570d08a67a9ca54b3ca317fbced56527ce4
structures_xyz/54162047.xyz,2083,f9d551d88001bd39b0401744ae5b48f6cdf1aac53a923d62c7b087ea51737f96
structures_xyz/54219265.xyz,4183,6549a2144123d4b121e767196a307bb4e1af1b01a7579bf35272d5fdc266a519
structures_xyz/5429.xyz,1629,f1baea779dd879ac72143a63c490f4044e9b4ef026fd0ef6b31c97ac52cd2945
structures_xyz/5452236.xyz,2982,ed784700705f0455d7a96f8b990c8f79e7288ebec24870e305a0834b5abc73ae
structures_xyz/5459840.xyz,5908,7f182920376be751c2779b4f70b53546967df73d6e2a5f47e454dcfd21963930
structures_xyz/5466139.xyz,2307,bbf50147143e4f1395b57bf9256e2bda156af3ddd0f1b00f8bd4994baf29ae8a
structures_xyz/54670067.xyz,1558,afdb317fd0a0bda25e1d7e6a62eec60419d8181f006d4ffc79c9a5d015d20609
structures_xyz/5481237.xyz,4408,0a3ae58e9162051d58e859a6b0ea8c060ac6cdd29ff8f78c773de837f52be2f0
structures_xyz/5481663.xyz,5758,cc40d544def20fd586940a79290c43754f9c2535f1f7a917fa229606f589960d
structures_xyz/5484202.xyz,5908,7b48bf831f428e5e678400003af04ddfdde6e523da91973a8269f5b339bd2270
structures_xyz/5489485.xyz,2983,cd8ee54da5c95bb6718c47ae229da00b986b78fa912d3cfaa55795feac42acda
structures_xyz/5490127.xyz,2457,04eca6216c0e65d8a1cfc92dc4d0501518e7f218c340b533fdcdb93beaa6bd76
structures_xyz/5504.xyz,1854,4dee6b07dc43fa73fa3adbf0216effc1ff2844c8916f9737391cd90f10c4464e
structures_xyz/5541.xyz,2229,187b39c3560581cb21e0c199d1366bbe58e8dfe19ec44acc16a8cbbcc7834057
structures_xyz/5571.xyz,1050,c0dbba096b495829e727809e957364eb51de52fea2cb379e1d47d5f4a854f43d
structures_xyz/557916.xyz,2156,0095d6df764d098834b6d76572993d2ec3252e20c5c4032f4e8b116f92d5d659
structures_xyz/5585.xyz,2229,840b9c5ca4b84c0b719434d95ead59189abec02a64b786b05461f9d587f2984e
structures_xyz/559169.xyz,2606,44323eb7206fd003a89531c7bbb2e658305d4e2bbfa70b99f9e1dacdd6835c71
structures_xyz/5610.xyz,1629,2ee4b5625de314a7f7fb1918e025b2982be6075cd71c5589d79117e8e2d042bd
structures_xyz/5634.xyz,2529,305cb67267646c7c2c871b4e3d976d3c657c7086a03fb475f46002a0b1762626
structures_xyz/568.xyz,1628,4c9f05484d8ad92c79512b8a87c43efa0b36612e38fc6639a5533eb54771a20d
structures_xyz/56850102.xyz,3809,ffc6f7a679127884a5867fe9f7e8d0564d331fafd66c4b32e01d122a67a906ed
structures_xyz/57346156.xyz,2533,a284c5298f8635618f075300351669505dc58200bc92c933efe981c107acc8a2
structures_xyz/57358160.xyz,6209,aa76e90d3f92c14adaee24924631686199d0a821415b933c0038ac6197de57eb
structures_xyz/57411980.xyz,2983,f2fe946c38e86ad5e44058c0b7716cf436f332ade447fbd59ef9f22ed0aacc51
structures_xyz/5742590.xyz,7634,f363fa8cfa3ccfc7cffd3d6f5239b754ad649062b21ead4eb35554dec0baeb95
structures_xyz/5748603.xyz,1707,6073d49fe21167a566917f7747eb14cd26bd6788722d4d9a40d4e8eee4bd0f57
structures_xyz/57532263.xyz,2308,79c319ec90fd6aab228c1af1f648701de655828fa5652b7c136358072f54a6ec
structures_xyz/5757.xyz,3354,2b37fe3585b48b4ea321acd69b474a6b019f78a733ce91e03a397e402d33eb7b
structures_xyz/5780.xyz,2004,a25ea58fd8d32085ff45354b8fc714dda4382f07aaa332070a16c172dda28cac
structures_xyz/578237.xyz,2006,3ad4e50030a2d091643b0b9d9a49dd19e0696e2d535b13f26ac1803779b1d76b
structures_xyz/5789.xyz,2379,1d459212ed56d5ea4335e42604ec9b0b2fb17b3ef8aa9d5d30852cf5ec5bcc6a
structures_xyz/5826.xyz,1779,c4ffc4460356470ab4051545d863c4ef3ad762827c441516b60a88ac8e887283
structures_xyz/5877292.xyz,2157,69d06958c86de9be743bf241b97e9c008b594070556a971108df1b2e86399c27
structures_xyz/588.xyz,1178,a868b33c4d9c4c41f6c7ea7ac86539df7abcc89a24a6b2aae421e885b146a62b
structures_xyz/589098.xyz,1706,f1a6c9697f11ea15e8cb3b7c09bfe732f8e1007b286a285835fa6057297a3004
structures_xyz/59044266.xyz,2759,17420c08ab7f76a446944ed43ae821c9803c4054add693bcae8ba42b57ea6006
structures_xyz/59098743.xyz,1408,493ead8816a3ab02b13cdb072e2eeb7ab4e3b6903944fecf9249d400340e3947
structures_xyz/5962.xyz,1854,85e17d4554a06fac00c1928edde239417fd15eb87ee3e8df7a3065097cc3cc92
structures_xyz/596567.xyz,2681,e5b188f5b7694386d135e9062045434cf3ad7d0c95336a9a1675a2db3a2c9419
structures_xyz/5971.xyz,879,d643ce47bab08646620ebebe382f822c3de1494d01021f2da421463ebb30da17
structures_xyz/5984.xyz,1854,0e51028548eba19f13de9ee8ebeee756f1bc440446e346956aa136507c664adc
structures_xyz/598515.xyz,2231,78d3c2d82b7ac7246264fc826bde4da144c5ee1fb5bd3e92a74d1e538eb285f1
structures_xyz/5988.xyz,3430,3fb30fed30ca8a05674ef8390eeef1c7359a5f0a8105a0bdd9b11543ab918c43
structures_xyz/59918853.xyz,1933,c44ac4913c172387a0d5c1dfc0c729390c62512cc88c3d08466d19025b68f4d1
structures_xyz/5994.xyz,4029,fd102e79d4f363b07b12fc1307680e098a0fbfc1ad7099979909f44833fbb060
structures_xyz/5997.xyz,5605,e9c99b37816a1afccf4db09b643b9d01ec324ee1072226d2e5ced2fd0e7d15aa
structures_xyz/6010.xyz,3954,0aa72692060553bd42e1bd015670f48a52040dab2bd5476cd42e394b7b869c65
structures_xyz/6013.xyz,3729,4e43aec4ed5e115979e553d23d9ca4e0cc1a9ff0fbdcd1529d7643d0707d6817
structures_xyz/60156058.xyz,1708,12a016aab71f6cea922f18a0111eef6882a7a4ba33e205bade09be83964b990b
structures_xyz/6021.xyz,2379,953c7d8b278cbda0f718d3a18bd80591e84f64fc5a0eba317572523a0729a691
structures_xyz/6027.xyz,1554,45d92e88929ff505f057cbac145ad7acd8371493c708b3b812b05980ba1d833f
structures_xyz/6029.xyz,2229,7b5e54054740d0ca82b4d970d08097c62e6e2b8f31c4d1dc3aa5d97b1620c2df
structures_xyz/6031.xyz,2980,22caa53e49697025fe86f9a6f6930e9c97a24d20ef651badd6bed676471252c4
structures_xyz/6037.xyz,3880,da833d4ae55e06618a2992bc818d11ffd7d7277ebfe1c99ed7c654f412427f04
structures_xyz/6054.xyz,1479,9a1bd7ec8b6f3457c99558ad0a8481195a08b384b641595e4b9c91e62115be1c
structures_xyz/606454.xyz,2231,acf899f1429afd3251c53bb6ec715182939c6b6801fa1c1c06035c75e1e380f7
structures_xyz/6072.xyz,4180,ffd02e7a890b0184da619f22ae75b302289b5de3234aeeedacb0d74ea624d9c2
structures_xyz/6076.xyz,2605,cb20e81717521fa9314e788f043f0daf0048d3fff5b04a7fbe29074ddac14647
structures_xyz/60961.xyz,2455,3aa242d20eaea8b866930785f491f0f5f531bb7df3d3c25c3677b850c014fd54
structures_xyz/60979.xyz,1930,d47309573d6abfb88e78c9ef03a07a8398fed4833628087183b6b2ef328a1b73
structures_xyz/61007.xyz,2080,dd89eca9f8bee220d9acc0c0d7d9d8f07a17c367bf3814042e1a7f17fcc6ea83
structures_xyz/61020.xyz,1105,678a28952092235d5e90fd84f8f3a0fd93e5ca6274ba2f0d0168ee5ee2f99c40
structures_xyz/61030.xyz,2905,c390af574ad1e241bd217af54023897fcf84966374a1235a09fdd0a0fe901e9c
structures_xyz/61041.xyz,1930,a14109a4afe9cdd99dd0cd8ac2d3e1f752a66da2ceb46aa116b8cbe060a08f4c
structures_xyz/61048.xyz,2080,ba398e5d2cdf5aaccbd80817454a13554618bca40e73519bd56a96a27cf2ff12
structures_xyz/611001.xyz,2156,b8b528233502b775e9f357c32174d54c5950a0416f665661c99a72b955ba64ef
structures_xyz/61123.xyz,2230,2b883a540d4b0b5303593192eeea1658fc28f032820a9841449f722574b1c889
structures_xyz/61124.xyz,2305,4928ada640f606688e7d120485a77c6b813261472d26e10553a28812fed93ed9
structures_xyz/61177.xyz,1780,609a79d68cba5507f23fda46468ad37f781a426e487272c0beb69ed59d99c114
structures_xyz/61211.xyz,2230,1e9b17919a655a8f4715444a225b2049766e22fdb80a0e92119c9ad310b86bf5
structures_xyz/61229.xyz,1855,8e52d6bf378a9082e7cabaf79c2b74e955cf19fd39bc3abccbd0fa6749b7bc4c
structures_xyz/61235.xyz,2155,1ffc162ee42c7415a0ea4c85db8d03b1a739fbd1713a6b3b9d8b849c67f48542
structures_xyz/61303.xyz,3505,a4605a9baab6313d6d2e08115284db9f60b1e4a7d69bc8d8fcd5aa0152a4f3ee
structures_xyz/61304.xyz,2680,7fc564cdc1bfdce8a76ff615d9c29378e2fc654cf2372a0f40d879b7219baf0d
structures_xyz/61346.xyz,1780,affa8f14c6fa44c4269cb3f738b9f51e81af6a0f90fe43a575ddfb13ae285823
structures_xyz/61362.xyz,2080,a1bb38ec4cdc9f2a7bf8b1eb817b3c266d5a78c698adad7f948104fbfe16e073
structures_xyz/61386.xyz,4030,0c21050d73526c6db03166f1486597790232b64e0ba226ca427fa82a70980735
structures_xyz/61455.xyz,2680,d224fb63950340db1dfb5a0adb1023824be455cc0268fcbe382b0a567024328a
structures_xyz/614550.xyz,3206,466d9345ed307aa39f144fa8ab88c4eb5c84b45970438ace074ca1b33c9ea4e5
structures_xyz/61464.xyz,2080,dfeadd93cf217b603ab256cd02eb6d3685d755a25ba175d2268cf9c7c2b7cd88
structures_xyz/61466.xyz,2530,f92faf9767aa9464bf1d2f4f0d22a59e4df3d585287465ffcdd6c036d9379c9a
structures_xyz/61503.xyz,955,4c813ecc3f6caf8ef64aa34487a3f32cc2ff40e3b9edae2702575dcdf9399e7d
structures_xyz/61592.xyz,1630,d17f220fe682f329c9302f42e45f02b2d10806b92e8fc31b96eba476a3cba5c6
structures_xyz/6163.xyz,1479,c7f50342ddab8ff49b396d0a04f07d195f76c3ddd84bd2b17cb6826774276cff
structures_xyz/61738.xyz,2005,bae3bb3abfaddca416df688588d776cab54224e02e69e439481bb343a4f026d0
structures_xyz/61743.xyz,2305,aaee9c756f4123062a0f646c0c8d6c143100ad3a6450a00d9495d6378996e83e
structures_xyz/617473.xyz,2531,a247d569fb29b46fb27afdfcfd9fd7239555b68f1b03a8da74aba8694e497515
structures_xyz/61814.xyz,1555,be209090d9a74badf3d6e6e96beb342c368ff294c042a4e8374760c0d115b384
structures_xyz/618317.xyz,2456,32e7e8568449357d0586af416f82cc82f244055133c3f68b2e66066753124657
structures_xyz/6184.xyz,1479,4a303e43a5f8b7d4ff69bfdab79690b7b3a1705988c64bcf472640fb0c61b116
structures_xyz/6185.xyz,4630,eed2ed54ee4ec0e7e67076342971590dbccca277cc632f542577ee34f6236ad6
structures_xyz/61926.xyz,1181,87829f0f166b1db1c45316c79deda3c37cf4866d20da9f99ddd016bad891deac
structures_xyz/619402.xyz,3132,4b1612ba659e61eafb9a19cd1a5f55959991d0f02a7ec027f1d1a1bdb6a0aa28
structures_xyz/6199.xyz,1554,60d3f4fc338d42f2d2cd6e37b809fc343c25a0c9d5e164ee66f5cf51d6465756
structures_xyz/6213.xyz,879,b4e22995d2872bcf12361de8d6fc03eb99e22bf96c47148b091e53a1d03d0e12
structures_xyz/62142.xyz,4106,95588dbf213c6092363a3047a551a3efc40f920a63a04cc546065448325ec386
structures_xyz/622085.xyz,2606,1c437f9ab453fd9a2e367a637dcdfc0f8c10887933a3d5f04fc06769ec6b1f95
structures_xyz/6228.xyz,954,d98b70a86810410b44f01f9e5ec4ef7d15051b313b076939f28790b95a261079
structures_xyz/62322.xyz,1930,df02e65bf0b093533d26e46aeacaff6a074b9ffdd717b2bdf53340fd7fd036d8
structures_xyz/62325.xyz,1030,9efd376c941753e9a5dae27e4abc29615910f14728ccbfc8b9a82a4a73bdd288
structures_xyz/62335.xyz,2755,88ffd20b351bb116f4374582e6606f0a794f09696dddfc3c9761a56ed349ef45
structures_xyz/62348.xyz,1630,ba24915f5c1d57492961d1d0c96834bd860dbb1c4e34dc8f519bfc166094ad8b
structures_xyz/62351.xyz,1331,7dd3735c5e584ae0d53e0277c0c299d86e1b7ea9d255c9062c89484dd0fc63c7
structures_xyz/62374.xyz,1780,50d82e230269eb8f001e9e82551767e52d66a8af6be47d3c662e6e0bde27c5af
structures_xyz/62385.xyz,1705,91b9043975f37bd10d3ca44acd1fd7b8ec83a09a47101683766087622fba2c3d
structures_xyz/623940.xyz,2531,4eae039acfdcc32e2e4ecfdb2c11f85858f19315918685c1859c41986c2af306
structures_xyz/62434.xyz,1105,23f471271a132f3d1d036e76f1cde0934ecbf29b451b2e17f126460ddf0594a9
structures_xyz/62465.xyz,1780,2c50b665887836d6b17c95727038a51d86fec67d06be27d58612847857c105df
structures_xyz/6251.xyz,2004,84f752bd7cb31789f2a6465e6c0a0bfcad7a84960c32be3d46d1831eedb1c7db
structures_xyz/6255.xyz,3430,aaa31c915a11fca9351e7c58c5f951c708a154d1fd5398f47108aaa99d3a446e
structures_xyz/626354.xyz,3056,f4c6f596db80a4090e95bf7791bfdb421b9d6623adbd50aa726281ff2e4f4809
structures_xyz/62695.xyz,955,98ed8caf6757bb32523d6cdf23c619909bc1bd47d7bcb4ac0969d1e4ac4928d6
structures_xyz/6276.xyz,1404,1267ade37be104733e1cfad9682880f473463c3faa66edfe6fae1a1996bd1e06
structures_xyz/6293.xyz,2004,4f8e2a3b68ba94d9d2985ec16746de9a15d1a4ba041ed91fba727d2301f6ee45
structures_xyz/62946.xyz,2080,d99502b527ab2264100fbb68155154e13d57b067b557346a56cf254e18805874
structures_xyz/63112.xyz,1330,1370be5471f06ad877663c704463f6a81106d24824fafab1ae6557035d252f8b
structures_xyz/6321405.xyz,2232,7024fd7702f8136b797755f5b6a81ddcfd67c9484141b7c9e3abc082ba2545f9
structures_xyz/6324.xyz,652,d18890b7f31a32d0a56076d2f03e4e069bed83fd7a48d1c21cc92a1c784e2445
structures_xyz/6326181.xyz,2232,84a30fe450fb8dbc7fbb1276ea35dc217edc058f756bc18400a8cf6669ed1e1c
structures_xyz/6329.xyz,577,071bccffe6a4f64a8c5f141e7d8e419356abdcd6322a9f840b354a2cc405fdb4
structures_xyz/6341.xyz,804,1283029ec0a654daea70b991a9331e2ca16dcba3d897a1b4651d7bafc0a7b50f
structures_xyz/6343.xyz,728,bb7fb79ede331d2bcde5d3ca383c7ac2f7d96c6a7d4589da65cb79458e0e728a
structures_xyz/6344.xyz,428,32b2234c588b240dc4afc7a4d677137b32514e37f2def864fbfec10d842e5a1e
structures_xyz/6354.xyz,578,a59f74fa32768a81d97d28b211c529b7bccc5a4d7fb3543f0012a435a9ec952f
structures_xyz/636475.xyz,2081,8cef1274bda461a62bb7513d23b514642a1665d282705e0882d3e727208dda85
structures_xyz/6370843.xyz,2982,90484ccaff8a191bcafeb82f29ab959678b9daa0118e375b66975443ec2e788a
structures_xyz/637090.xyz,956,41af54b05d430e5712beba209324b69f5012851b0212cb9a8b4844442beca2ec
structures_xyz/6371716.xyz,4257,208c0d4b2c7f98a0b7a047ba81900a2b4fe2229370bd2630cb430a113ba68bed
structures_xyz/637497.xyz,1256,bd7b74fd408a58a8235128d048b71d2ff6b8f187e1a955f355fe059f07c8c9ba
structures_xyz/637511.xyz,1406,9ea75335ea8ba93903435a342dbbff5184ffdef5c1f4790066987cf21fc1beab
structures_xyz/637517.xyz,4106,3e6b1b7860ba9dba643565c821417026908348629ac755b885350baeef1fb7b5
structures_xyz/637518.xyz,2006,31c6a7e4ca6b72c8d4d328f8c692f64e2e3b6edf65f63d7ac7f68beebbbc22d5
structures_xyz/637531.xyz,2606,2596fd13c38fad9f15b419c7ab4b1c7566760c05e672649e7c478257f92d3b53
structures_xyz/637538.xyz,2606,e22cae18a3ce7f9fc553f6145a1b0f86b789ccdacc1498c1dc1c1b2fa52a0471
structures_xyz/637542.xyz,1556,93674fe5b67fbd43d3a5665d167770a214636958665df62b740c139ccda67ea3
structures_xyz/637563.xyz,1781,2374397b46d16b4a9a9a6691976c7cd55e85f111f049a779ded255a63ba912c5
structures_xyz/637564.xyz,1181,355fc0f08b467a3909cbfd5708ad2f0c7a07fbea34a9dde360e4f51e68eff0c7
structures_xyz/637566.xyz,2231,34ca708dbbaab25131b1e4d1d953ecd586a1c00e3fba17775997bc55a5877a4d
structures_xyz/637775.xyz,2156,f0f575275d590bfdc62ad8ef8d50628f34005609cf4615fea6f2b8d299d7f6a0
structures_xyz/638072.xyz,6057,512286adb777831ff29b40e8dacc304c56511a00f6fbcc8e98b2b1a1ee924f8a
structures_xyz/638278.xyz,2381,c274bf285d5bb5e2c060fb51784351a668ccedd21814b2f6d010860d802230cc
structures_xyz/638303.xyz,3881,7bf35b2472ba3391a11346a11398d352dc1dda17d4dc32d029ffafce33d6b1ab
structures_xyz/6386.xyz,1179,5a3ee74705e12d17e89a6acf1cbdb5354a0388c9dc0644c8756a9ec71efa7008
structures_xyz/638667.xyz,2006,f1f940a1aa5e7e401731f3065193b8f151e416af581ac8d08c3da32b156c8912
structures_xyz/640199.xyz,1706,2762f6c9ec2b7b92f221274d7f0d82d94c67f51f24756c37db90d43f6a1c49cb
structures_xyz/6403.xyz,1554,cb05024c06c652ef876292de364387c45a9613a096272afcda3476c2821067fd
structures_xyz/6404.xyz,1404,a9d4ebb92a0bc92e93d3ea2df02b7bcd1aa27c58553e7feb3737c643d6a60663
structures_xyz/64048.xyz,1405,b1fe5ed01f96ef6fdbbb16878845553c9e3aa902c04ae5566a49e568eda003c0
structures_xyz/6406.xyz,1029,d52af0f0440b3b8ed9e7b5fec3546972b9d4bfbe234e726a6265d2325398bfb9
structures_xyz/641294.xyz,1706,7e987f55966ffc89dc1caf728fd6e8b7a90449011b603cddf410d6a5a3a08fee
structures_xyz/641608.xyz,3357,12914f0af0020d5fbadac6b87af6df967ad23aa3eb069ab182c909d339dec1fd
structures_xyz/642376.xyz,2006,5e3c2441861e70ab3c934113405dc8e18dafb3c0b7acad032802377cdac5ebd5
structures_xyz/642552.xyz,1331,1ab3b9227d97086353395968879b789df873960d9660c9fac3e74466af5c683c
structures_xyz/642876.xyz,2006,f37f15016289e54979a3c6e35caef56acee30ee3784cb2b62815098b4ec0373a
structures_xyz/6429301.xyz,2982,196f6d3107d5059463afad8c52107a0d7f3f7b07b19221339f4ecce0f7604e6e
structures_xyz/6431019.xyz,2457,63c76d97b3b1bb52fbe6f25fa6284e7e24411707f97d505b3de55f119fdfe6c9
structures_xyz/6431152.xyz,2982,18b451ab18554e57cab9ccac177ffd8a0149692bca9c71b3ab4c7a27c5e74f66
structures_xyz/6432308.xyz,2982,4c459332a26048fb32c5324e93f4fe99787d9b62ec0a8e570869b956d8700937
structures_xyz/6432404.xyz,2982,ffc5cdc76b2cd3e02ee018500332d2a82ead23bb5139d1906d74da5114675b1a
structures_xyz/6432469.xyz,2232,ed761eead88b54be302835cb9114c4c8dfb19e50c4b23ab9f4d16069552c4278
structures_xyz/643460.xyz,1256,26d447a9a0b914203d9871497bde45f208596e69567765eb94ea49bb3c57892d
structures_xyz/643731.xyz,1856,f23e3d854ec33e69c8965dfafe183fc830b5fb713615b1f00a3f9f9cfc7e324a
structures_xyz/643733.xyz,2531,eeff30e5be58df84a3b13694493ea89fdf9ce92fc54582d05a90d52cbd06d28b
structures_xyz/643779.xyz,2081,157e0b628e8f7e020b30ccf8ffbac46938a51d64ecf05043ed49121f6512e23d
structures_xyz/643820.xyz,2231,e81760184e79c4b086d5fc0b574d1c5e265a8d2e7394a06416ec8be4c5758bdd
structures_xyz/6438710.xyz,2758,20b471cf95c7b55a3cde0982b1057629c8c15696c488f305868129c450499d7e
structures_xyz/6441416.xyz,5233,1c3dd70da8db0394b23561dceb4e46b19d7100dafb2b6675fde5646f3d9b10c6
structures_xyz/6441498.xyz,4633,ec4e8a349302881fc1702baddad7ea40ed3c67cc539d2c299fcd6d7a55c2d883
structures_xyz/644160.xyz,1556,f387d5ec01c9162c403e291f0b064cb43b11558c1de380dc560c3a7ba087d573
structures_xyz/6442145.xyz,4182,18008e67bd977bfe79bb231f9d318632e1091c4292e51729a2505a3a5d529276
structures_xyz/6450454.xyz,3057,b46c25f30e4cc5df4183d9bbe72c8db666f76f712548a9945671285d9c309bf1
structures_xyz/6450812.xyz,2982,cf3bd9729a4589abd971a27b8741f6d4b32e40c802d7cc5dde318a62e8e26f1b
structures_xyz/64678.xyz,3205,66fe02f21d8e44b18297b675e056e9ba639440e606add68602f3a3fb8c3c46f6
structures_xyz/64689.xyz,1855,9a939a710f915d9e7e57cd649408bbf8dd52bc04dcb8d47678e79e5290c9c012
structures_xyz/64782.xyz,2305,d3d9f8a554cca4da6cd6240acd4cf40ad05e036ab73403b419adcbde7ea32553
structures_xyz/649.xyz,1103,c93764960402a1b778e6844e05ceea4eceedc59c62dfb51df572b36fee45019a
structures_xyz/64945.xyz,6131,96e6b449e455bb0998e2745bc62abd8b372206589426ba6025e2ed1212cbf175
structures_xyz/64950.xyz,1405,4639989d5fd8eaeb2f7f964d7d2cb596f49cc868630ac56fdb96d36b9cab9435
structures_xyz/64959.xyz,2456,760d31edcc643a3316bd8cfd91aa5bbe387a8633f68f8bdc61101aa837f4e18d
structures_xyz/64960.xyz,1780,eeee950dff8bbce58ac19a6cb5bed82c04f95682e07a50da53336ad4d245e98a
structures_xyz/64961.xyz,1630,663665fab613a508f71b43a804bcbe85852c69f0cde2f172542716d296cf8df0
structures_xyz/6497.xyz,1029,a9987bfad351a94a82b266daf4d71b360bf6792dc46c26e89af1e3182c6ca593
structures_xyz/64971.xyz,6131,2d21cf3169d9f5e2247043cc5df367defa63262df2bdd8d10e50ecce7fff638e
structures_xyz/64981.xyz,3881,fd2aeeaf355da449aead8fc57d16d31eb064170f09149dd70402d57490f66728
structures_xyz/64982.xyz,3806,ce241409e0dfa4cd3a9a8e4a61d4e03c50cc4b719d75628e33abec8784f7a464
structures_xyz/65041.xyz,1780,6d3cfd6ee0d76a7b3851c867ba6f832b6b27e1d906f491807e890eadff84ad17
structures_xyz/65055.xyz,2530,60a6e29b5f209409aecab34fab87c180fe1cf19455bef321123c4cd010f1a0bb
structures_xyz/65056.xyz,3806,6df22ecb8856fac336c5259ac70eb1ed047d47a664ef3adb6a7ac1a3c96f62f5
structures_xyz/65057.xyz,2005,7d9e65a075ba8cf6c3b2a16b4df8626f5165761a6ec9c33f26a5bf15eb104241
structures_xyz/65064.xyz,3881,077d638396ad65857afd63ba5b6692012710c53124e65bba093cbfb43d6e2534
structures_xyz/65067.xyz,1781,2d7424b778956046327506838388d675f52459f1c1df5df40891e54d94bd72aa
structures_xyz/65080.xyz,2605,a042cd2bb98a2912912b8367037eaffda3b66630b7faa3bc92d3531398ab112a
structures_xyz/6508206.xyz,2982,f52930c573642c618772dd1876ea05b77b2b5ecc035f52e2bea90c086d357174
structures_xyz/65084.xyz,2756,1086441a08dd66f331b202551f7a3bf43f62aceabf49c76ea9701adffb95087b
structures_xyz/65085.xyz,2531,1811574cacd47cdef0ef67af3185a6d97cf3b97be9fcc3fdf2883d8d05216829
structures_xyz/65090.xyz,1630,b1151c8fc8e9264a5754b7a92ac571bcc4b82ea148cc1ebc0962830bd7801084
structures_xyz/65156.xyz,2905,b485a5fecfa21a44aae11de6f5d2b68aae2732bf14e787f7b483bc7ba452c294
structures_xyz/65252.xyz,6131,45e500ca18df60af83fcd866034ea2752c4c8a718e1f974d62d3b7f889e0d76c
structures_xyz/65373.xyz,3956,80c421faa8a7258de87295f8629002115474364776227e26fb1f3345da567baf
structures_xyz/6544.xyz,1854,2c55ceef4352c6e13b87e2c486fe44b895e69542ad0211ae9669b9c013aec1d2
structures_xyz/6552009.xyz,2232,0d7fb6eb423bb119e76799b77d1cad15529685cd2f3aa22ac9a8a8119981087a
structures_xyz/6558.xyz,1254,ba22510d5491d2fc6f3e0c87f723f3642744d390199e3f235f8ad3e7800b8632
structures_xyz/6560.xyz,1179,0cce83ea91cb15e90c4d375c349f2ffc842c34a47e6bb78905ca222def8a4283
structures_xyz/6561.xyz,1029,3ef5c8711631e1b1ead1ddd07c19aab3c82ae926124d34a221e18dc8a94e3a00
structures_xyz/6562.xyz,879,63cd2fa8fad9e99310f4d168c762fb8e9ae510b5882b1db558f635429822a249
structures_xyz/6569.xyz,1029,87710ea8d7f0a569fbf5652b44047c3b517b30259fda88d37ae924fb3eb35b35
structures_xyz/6570.xyz,879,cf141b7e3102a04cc7a4e88687cfa8094a9b8564a8c78fea5732145eef83fc39
structures_xyz/65724.xyz,1930,e648cb29966afb27cffe6c322bdd334d4452a10e9501528453e3822b18c4bb78
structures_xyz/65728.xyz,5606,14994a02efe0b4d8a6bb9cee63db145d8d7c9ff9203b478ff6dd65f9b869b4da
structures_xyz/65736.xyz,2080,c44ad4d165293d7b4bf15dab04fe6e9d63709e21f1770a1ff481c814d552c6e0
structures_xyz/6584.xyz,879,e70243f648108140de37028c89bc630084236e8fe416104b6f4bf2dfc9c71c19
structures_xyz/6590.xyz,1104,fde4376ad584d4d7b4250e2a8eb3ba6aa91c22ee59bdcb4a448ed0cff4584f84
structures_xyz/6591.xyz,654,24a822681255ff10ed1bf3d6f0ec096e7a29d6ac696552e616b47fec08cc47d3
structures_xyz/660.xyz,1478,a56243d53d95512781ca67bacb941023deae9ac18c8f2a6df8f2c959b1129afc
structures_xyz/6602508.xyz,7483,0626b829cb49d2cfd310483a3a50d39e0aee64d12f816ab8452553f6a50fc5a0
structures_xyz/6603781.xyz,2307,09e4b7c0e2454e3ae20f9ee9eca5bddb79f5af473df56ed357312df2ebf9b833
structures_xyz/66065.xyz,2981,f649c53da15117fc7373dd36e532465a4251804bccc9ef8bef80df0506d66402
structures_xyz/66083.xyz,1330,9a9afc9d175b86ebc6c1964e495dccc52b62c213bbf9132632ff3f6962d7c7e7
structures_xyz/66093.xyz,2005,01fed18ca78dc9f3e84fad69aeeadc341970bec67ab883d79c35c3cd2c6d6d83
structures_xyz/6613.xyz,2454,a4d42ff3bf054b64dc62e3ef55d02426188bfae098bcc0a75dab5b1441d15b93
structures_xyz/66172.xyz,1030,04bddf63579c50d6e897e6de78eda8f2fde53e4685258e10a6f1267b2f70652b
structures_xyz/6625.xyz,1930,24d60b35099a96cb574daee5cb0e49df1cddcc8eb40a3d6989dca04b10d28d58
structures_xyz/66282.xyz,1030,282d12a8914147cf435d1bee3eb916e841fbad400f1a017fe835f2c5e4cd56a0
structures_xyz/66308.xyz,1555,fb19db0bac01a864221beb4c825dd98307003a6ca8f6a7c2fb1c577e46a48c24
structures_xyz/6653.xyz,1629,2c37d0000a43837c5c72d6b7bdf5dc9728746a1ab62a7478d76fc3937a9d00ce
structures_xyz/66540.xyz,4106,d67fd3955e06929f9c42bc18b4c6034b5fe269c715dd8bea76bf9ae45019e11b
structures_xyz/66548.xyz,2530,605080bd9d32916db4c82485e6c64f1ed3f9a429a0e2fb30094422a4b48cbef3
structures_xyz/6659.xyz,954,d837dc5ad42469530d7039ad6b7b90d78b7ed1554eb16bfa76dff2bc0d8f9c5a
structures_xyz/6660.xyz,1254,cbf22a07ca1e1addba03cfedb26455568384c8d8df4eee7f9c07d1a41dca48dc
structures_xyz/6665.xyz,5755,55a03b8b809a1b89a944772a5a9c7d8a1c457e0c9ce6e6f8d6c671dcbc8bf776
structures_xyz/66654.xyz,2005,4362007052ae66f5adba5e087a4deae4acefc005467a79768adb48db272181ee
structures_xyz/66743.xyz,1855,b4a94ce2ce8601ad686be23dfd6548cadccf98a06d9652d87fb59a8574805fe6
structures_xyz/667495.xyz,2456,93bd80ee8ea7eda3fcb6053680eb1ce8f2770fdb1b3332d316a8dd5e6d39f2f2
structures_xyz/6675.xyz,6055,c56a0b80f765b9b8e6bd5990a1459bb59bc359edf96371c4fddbbc09ba087a4d
structures_xyz/66841.xyz,2005,06eb7faa0ec33107ae3b7fba7f0027d3a9686bced099e3931c3a892898cdea0a
structures_xyz/66948.xyz,880,685bababef344edee5bf6efe04e7a4e49e936a99614ebfe09fcbecc80be327be
structures_xyz/670.xyz,953,b87d9c81bee498ff955b03e4902ef96653726de92b1ad352f9941c8dde70d630
structures_xyz/67069.xyz,1555,fd978287a48538601ba8826528383ee64bd36c1e507516c246e2e40e9cb7cd69
structures_xyz/6708682.xyz,2757,91dc52f8b06b03fc59d023be2c90d69520d3a85445b6457b16d580dcad8afbb6
structures_xyz/6709746.xyz,3508,2024d2bb4bcbb2a52a7517f4d957b76fc8f89c0a8791c322abe9d48fc1f9ed89
structures_xyz/6716.xyz,2079,5b0ef58c988001ea8ed1fdd15921fd8c893fd4b11b7812383ac488fa7d8c4d14
structures_xyz/67179.xyz,2230,b2daff8cac7274482e45c366a268dac06ad9bb4193d670c28a44f5a883fa3fa4
structures_xyz/6734.xyz,1704,c63bc90ebb197fdb87c5bc9009a8e9178eaa3d1a467942a4a6f43a672c06bc77
structures_xyz/6736.xyz,1479,fca460e146cccc1ccfa3373046dd425cc7759ab69b714074760505da7694110d
structures_xyz/6744.xyz,6055,23dcf878f93fbfc1096a100d20e0ff9950e37a12bf5d549a584ac30ab68e64d4
structures_xyz/67524.xyz,3205,8af49da47272e17f11462bf2f56ed77111f714e2d71b6427982dec941d811c43
structures_xyz/67525.xyz,3430,55c4d63b5e132fd466d3dad1991ea51cd07a85aa86f7b326ad25fca027030026
structures_xyz/67526.xyz,3655,8d933e2fbc979cdee21aaf0eb21a2d37f3711412ac3080e62f6729d8a8154296
structures_xyz/6753.xyz,2679,0f665627180ceb8e43e839875834df40df7b95d44b6d58a598d6dcbcc948ebce
structures_xyz/6755.xyz,1479,0d95ef0a629776a3d28a6174bfee355468d02035eae3758cb143c4c1a9a121fd
structures_xyz/6759.xyz,3580,3bcd09a0578aeb03d9f44ef5b836c14747600213205701b97977785175edf4bf
structures_xyz/6760.xyz,2454,0ea0a6ebedd7af2dc358f63be455747ae1661b034d409bab5451c317284b5c45
structures_xyz/676946.xyz,2006,2f5057c144e0f17ab6c4e954242f2052dd60767121864c085a5dcea0cc50aa1b
structures_xyz/677114.xyz,2156,6109d2b0774a93a7e25f4bb35383c92e3483540eb8243a12fea80ba67ce20535
structures_xyz/6773.xyz,2079,da4442a7481ec616483a992e3ef36d7edab697273454360c2eb56656b8f92ac6
structures_xyz/6780.xyz,1854,e69878b6881c34c97bf2c8d0c17209d242fd41b445d618a53f1d2269479db62a
structures_xyz/6781.xyz,2304,8e7529897059f51a60bfbe633542829073e5bc64fcc388f50bb55248cc99ad8c
structures_xyz/6782.xyz,3204,e6122cba2638496af27cb459219f8f2a99d03149ad169dadde6c5383c522927f
structures_xyz/6786.xyz,4105,9dfeb2a4f0d773143600c2531b0596fc27da9b2e6c47b1d4087e99c349472edb
structures_xyz/6802.xyz,2530,ea91e4741a0c9353df4ceb16f808de24823486cc01e99c360cee2b47fb177a1a
structures_xyz/68051.xyz,5156,31c493f12a85ac30ebf02726379f482845c8b17b954b883215c357b136e289ce
structures_xyz/68057.xyz,2380,d1d4a7a7ea33e5c3fe8af8313da4fbfef610886667c8060481710ec7297319b2
structures_xyz/68071.xyz,2380,08c3f67527839ace866472b2f2947929906092ff8dfb8dc301460989762e1247
structures_xyz/68073.xyz,1555,b1138d487cb34cd4eeedf2aa5e901a25171de0f04d81227bc1ea092a2729f13e
structures_xyz/68077.xyz,3581,d68f0d35199c25243f7b21319f67b31b802657625bc5a8f476333cdff775b15a
structures_xyz/68079.xyz,2155,d110649d819a817711965f729440fd49c30cd9d58be19dadbfa379671f2800a1
structures_xyz/68081.xyz,2605,e574107d1645505e7774c7973d77cfe99acd1633bba4a227473f0ae7c5a65372
structures_xyz/68082.xyz,1855,a285b33a454e1daa36a70670facb8069bdba90e22e78b39cf231301255cf6d9e
structures_xyz/68085.xyz,1855,f236f15d51151bee48be07e4d9d3e06c2d04e936217c3ed1c1c2cf8f9ad49664
structures_xyz/681.xyz,1703,95fb25366e355754381a525a842d0d6b8b7e2400ef34ff228a7eadbab3a90032
structures_xyz/68108.xyz,1330,aa0034020c7e68f149e156f5ec75b90edb5a62b75a786f498019ef02654addc7
structures_xyz/6811.xyz,1179,c702e5515c4854b9fa5b33b59a30e4198102b001e44e3d5a9d99b2f02c4b30cf
structures_xyz/68126.xyz,1780,70f393ef1ea721df0b714664a67ad50d7d0b557ad8f28ffd1d217b7920bd1c21
structures_xyz/68128.xyz,2980,93a5f50ea444f78032977e95dfa22aecb06264437cd353b4d22ef4b3fcbc915e
structures_xyz/68140.xyz,2005,6af34ed599253d520e3ad6bb8fa5edce0a12fd4ab44d656f8f1f0f795ce74d7b
structures_xyz/68141.xyz,1105,2926ea77edf31b5b77949437b79481e004dd05da24fb67163b990a35cc382533
structures_xyz/68146.xyz,4405,f90fd704c396be843edb2dbeebe79214337e6b082c78cdf7bb5758bce0701a39
structures_xyz/68148.xyz,1555,cdbd683f921832ee62d937e482a5f11c11c869c034fe9dd86751b9c89ef7e5b0
structures_xyz/68231.xyz,1855,4ad8eadb196f1eb15b0488a486314cbaeb7099564868a9b1a9d3ef7f5d7f2815
structures_xyz/68252.xyz,2305,f307d26f4fd77f7b485384e2e6cb9582dc458173c41107d9f4405053e7130bde
structures_xyz/6826.xyz,1779,53528dce51f1804ad24dce1dfe69726b51c334f659644ff023c44e265483f0fa
structures_xyz/68261.xyz,1855,8c585c488bd62898ec12f8dfe2536671c27b4f7653f3bb47e5ae325d3fe346a4
structures_xyz/68262.xyz,1555,24a9e16381351658b6055e6bdc010d98aa7f9864d16e63fa64de62d035d83324
structures_xyz/68289.xyz,1255,87a832ed33fbf3f5aa6a807723ed6aa8249b1148ee81c4c8cef7a2bbb361207f
structures_xyz/68313.xyz,2080,9e7646b1673b9daeff7cc2765f4fdd3a4633b170e9afdd32139478ef3dd82273
structures_xyz/68316.xyz,1930,fd62dc10d52bd37b28fa4f61fb0a1c633515b0442c2f4fffa196b26185a1a5ee
structures_xyz/68346.xyz,2080,f2e4545e769b4996d66080366c779687cd6d9db3d2ca4bb953a0926b3fae8fba
structures_xyz/68352.xyz,1030,80fcc3801422253571f0a858ff33cfc86146860d154beaeb802f9e1cf0883569
structures_xyz/68381.xyz,2005,f4733d8d6eb1bc3cb98875787aecb737109aa739167d80809aa53d1031c63ce9
structures_xyz/68486.xyz,2605,ab94fba7e5e4cd4f1f8a8f10d3958f6b5e6608e8abdb1afeb98bef9a61623f0d
structures_xyz/68490.xyz,1405,6783e113995d15b85509de3d2db68b96abdbbd4b71589fffc6bc7cf85f1c3a63
structures_xyz/6853.xyz,1779,2908ab784e243bff634bde67f1cbde337ae8a729a251a39e698bb905781df738
structures_xyz/6857581.xyz,1107,8a807bb316713ac91ecbc2b3e52593c62a7883cdb73fb8827187c31043360d9e
structures_xyz/6857681.xyz,3057,40cba82e21d7d7d75b2dd84dd4c3694b83112be60bc82bbb893435c3d4c4a5a9
structures_xyz/6858.xyz,2004,e191a9089213dd05f881a0c21558a82a0e4a17d0f748920234a9a29e276ac778
structures_xyz/688025.xyz,3957,443dbdb6226eb50c76f4acec85bdf4399d7ea2b1ab8e0d79909fb9346fe8c579
structures_xyz/6885.xyz,1254,d9b650dd3dc874863b06235788dfd0a93255f9ce514973fb62ee2cf7b36e57a4
structures_xyz/6890.xyz,2079,9d11544fd586476e2fd1ce7cfb9cf85fb6c9e15e93c935b97a91db125ba73063
structures_xyz/689043.xyz,1631,5da60f1f4933a69506cd52aa2ddfe3c0d21b57986fdb0ff0f904eab37c364d39
structures_xyz/689075.xyz,1856,d8bf52e697160af0e6e07b832ca1c74b3480fa954277d1a6ffbe322644ca0620
structures_xyz/689222.xyz,1781,28f4b0f367fd3f6f45aae500d0a21211a60f1d38cc58c80f8c2d19da0ffd1baf
structures_xyz/6904.xyz,1854,788b80f2773bb1d4256b71b7f9699f851e478384cb6b62623c071abc4d862a61
structures_xyz/69068.xyz,1780,c170ee25b46fd99f0bc1298b461c5ae6eb927d9f45c8eb6981c25e0f4aec7f03
structures_xyz/6908.xyz,2304,d24c82930d87a395675ffd377a78f00ec03366dea4c84867e82c860380fa3dc8
structures_xyz/69113.xyz,1180,71b9a6349be7b022a35f70315c471f7e8a7c09fd4b62f91685c1a2307758b660
structures_xyz/6912.xyz,1704,7b3e37524120d561a734895958c96e3452d991f9082902483d8858b66fd4cdb2
structures_xyz/69144.xyz,1780,6283178445d234171dcf4a51def4764b80c7079bdb350e1be11ac36f3697f69d
structures_xyz/6916037.xyz,6058,f4633dd9715ed833f2ae843bf01ad715b12864ca0d922a8b2266809287bf491a
structures_xyz/6918391.xyz,2982,1a9957d3c5013003129230ec313cd5111a38a4824e81cd7440d5b4f32a1d981f
structures_xyz/6918774.xyz,6208,0f025a1c8ae70ee130c287ca9c39caf7958a1b944c580714882dc1f33c7d414c
structures_xyz/6923516.xyz,2082,ab2b06d8b16046145d78c2d5011e2a4dc1e29fc2ecb9cb40444347ed387e47f1
structures_xyz/6923517.xyz,2082,93efc8b1c2ab55ed1752b07ab3231ba664b9cc5b3adf87fbafd7c3627cd9e440
structures_xyz/6925665.xyz,1782,a0712e719127cb9d024df41321bf4c5cfc9564eab4177ea1f549031d4d5ddc6b
structures_xyz/6928.xyz,4780,05ad6c36db7620f170f51abcef8d06fdfd6928d69e4a350ad682fd222e7fb635
structures_xyz/69313.xyz,1630,73938af7d8b7a419b783e171716673ed072d9349bbbfedffebcdae7c0b64e81b
structures_xyz/69378.xyz,1930,e8ab8d257dfc23f52a0ecec96b008b98867a709c3fa69c3fc0c4eba6c14cdd40
structures_xyz/69381.xyz,1555,6b1413599df3bcc5cae9c7443a01c0301ebb9750c7c51c5124b545e99c109d7c
structures_xyz/69421.xyz,3880,7dee47eab917ee62b2b8a4c6198f5970eb747f04a7ca3871330d56a6040d5472
structures_xyz/6942100.xyz,1857,b34a936e36aab44e62b17fcb72fc29d022105e3f8a767ca749b48bf206b28759
structures_xyz/69424.xyz,3655,fca110c757cf5bb83cbd3c5bc7301e5a973924ee55fd10758f42a6637fd88d1b
structures_xyz/69425.xyz,3955,1530304400006b7caac952541e4fbfcff2735816a3289c4916c4088f296ff925
structures_xyz/69475.xyz,1330,16ed6ee898dd65210a7ad8b1ed3cec32cdc5e56cd6cdce3f61ac3c3e1781065a
structures_xyz/69502.xyz,2605,3be43263132c8f18e798ba97b0fa68576eb1cedbb5f32cb3c949781922660546
structures_xyz/69505.xyz,1930,8420686531454d068a3013c0122b1d83eebd095a1eb3c4df0c9eaa78d1af09d7
structures_xyz/69600.xyz,1480,3583287c8c12f749e76cff703df556e87b555aad3a0b5112d00ba8a7d691b72d
structures_xyz/69609.xyz,1105,2e0572b1aaa37c1327cdcd18161feaacb1a0cf50b71777c39f83cb5097b7ade5
structures_xyz/69644.xyz,2830,5c0cebd6c1c27c306e5a0210a94f483e5510e19322917b23ca376852f1d233ba
structures_xyz/69667.xyz,1255,ba448a039ec52f905d2d6d262d36be8537d624ae613c5d211756b7b929043d6e
structures_xyz/69687.xyz,1480,3b79d8bc1d2c1a1d20faf15c9dbea26b2c87a783b66b5aacc1b16a9cd2439afa
structures_xyz/69705.xyz,1780,97406efc6ba9556c2300763d9f1f8413d8f1aa4a95b6f390feb574792af3f18f
structures_xyz/6971009.xyz,1557,ccf102bfbd4febbbfe933f03234139c171f702106cec12fa83c02a7b1a4d91f1
structures_xyz/6971018.xyz,1482,34de2b1e978627c8b382fb278e28dbd8a476052ba5d22cd8692aa2bcb611807d
structures_xyz/6971019.xyz,1332,d4b61466bfcc05a44d23a3821486a1ed6baba4af263377eb056a73b5f6f2090e
structures_xyz/6971047.xyz,1332,310c2bcb36170cb1196cd34c4d68fc965b79a42f5dad379f655bb5a0ae6061b4
structures_xyz/6971195.xyz,1632,8ec3597fa480ca2e345e8deb36ee6a90a3f7a93e14ff0e88596a9fc3e96fcb72
structures_xyz/6971249.xyz,1257,e1d62c4a381907986711eac8c135a3dcdde6390cad0e9f8c39d57a36c834e904
structures_xyz/69825.xyz,3280,61864dd2fbe9030e63ad9733c71f18f5e769948d8dfa730f0cca08426bffd2ba
structures_xyz/6985.xyz,1779,6a19347f99ca6f4ff76a2e811766c1f84135a351d8d9dce1e8bd647606e2b27b
structures_xyz/69861.xyz,2005,76f12f66fae40c49b14bcc79cf22f78354bf9e3251efcd87b04a2e80e70daa8c
structures_xyz/69867.xyz,1480,3486c79e40133aaa39ce5311e9145490b017f498a36b2158c6d843dd23457afc
structures_xyz/6989.xyz,1929,d0d797664cfded02065d4a634975d873996e9dabb4d713f4b682c7e339b49a85
structures_xyz/69894.xyz,1705,f953b3e2b7d4d404f5b613657df8d5ac24b8e8d050c29a11faeb3d26d071564c
structures_xyz/6990.xyz,1479,c64ad092aaef2baa3735300c9a8be338c0c2445ba09317fef792362035ed996c
structures_xyz/6991966.xyz,2008,8992d24ba1b0bd25442c31512f2a0546b832b3f512b66a1dacba6146f1a4de91
structures_xyz/6992087.xyz,1557,487728f36ae96dac72f5967e447245a95d790f48de9997e711671209798129c5
structures_xyz/6992244.xyz,1932,ccf2e1f312436a18ff447e587fa441208764746ca2db01d00e0164bec7097440
structures_xyz/6994762.xyz,2532,5299fa88e0c5316b0706845d0ccd2b7b6f0360b5cd3dfb3b0c6600cf1ce140ff
structures_xyz/6997.xyz,1479,5074f88a353e3a71d1a3f4d297da1cfc47a050e07b223843be6e27084765ca0a
structures_xyz/6998.xyz,1179,479a98586c89674a0076dc8ee3b156d2c9118871835749bc71c0824823161718
structures_xyz/6999975.xyz,2757,c340dfb396267db6096d186ff6f05ebfdcc416409dc9949eb3b1c77f6e45072f
structures_xyz/700.xyz,878,b1cbe150e2a6f87ff78f82010dc328d85c32b2683518da11e1826578fb2b97d8
structures_xyz/7002.xyz,1629,34529dca49c4129c3d67c01d4c5c21201047cd47a115cabc06f4877367330aee
structures_xyz/70020.xyz,2155,1a0e5d0b85948d203dfedb72d2e4d8432f54ad740a7d8f5658c7c316fd655252
structures_xyz/7005.xyz,1479,edca9aadc742eb0b080600adbb77a4c8973b2730e0a900607c6603ad1c37a887
structures_xyz/7013.xyz,2304,0c3aab21b5b8b0a0cfe01627b84e06bde649113cd1eb990f4bb365cdda279984
structures_xyz/70133.xyz,1630,d0a75662dc7cec7f902311650a76c5202ff739e5dee338cc2cf1faeccc2516eb
structures_xyz/70135.xyz,1630,67ed7243a101e01ffce3724eb4d78b450dc6448bbea066595f1ae520800a194c
structures_xyz/7019274.xyz,1632,2848e8669a1b1115061f7bdf1070f3a9f64acba5e632fae222b2f93efa4ec9a1
structures_xyz/702.xyz,727,3e380dd57bb65e6fde1387dfeae3a7b55522e563812e325e2d24f5dd66d8e540
structures_xyz/70214.xyz,2905,3aff33e0339995c925ef10366217df12e7ab27f6a10031be41ee5f01159517af
structures_xyz/70258.xyz,880,02c3f184557196d87361672ca0f540989676e4f517be85c4ab2338ad6e8ebc63
structures_xyz/7028.xyz,2079,11865ec27612e092cbd10ebabfe764e2ad3b0d82ccf4af9c6d081011296d5739
structures_xyz/70337.xyz,2230,641da77741b0e3d31bc70cb0d370c4f244a0fdf864419b5b31e94fd578dd437a
structures_xyz/7041.xyz,1629,6d311e62ba35c1448194fc1ea1fbe5037b55c26e9195da74acb5182293d8ef98
structures_xyz/7043.xyz,1554,3bf530a5d9e8080f6c5bfd339b70367b8d7a7d8b9153c0037b0418a31eaebf9d
structures_xyz/7043901.xyz,1707,41ed15b5e10a2183bd2baf3958d281e63001e7670a1fd8be963344f56f033713
structures_xyz/7044.xyz,2154,adf95ae08a62b990ed1af8dc1fb544524bab482ef029efa21506be349685fc15
structures_xyz/7045798.xyz,1707,77a04f46091aab65679133b688c83d4d320eefe68feb19418cdabde7cc8ef623
structures_xyz/7047.xyz,1329,190259268247a9739316c18106e2f13735e7087707283c3e88d1c7bd15f33881
structures_xyz/70499994.xyz,2758,91645262a030bb45b995361fbd8dd46f3c73b63ffdf9f526abc064fcf05b10c4
structures_xyz/7054.xyz,1254,af75ab6a0944029d8a768b3c9075812e21745b8dc2d0f77ee84abc8a613ea78b
structures_xyz/7055.xyz,1629,82be6b005c076d5f5ad09053187f0a7e6f792f000c9b00eb5351af6f10717305
structures_xyz/7057904.xyz,2307,a204554dfccb9138a9f8f6d6914c806462a31661b02196892f2a1190ac0b45c1
structures_xyz/7057966.xyz,2082,f1e4ea5a66739704ecab1b5e2fb4fa5dee94e4e7219866d7ccc33706350a700b
structures_xyz/7057972.xyz,1857,80fd376800a670739c081402a4d5ea5415419d3a82ade26b81fbd2979d1aa60e
structures_xyz/7059437.xyz,2232,9527c8cf49438c9302b5ceb4b24884073fa41c389e7623a5c8bd6cb7370d863b
structures_xyz/7059439.xyz,2232,59d3ff56593f10692440403984f7db37b9163016efaca7fc9cbf51fa9ad890c5
structures_xyz/7059534.xyz,1407,77005712a12ccd4eeda85b2c1cf1adf77aed56c66056682dccf98bb70448fd8d
structures_xyz/7060889.xyz,4407,5759e7c89e1f238913b2781f3af35a844b90b7d0e06bc47310d7128e057b18f5
structures_xyz/7067335.xyz,3283,249fe3acd62b1fde0f3e131c5a94b5f305ac893433f855d8a33ff06bdd5e0ed4
structures_xyz/70694.xyz,2680,307dc9804993c71b4d1e7c8352eeebd2a4466da25be3fe69cb6851a634691e24
structures_xyz/70719.xyz,1180,fab51e8b15a49ef469a62550fe3e75c7dd6edae8b90298f183e5eb9230cea0e5
structures_xyz/70721.xyz,1405,4e23a8a0f0b597c5cab0ed09ad88af4af466a122486fe0d34340e69bf15a3e13
structures_xyz/70722.xyz,1405,82a8de9ced39ae1bb534fd62900df899aa7ca19b4a2abc1d75919ce922e9dc72
structures_xyz/70797.xyz,2230,e8bed1278e8fd01efcffd3bf2c771840ec95c96dc37c8a42f990db2d0195a508
structures_xyz/70813.xyz,1706,c555355d211dd68f7652c2c7fbfef562f38c8655e6ec02a5a67a5e0f2be8c42d
structures_xyz/70825.xyz,2830,72c0a4e90c6b64bca65e5331934805ee9f55b2b91bb27a0488caa90a0941fd11
structures_xyz/7094.xyz,2604,a7902950ca0f1102e9c886adcb6c6a1b80a678b3571e80b40ddd2a915413b4fa
structures_xyz/70962.xyz,2230,e22b6e7aa4ec2b0d05f17add2568853c9976ecef6d915a6fd2db091be1139c0c
structures_xyz/70972.xyz,1480,b1440e1c2037a2f8626dab97f559b2b144c56303fb505e748c2604f64a830655
structures_xyz/70991.xyz,1930,e0888966b04055bdf03d4e6f2f34ef3de9de2f1b206ae7b6eeb06c38948fd6a7
structures_xyz/71082.xyz,1630,810307c832240ea72b3d3d183d4aa4ab36edd946a5ceb32dd1ef3d5b36f30590
structures_xyz/7118.xyz,1854,88559f2fe4a2717c203d7406c5c4005960019d6c3cbc5b0446aa79b2c099940a
structures_xyz/7121.xyz,1779,0bd334ac41bbe25ee5e607417be6745f9b7b5e9bbec45b518e017e2483f25e41
structures_xyz/712316.xyz,2607,fcd1399ea7f53c5a01d104a1f15a25b09d98879252b935d281db2024543ef393
structures_xyz/7127.xyz,2079,4bb65ab07eb2842d3d4114854b24c16bc62d2507ad1832ef7c394c1ea4708449
structures_xyz/7136.xyz,2229,bbef2c85e455eda0fdb31461181cc9639e5147b0d1f5daa56a11628661a98028
structures_xyz/71398.xyz,3355,52bc66c9c7bdbde6312a9ab130934f5f3384f86b735a237a6a7e86242e9f6116
structures_xyz/7144.xyz,1554,a21397b1a36c53905e05c7337949b8185e90f64a3fead7eb42adbd32ea4a62d6
structures_xyz/7148.xyz,1554,4c84b603791c1fb571a2afa1bcce07f402ce2aa7a8e4e3b768ec1db859c0c5b4
structures_xyz/7150.xyz,1404,9079f376d23f42f0a4e3717e8071c8d5a0763ea05e03f6c588ee96e24835c5da
structures_xyz/71552.xyz,3955,2d91850c55be09c1c949544395d51aee7062884aa9c1f9b51ab547e32ce7fb1b
structures_xyz/71587143.xyz,3058,d63a75e6b9e8774b56a8a986fa0dfa0185e0dfb0f4140d3a991db3b4deae5913
structures_xyz/7165.xyz,1629,f68e227e91eae7f2fcb407ed646855bb4d8b45ffc67f6bea28b373c054bdc8dd
structures_xyz/7166.xyz,1704,a2ff4c20044aabd75343ffe64f09215a9b6822d085907e0307a557b394c464c4
structures_xyz/7193.xyz,2304,03a43738cf2d0fc86b600fd692ce6dc9024a1e6449e425759b29fef3abf67f17
structures_xyz/7194.xyz,2379,0f751d01908983c8da37cd74a22463e4ecdcb4503b3f7dec0014fca4d00a6927
structures_xyz/7196.xyz,1404,797765483c14c35aa3837c989b3441b75066f6a83bedb1faf9ba3a2a3088b57b
structures_xyz/72.xyz,1327,ae5f991d6197cc195e1dee1d16a17796de698ec9a5f4de9be5dbbc218fcecf84
structures_xyz/7219.xyz,1329,ba988faeec4c3492d401a0326c0cf7f12fe6c7948f668924a5df9167981dde5b
structures_xyz/7220.xyz,1104,db048aa8c324590cf330527e5986d3de72c27c64f103bb4e97d13e8451cde6aa
structures_xyz/7222.xyz,1104,da33d83db5c5a74e9a14ff50db2a69becee986fff7c5ff3bebd5e44cda3bc1c6
structures_xyz/7225.xyz,1329,e479f12746094999cc6bd4b26b30d5fdcf3c0fd1ed85d8212ea86a102641ca2b
structures_xyz/72259.xyz,1780,76d41077bca54382e56a783fb67a930014430cf6b1991e9d9b9f7789617a46f9
structures_xyz/72276.xyz,2681,0f6c3b20961f3727e47f5c91f1a81296edb5a960f5cc82f4e1f4fa7c618e811c
structures_xyz/72277.xyz,2756,f2a6eb92cd3e7be2637c774f9d67592cbae0b6a97788ea741067ed4fded15185
structures_xyz/72281.xyz,2756,49e4801023393a6b37e7beae6a6f40e6920c03a1d3305b223a297576047f69c4
structures_xyz/72282.xyz,2531,59e8e802f7fe516177257a5ec8e3dfb3f00d9b2e9a3a4490d466fd6a0b75f254
structures_xyz/72300.xyz,2905,0009d0ee614b797af51926bd269455995f998ff9f817433c47a4fc6bf306afa6
structures_xyz/72301.xyz,3881,32189c92211e4dc3e0ded2d1af675145cfb03f1bcc95a0cd96ec825cfab5c063
structures_xyz/72303.xyz,2905,47a2a430f59d2b949babb60dcee4b46460617e0b51100c2da893454c373b719d
structures_xyz/72304.xyz,2080,7678f2cb4e3d48106ccf6f269c9fa3ec24abd6cea0ff92c3f23e2d8205e38abe
structures_xyz/72307.xyz,3356,7c2b8aff9f859da45e543ebbbfeb3223449a9d54b75f7a59b9918241787185b6
structures_xyz/72326.xyz,6206,db25b63f3050e943e2122cdca60c371bc4b8228390e61e0737d63b3234737b3a
structures_xyz/72341.xyz,5456,554a005f562a0656785bb7ccc8b14830ef4be033b03ad3a40e953b6af2a8f351
structures_xyz/72344.xyz,3881,414067789b45792082e68e1bddb3e146b005ec397ba79e38609dc452dfb20f1b
structures_xyz/7237.xyz,1404,1fbd941b22b75d1bd3c07c3ca72b50603df2f80dd4543be46ece2717ddfc1e4e
structures_xyz/72435.xyz,3956,21c60a0b713595469b6d7b01305b3facc4215c8fa1b67c018a9711d684537393
structures_xyz/7247.xyz,1629,f9f0bda67da419502a7db4fb9bfae4964b37ea2243e82cc6cc3ff6650156b9ee
structures_xyz/7253.xyz,1329,e5b39fea8e6a629d69ee92020c7a48072b1e3072ae2a0c23266d10de78817154
structures_xyz/72537.xyz,2455,096a05770b26ac622d14051a26b9d9236149c72078331d06d4b220d8721e43f4
structures_xyz/7269.xyz,1854,eac5e142aa2e281abc83780f142898c1e57ad49aa9b72542755cd2652c1b785c
structures_xyz/72734.xyz,2305,8a154347ab1dead1fb9a22b2df8ae20eedb5bfd03e86edf7de75996876284610
structures_xyz/72740.xyz,2905,8ce16bd023f8685d7dd1207f7e5dc31336b5696366ac01003605df6ebecbb938
structures_xyz/72819.xyz,2530,f1c6f78f4a0d1dab279743867ebe4746e3538863da83f1c5c895c94c1c7b9493
structures_xyz/7282.xyz,1554,c899a14b65b435691f57eb0a8dcfd15575cf376b5546861ec8948c8fbe32ad48
structures_xyz/72860.xyz,1706,0865ccbb977bf9001d4a362e8610445e55e910bb083d676768921412a7015d34
structures_xyz/72936.xyz,4481,a94ab3104384590e07e4ea3483ec925fe0633af8421e4fb1ddeea8841f224316
structures_xyz/7296.xyz,1404,d0dd89c9624bccd7a96bde3e1e261904a189b4d19ce3181e1eda89ebf3a2b45a
structures_xyz/7302.xyz,954,b160510a146dad7d40d6c6421a3b5e00a437dca2c59463ca33098235d6618a14
structures_xyz/7304.xyz,1029,1aa12fe3865f39694d661acbb3019901744d18bff86113826315465da4ce7e35
structures_xyz/73067.xyz,2605,6caf365dc0ecc5cf26da37d63ee6b8aae17c14e15b4af09aa4799b567f28a15a
structures_xyz/7311.xyz,2829,e996d684e69d5093750fd5769eb6d2df0a4255164f1c73082b9729614a459b02
structures_xyz/73117.xyz,4106,d70f5e785b2516cbad825ba7ccb87b60cabdaa08dab8e5489a7044c5434f558e
structures_xyz/7311724.xyz,1032,c71f825614ab5fd312c7b2a2e602f0d41acfd5451ac1a16312b5fd1bc7a9ff44
structures_xyz/73145.xyz,6131,77f75bcc983cf652e6d3166533c0dd6a2014dc9211f7126c01a833ca597727d7
structures_xyz/73160.xyz,2681,9fb20279d1501ba7fe1f628858bdb02795d4b6d2162fa7cdbd17514880ce11b6
structures_xyz/73170.xyz,6131,8939ab1a6330adac693409c2d800e288b4f8102d3cdda6bebc0e1049e13a2a30
structures_xyz/73174.xyz,2680,444c5de007f0527001cd33c88b87259b608f512223b15a6ec2c7aa43a1a6e029
structures_xyz/73191.xyz,4031,ac334a8a0e89292b1ac338f48d74d78b215fec1e99dd389cd59a4c7e96b05001
structures_xyz/73192.xyz,2756,9c69abd1dc2966aa85d6fc4a669960b86e5de7b8cc2f53f5edcd6a32f2be8049
structures_xyz/73193.xyz,6281,a2fde5e48199f871a57b26e94852173fa982d52683d4e82bd0af497917c5985a
structures_xyz/73205.xyz,3506,5f64fc6865e52910f214d1081467fbed8cacf6eb69d5764eac154b80619e1d20
structures_xyz/73207.xyz,3131,514cddc4120cf9958ad5000a78a9cb2cf93229f47e08f4750d3074eb6d823196
structures_xyz/73219.xyz,2980,19e81da5e377381a2814358b3dab99d907c25c4fb63fe895b4ad636baccea1fe
structures_xyz/73285.xyz,2830,e9d52aceea2527e0d9a0611e469103eafbea3a379e0defb1c7a096a7f6806d77
structures_xyz/73294.xyz,6131,a46642726600bdb33971f2764ade8a507c78a248fc18615158ec1720e5b071b6
structures_xyz/73299.xyz,6206,a1386eaca2c12f6b6d74fc0d4164b01396980df2d9120dce6d4860f9e2556986
structures_xyz/73309.xyz,6206,e0abe8769519a55c7357a41c7d85ee82be244d76294ee41befdc3d0133263c0f
structures_xyz/73398.xyz,6056,1660748af4ecee5c6b120404aefe05ae87436f21df6ce4d9017daea00db4da36
structures_xyz/73399.xyz,3656,ff74996ab895259315032352d62a8ed613a935a0b3a9f07c16545595c5b82e33
structures_xyz/73400.xyz,6806,3b9dfef218a02bcd1a96582b54c7e96a73fd40b0d99e0d4b60063fe399592960
structures_xyz/73402.xyz,6356,bcb2c73d1fd19581d4f26a3ab1aa17e312cd915c8876d5e03a35171dedbb45c3
structures_xyz/7342.xyz,1554,07d6fd684f905b432f44af2cd83b7b05fbc38416c81785094104ad8bdd2a7187
structures_xyz/73466.xyz,3731,c5e56e771cfb99cf1f3c01a1df55a24498445d2b6f21860fc39de407f2785b83
structures_xyz/73467.xyz,3881,c4af3dbee6cd531a3b33c6e4aea1a3f97a57bedc290269a738460e1d0645ad89
structures_xyz/73484.xyz,2755,0048a41976b9d1795539db1f3eb86b8e1283bd7ba4e19215bad054014b105217
structures_xyz/73493.xyz,6356,da173dd1ac28d9bcbd420bf5e4196eb49d9a7e6207c9f00c6ffcdc51a6c64ada
structures_xyz/73498.xyz,6431,82460e8e7ecb098481b5d1298bae0af75bcfa597dd23b89b16b8f830e7b66298
structures_xyz/73549.xyz,2080,09b9e6f8410c5830fd6a2e49663665f04c3bbff89afaed308f4aa197dd33f98c
structures_xyz/73599.xyz,6506,33087c5e0ad02969fa9f5fde4284b9d87acd4558e9197cdda0ce5f22865cabc5
structures_xyz/7361.xyz,1029,4726d79471e7213f785ea5a8a483ad848281010bfbebf1323c0ca1eef5592669
structures_xyz/736186.xyz,1856,046f7dc0974083ee946ce7455a5287be1ed5a1c675d2cafae53e98bc4a3df4eb
structures_xyz/7362.xyz,879,fd91fd21da90e2f63551bfd902fe2d1c2e99f4dcca7c3317e0aa51892bf414dc
structures_xyz/73635.xyz,2756,4126a79fd9638323e9e8b63555bbc6df97c19fd27f1fe5f46b0c3f7165560f7b
structures_xyz/73641.xyz,6281,1d207555b313f6da81f7c38c08ce54d7f7dced032e5aa907424f0e3c8b76ba8d
structures_xyz/73659.xyz,6206,f322d90f3c6fe698cca94496eaae043e91aea02752d160af1e668db904ac584c
structures_xyz/7366.xyz,1854,f33762790da7317489e026f3ad4414ca4308026a5c454b8125e315956ebb3002
structures_xyz/73687.xyz,2980,f68f3419a602f526ad5bc6e861a80443f5ad6ccb48bb1f6bcc09d858e492f3e8
structures_xyz/73705.xyz,1855,8174c235e3399c5c172c5ecb91659d59e537b781a0260035bc1ae653916aaee6
structures_xyz/73714.xyz,1255,705cdc3481b8a7c43d4ea6fac161ac2bbdf0b8e13f06ac9dd69da0b45884163e
structures_xyz/7381.xyz,2004,48a604d1660bce6da877c2a0f8d5c92026b10c9fc38aa2884f87662a0817afc0
structures_xyz/7390.xyz,2079,83bb624bd8d7ae6b16e1f9ffb746251bc61cd7c77220170354680a1d5b1252ea
structures_xyz/73917.xyz,1555,d681a817d44113f7131caacff2bd4f0eb35e91b3cc30d2eb023d5529c25d7ac7
structures_xyz/7393.xyz,1929,1dc9c4869be651289f1e77bb42aff4e6009f6a120feb5eba718c33bd15d2ed85
structures_xyz/73937.xyz,1705,f585dd50c3f224ef9e40efc1bad3a99f2dbc0b14df0f0c01ba1334f72ea5585f
structures_xyz/7395.xyz,1405,333dafdc0eec230d902fcb36d3920c1831522fce159cc3d83c600792bedee399
structures_xyz/73955.xyz,1705,cb69662292b1996f609fc8fb0016e4671eeca23ab2119ee853826a5670008b65
structures_xyz/7405.xyz,1254,d4c084d48d74943b482b1b5ff13624a032b0e075302b54849bd99ccaafc9eaf5
structures_xyz/7406.xyz,1629,9418bca59fd85282ae6954ee93f696d345bb6422bad2a9ba87c3732a0c53dd01
structures_xyz/7407.xyz,1479,4ed8621eea2c641e973b10d5fa43f6332382e4231259766ea96dea2c30bfd4ba
structures_xyz/74096.xyz,1630,ca21f83ccf029b524d9d6e2c419d375aefa688e9e5304db4db64c02c806aa146
structures_xyz/7410.xyz,1329,e1fa7c2c3a1e0510c6536dc92b32513f06f71f8584b199f0488ce1b54d0831b2
structures_xyz/74107.xyz,1930,f65c17df00bd0e5ab279955c61824d0244f169a9279e0ffcdd0d00c08224f76f
structures_xyz/74112.xyz,2305,72422c610231908045e2b8ccb560700de242514e242c90a03c304e6d4bc0260b
structures_xyz/74172.xyz,1405,c8c85730c01d04085a7827dbf3c3c83b5cb015e21a21b2f9b07f81ec1c5b0491
structures_xyz/7424.xyz,1329,4b5b023e7b78d31433c4f998ef72405dd2b577bd00d5eec0ffbd70d44285ebbe
structures_xyz/7427.xyz,3430,d289b54d7fe2d611d3c1cbdb8dd6013941a0ad8124eb35cb7498e0ba555d13b5
structures_xyz/7428.xyz,1629,279100cb1da3d6c4db94a6e8e3211ab8673162294d3b19fbbd4e0fbb5ac561de
structures_xyz/74346.xyz,1405,70195d4080b564734849e5ad1fac24c9e1097226704018fe8de2ab576c2c67cb
structures_xyz/74400.xyz,1855,5046849be5ab35d824f1ff571b9c7fadb1d1a52d7d2d8b7d9560668d3d5e6696
structures_xyz/74458.xyz,1555,8d884e288f5621e4030eda437d6865c7b491cc1fbfeb4f8cfc3fe1fb4f46a92c
structures_xyz/74477.xyz,2080,c778a01b15bdab1f356aab38eb35daab02f98a439aa1143645b0c26430962fa4
structures_xyz/7450.xyz,2304,c17f7c0b5efc438e37ceecf479686ec9d9964932e19dff1c21dec07a199069ce
structures_xyz/74530.xyz,1180,8c10f4f18ed3ef4623b6d7f9ed9d173eb0fc00307901e0d8c65db263d6022cb3
structures_xyz/7456.xyz,1479,cbfd1a100af4ae4de0e54a4e51310963cd32490424dc2795036a25786e13fe2d
structures_xyz/7459.xyz,2304,0c66f5bd9e20ca498464aadcdff88ffd2de189fcad1325d8efa96978124edb34
structures_xyz/7461.xyz,2004,061fc501106e6ed7e187c4694ce6e17803ad4eca94bedd56708937c8ce0ef01a
structures_xyz/74610.xyz,1630,0984ae7ea89f597bfb4ad9f0bc20b6c92c34ee8f611c8e83a7c9dc708d9daaea
structures_xyz/74611.xyz,1930,589e836986e3b3b78481486e77158fb314e4c7e3b8f1af7a349616516d30bdeb
structures_xyz/7462.xyz,2004,d414923d24d861745fd02892d40970d74606aa4a1aac1806db894d30e5b88bd5
structures_xyz/7463.xyz,1854,1a50d957bc6f1dede5254e4ab28ab132b7c1be05f726d9b409817d097694e3dc
structures_xyz/74681.xyz,3055,33558be6106a1d02c9c4d502bfe0bdfd80a0a16b5de2ac0d6a18507c82376fa2
structures_xyz/7469.xyz,1404,9ff19144b6ad61e2d3b96e972c42f1a43cc76b0510f854d1b6a89e03f1c4c57d
structures_xyz/7470.xyz,1404,c74ac0165818c4866f4c36cbc33525d7876474ac30b673dc742109823ff3893e
structures_xyz/74711.xyz,1405,d944fd942e7832697a7f2c4a8d3af2fde4cf1e074ed6cda37aef5bbd3ed72cbe
structures_xyz/74715.xyz,3206,218c20adc827a9177bc61128728a46e2c203ce9e1095ae1dcf391c31e62ba3f2
structures_xyz/74732.xyz,2380,0567d86608789a485844c2eabc17c0c1b013baa1b613c7bec8b90805b1d4c541
structures_xyz/74741.xyz,1780,3cea27d91e622ebec20c24c639ad2369227b8f899382056d64786330f2b4e279
structures_xyz/7476.xyz,1629,a8c69e6ac0a5eea4d55811b49b071b9298555840e2afa71c85916134736e181a
structures_xyz/7478.xyz,1479,eda7d15067a34ac88fec583f469b52ca636f517f888507c7ac44dfff25b28028
structures_xyz/74840.xyz,2905,ca9a0aaa55a38212d4a6355dcd9448994e4fd18daea7620cd00ba8cfbf642afd
structures_xyz/74896.xyz,1855,247bc181e1046b6e41dff076d6d968d117482b93937f8125e38df7b9bdf1089a
structures_xyz/7498.xyz,1180,e12269c51cc17848c3b3b2f264e8bc52ede9394f68b2efdf364d9393f52caa9d
structures_xyz/7500.xyz,1404,ca7930ac86d1ff93209d2460d5ea027698854ae0a46170b2d7fa98cb3ce29a0e
structures_xyz/7501.xyz,1254,4c3f9903ad8498d39d2ba96e2d33ecea1d59949ca66af3b13555d53fdca50484
structures_xyz/7503.xyz,1179,ad9dbcd3360e4b3d9dfc4b6e6ea405e78f305410ffa2a155cff6bf97e194c7d8
structures_xyz/7507.xyz,1704,9ce7998897274124e4189ceef7cadd2b6e662e62447f308e022f5970989875e2
structures_xyz/7509.xyz,1254,2b38be215d62e94ff48a5da98bd1d96360fb279f9d88056b66d23f0de2d7c101
structures_xyz/75129.xyz,1780,fff60641b635689aa4028bdf0a86a71bb08d16f983207a137ac0ef4ba23851e0
structures_xyz/75142.xyz,2005,81d68a659d1fb4cb866e3aacc0526cdc8a9a8fefccea5e02999f0d8115347430
structures_xyz/7519.xyz,1254,aa2eee7f97ab124356e0f634e56c16bb142a1787a0ad662129a0bdff03a21fa4
structures_xyz/75222.xyz,1630,0167e9adf54529385a180c04f8e74b2ebe57113a27b4ddbf60bec3e16d8d02bd
structures_xyz/75249.xyz,2380,3243bcdb738d8d356c7ce8ed60b00f1b395943f119f166a45c177edccba14a78
structures_xyz/753.xyz,1103,1120c7c438255b90356cdfc5761140ccfa0f84d281ce8c538d1abb83ff272533
structures_xyz/7531.xyz,1929,de93bf42a00f0e8461c525617d4393a133665e0ace5dd3fa3b2e331b9af91c67
structures_xyz/75364.xyz,3280,1c0ded5f544987b18a91c0393930ca083c666b263b2e1e8760dba309e5f11236
structures_xyz/75424.xyz,2155,d254eed322e0a48863e82a8d563e53f5aa19a0e3bb735a6f24e1a9156c64d83a
structures_xyz/75425.xyz,2155,4c22d4b55eaae68a07986134035ba7205d38f3fe528190efdfe401fc4c77698a
structures_xyz/75427.xyz,2230,b09372adbc056c8efc68f4ed5894fb956ea23c9a7229dd4e62f140aec383ff74
structures_xyz/75454.xyz,1930,61fb786afd6ffdaef201df9d0f0d075b295f067669995587f7285a23099057cd
structures_xyz/75552.xyz,1556,29b35b84afdb099deeac12995058bfa1cfad74182bac12e6cbb0c71604ebe9b4
structures_xyz/75565.xyz,4256,a123ffd109c2da9c0353115f9467cfbec54ded1ed7ad65d2d4c82fe088451ee6
structures_xyz/7559.xyz,1629,b73890124f68213e1d8feae716712c75c31db004fee11607fc630c67e718af88
structures_xyz/75640.xyz,1855,34e732a3a43e7f5cb35a4af38f423485f82560541eb52da66724d86b2b9ed36a
structures_xyz/75644.xyz,1030,c31070a97349c1f7e86d896a873ab00c581724e04dc9dd97247f609a141a7102
structures_xyz/75704.xyz,2155,09e545af293e40df1c27c99763390c66a83f97cc6a6b9f6cdc1d03408df23c91
structures_xyz/75818.xyz,1555,406157f4a5daa8aaf6599e123b248e2e23a73013c61bf5b6dc5589aa1e44d53b
structures_xyz/760.xyz,577,ef4019f9ab987c18760e3eef94e13faeab935051075b39a04ba6f2d8b9d25ac4
structures_xyz/76015.xyz,2455,dc85eeb716df836d2898ff94784ceddf8a27c06d87bd23e71dd99e1b6cff3e08
structures_xyz/76081.xyz,1405,544c86148598057554e6dca1f99df8e50c36329080be144012566bd52178cd91
structures_xyz/7643.xyz,1854,b6d74fffdae72d8e967f31e758d9e4380db4394a5758a2b4aa0a119afda785e5
structures_xyz/7647.xyz,2154,4a7d40315ad72a255f8b1a4315f9aefc557c36ba97333243f1c3cd0d0c011cc5
structures_xyz/7650.xyz,2079,4dc79241616b7613e6ad2446a249442db7bc2bd5cd92bb67eb30a5969a69f6e6
structures_xyz/7651.xyz,2304,c44b7e08dcea83b23ba664b3792f0125417c716b8ee6709cad2ab6f7563442ce
structures_xyz/7654.xyz,1854,a048e9b779aab7a00efa8f07a0fb2111da78543f76c99e38947050fc53078ef9
structures_xyz/7655.xyz,2304,d903e273d37b8c6d03d87899046e75823d1bc9deb51b0f361b3da6e10f5a9bad
structures_xyz/76581.xyz,2005,f0f04c2079b0a5a63ca3e488f2e2d8650f04c247ca240a24a814e6e3fe14c1ca
structures_xyz/76662.xyz,1330,25ebb699920c2583d99c721c2215db70d2144d1f89291a2cb4f59d0a0974dfcf
structures_xyz/7668.xyz,1629,aaa2aedd6ba3357f3e1d06de1901db9f4a1fef18a483ed6764a7e434ae88e665
structures_xyz/7669.xyz,1554,480a4686acf8fad2ccc19d40aac77f27a5ae7bd9ea1cb91167317f3e4b46dbb7
structures_xyz/76719.xyz,1930,177681b06661ccf893f6354d23b7d3a48f0542e0052d924928f86f912633f074
structures_xyz/76751.xyz,1780,ba68312db503f6416da548fa1c4723d86bf0858a86f92e30d82ce36854e0e3cd
structures_xyz/7678.xyz,1554,f29660a14ab96bb9fd690eff93f9597f8c94296eeae087be1e712ec9744bfa7d
structures_xyz/768.xyz,276,c4d35037c6a6da96d08afcb4b119846c3bf69d6525a365c7f46f7e3c18c953c9
structures_xyz/7681.xyz,1779,f400bf9025d40cc434956ea973cc1698014ecdc54c1055226d20f3d2a8794cb8
structures_xyz/76851.xyz,1705,e57a488c5e5204b8816ab6e2c621dece66e6722fe0c51c0f0ad275511e7b4a1e
structures_xyz/76935.xyz,2080,e60a447657bc839246c4eb54377f11bbd0823885e8ee84c65b3132d563dffc2e
structures_xyz/76955.xyz,1405,9b2d041630e5ebc473d007d7d7d8013d5589655d4b33cca07f8910983e0cfbcd
structures_xyz/77039.xyz,2380,f371431f62e1e15142e9566c26a38b2d5bbb664fdd1a583a50dde176c6cbaf81
structures_xyz/7705.xyz,1854,6164c957277a451dd8899c4c781fa6bffbe38396157bc423da3b7e96bc10067a
structures_xyz/77054.xyz,655,ed3242d6b69fdecad05293243a3d1b892b8dad9a53bcc22193aa8d3efc931b3d
structures_xyz/7707.xyz,1554,541bba47764e2acefebde6ec0ccd5b1f00996e058d1f9668b2974fe178743f60
structures_xyz/7711.xyz,1629,dea5599f3cefb7ce21fde935ade6b71bf34bfb1e232e2f4ed1369a501a3b58e2
structures_xyz/77224.xyz,2605,832fcbe5126096388a7c2a1fa0eb71fc62bf047f1a4f95cae9b05d767bed7228
structures_xyz/77225.xyz,2155,9047e72167cd568f822b810a3e51bfeace34cac5d78b68941fcf958bdf9ede11
structures_xyz/77243.xyz,2305,4fd419dcd7e1ddf7a77d5d9e246328ae0188b20db1e9fbba5b91272a62a2e029
structures_xyz/7725.xyz,1329,7b143c512723ece1e667d0da3f5f4fcf3d20705173f4ba65633ddb49c5327978
structures_xyz/7731.xyz,1479,75ec85015ff0b358c6d067ef4dfac9fecbfdbcf18726f5626e158d55fd673e8b
structures_xyz/7738.xyz,1554,a77acb0e068ff737a72a12975db3753738107e9826095b69ce1af7718afb8b21
structures_xyz/774.xyz,1328,621096b158bbbe2e1ad653c817961d3a79fd84e26bfd3ec958889406884f4051
structures_xyz/77487.xyz,1330,acdff2ff401dabdf03bebc05a43e00d9ad6208f101532560761d497c94728fd4
structures_xyz/7749.xyz,1329,8ade8d3f30550d47d9aeed5732c5cbf4e8ed06c69776caf9322e28fd59d2c188
structures_xyz/77506.xyz,2080,c861ea0a9745ff5638a3c67b9b9c6565c80fc84b4a0b39a88561f0c07cc26e77
structures_xyz/77547.xyz,1780,a389c65ac18268ee3360615b8184f50f8416372f66a87174f68ba88a7956b432
structures_xyz/7761.xyz,1779,07fd84a8c9aa84c0f61f5c2a6a48e4210ab921526349b4d38ba847e9dd50e0de
structures_xyz/7762.xyz,1554,145ecfc56e2cbf6429d01562c2e4dadc91ec7bd57d9dff5bec5b4f29503eb919
structures_xyz/7765.xyz,1704,1c618c8b9bcd2a96e8f93eb400066e1c3d19d777609793ab702ffb74134ba3ee
structures_xyz/7766.xyz,1404,6197701caebd9f582eed42cf87e44362ab75d0296945e344eae5a86e9ae8c61a
structures_xyz/77667.xyz,2005,4575aae079c698fbe7892e071a8921ac86613d224f62f34b024654328dfaace9
structures_xyz/7768.xyz,1479,a6c790cc213ae6ad77d07368ea03a2fe8cc90450795c5295bbaf1da1a8778cc5
structures_xyz/7775.xyz,2454,8e55f494ed76bffc1f14a2f251c9f7b32b2aeeaee9f3a44b73dac330e2ff8c1c
structures_xyz/77844.xyz,1780,e41df620e7562ecb30d71aaeebcee88f51aaeb06587adc23cf61aa6db6dcf8ab
structures_xyz/77907.xyz,1405,3d17990055ce7e05c627bae9bc0a9884b1d0d5ccdb02fb9d6998e0eb4f710ccf
structures_xyz/77921.xyz,1255,a652ee69709e52515727de5826273c4886edd76442aa83e7bc0ea8b46e26b2cc
structures_xyz/7793.xyz,2379,3a70bafec6167527fce9cf540e6d5fad98c0bfb07c109674ed095455777b833b
structures_xyz/7795.xyz,2229,a461dbd9afb7cf7d39ea45d01abec3db5906690bfa6c8540496b040f50576214
structures_xyz/7797.xyz,2229,207e56dcee1d64b553c41dd2a1690c95a734fe5374dd2cbe7736878afdb3956d
structures_xyz/7799.xyz,2454,6ec6f989d4cff7e186a955ea84500082e2f79a97c5682ea09ebb07e8c52aaec3
structures_xyz/780.xyz,1553,49267e0ad8dc7eae79c40695fee538731b2748c503aaeaedc097973a29a8c621
structures_xyz/7800.xyz,3354,e0cf7470a89e1c628ac194ebf41e97345fb1183862224f4be64d7830f5006792
structures_xyz/78006.xyz,1330,6a2436cc4a38d6583f636f615d69bf870810d0aa03869959d8a6fa67a9585822
structures_xyz/78016.xyz,1630,b0d46d1fe1047df3b2f7b21880abef30b619f47db7ab16959f4f0aa61abaaca7
structures_xyz/7809.xyz,1404,06922f76bd6129e115832c7b11962180994c2f59317b4b3b98fe4360301acae4
structures_xyz/78147.xyz,1855,929836a4fbb84e292f3cb62d87c00f01782db6aee6f36e41753000dc80657b61
structures_xyz/7818.xyz,1704,e74fdb380eb326338a60a16129d730d31250079c16a1d584a0ef9e31ca52b6ff
structures_xyz/7824.xyz,1779,45366141736699b4108f819b766dd867812ec6103fc9ed55e8aa453f8f34fd6d
structures_xyz/78249.xyz,2005,eadeab785b792f21429b1295746d861a0ec12baef4e70075ef6efc9e13f86235
structures_xyz/7826.xyz,2004,e1b3324402d3cf977d36e53753903dd39301238050242b6ff4d92f2cf23372dc
structures_xyz/7829.xyz,2904,d17383a7e2aee84d84f871e6030e35f092b547fa4e540420c4cbc25f525e49e9
structures_xyz/78293.xyz,1930,2492ab6355d5fa1c852f76d3fc510108675bba8f5aa0e36682a6ae010bbe5a4a
structures_xyz/78321.xyz,3130,4e716356730ec1141c9a625b94523e2759731caab7615381e4377f9d63dc867f
structures_xyz/78429.xyz,1480,cb00b940f6bfc1a8552dbf6898257189d66f8e8905a5cd775519eeb30e17a85a
structures_xyz/7843.xyz,1104,9674ff9fbeec0e08f59487170a7c3ae40792f1aa803e362c7a8b1852b575f64c
structures_xyz/78435.xyz,2005,07430ab19829a5272c10d4b44efd294bd29d4ca8dd5b03a72ce646b6e5ce8695
structures_xyz/7847.xyz,653,e20dee1eaf2fa969c1b9bc3e522b26848afa3e251e4620244a73210f39dacaeb
structures_xyz/785.xyz,1103,1043892c694da0e42d07b3b463f1a5b1eaca57fb5a8eb7fb0cfb1f2581fda917
structures_xyz/78673.xyz,2230,219c94d8a31429d939d8b6437d4a82cb773d035e548adfd70c2651a8ae9a19f1
structures_xyz/78790.xyz,2005,e388e6dec2fe8600782a58a0f7d03e729ce40fe9c0c00b0d01cc06d12bad195a
structures_xyz/7884.xyz,1779,d7ecea44424cea64413dcfa8323af22afcdcf1e4acdea355904a61fbe71ff834
structures_xyz/78887.xyz,1855,a097e8a9ce45a3e8cbc68108e2c32e22a758bf7fd00cf7a059b9b76d9e4b9d7a
structures_xyz/7892.xyz,1554,1a4076666eb14c04c7fcc6c7148d24bcdeb61ac22d3b4439791aab3cd9cba4dc
structures_xyz/7894.xyz,1479,1c3382828b51edfcac8f8f5c521fda6d5bb0791bb8302707a76f5386e28b5ed1
structures_xyz/7895.xyz,1254,4998e5c1c81ca19575bbe9d05ff595ae0147a2baf37f520d41d23a1a75ba3003
structures_xyz/790.xyz,1103,d6ed5d52d17e45a818c37c85d435b7d76f654d03370bc7b539b99b1652206caf
structures_xyz/79025.xyz,1855,4878b50b70e07dfd781949b927ac0e662c14db103edc64ab28f43fda96e2be05
structures_xyz/79045.xyz,880,5957b70c06db0aa8c6e576496b831f5e375f0a5d5e9d8ad36a1affe51803322b
structures_xyz/7907.xyz,1779,3eb1f28cf6c56f6301033e6915fe2d30251d0b7ec067255578eff2c1e518c445
structures_xyz/79089.xyz,1180,174134d63cfad26f1b52a22c966cbefd862bb0c698fea22930279cfc5469d55e
structures_xyz/7909.xyz,1479,f625ab6bfce9132eb23af3b5f8df3c540273ff021d1e3fc481dd6ff102ad5971
structures_xyz/79096.xyz,1180,503da86a9a405a657efaf0729fc0d249ee8ef079fede35eeec274fe8dffe640e
structures_xyz/79117.xyz,2605,a9a0c7e35b609a324441cbfd1146fcb3e2dfa9349a20a039f2519cb273791f30
structures_xyz/7915.xyz,1329,8dcd445b4c28c751dfc1ab2f7fcd38807f215b37e94cd05901448dafee14d37b
structures_xyz/7918.xyz,1029,199775559183ab8e7f5162759113e2af69f8313a2cecd41faae9cfe9da37db64
structures_xyz/79197.xyz,2005,cebc821a20fed8b47eae62052ffd01f78c8e2aaddf6e716bc7406a11611a13a7
structures_xyz/7922.xyz,879,096245ac8cea4f646f666e5a637c414e4a2701e0988203ea72e1fc139f4956d7
structures_xyz/7923.xyz,728,8ca5bed1e69b79a8ec25c5011952d879cd820fc9b6b4d5559ece68db8bd17d4d
structures_xyz/7933.xyz,1029,a92c1acb0b5828c4739f02929bf3eff942dfad3a24c89079bd19b3046b0f9c6f
structures_xyz/7937.xyz,1329,4cfca0b355448936ebb19566114a51a896b56d9912097144d657e25f9d4f6609
structures_xyz/79378.xyz,1330,943b178392f70efbd7247d03fa890ed523ec9f51af5bab73aa36f9827532be70
structures_xyz/7938.xyz,1254,97517d6f706955abcdf10f0988e316c4c38966072c206de6de6bf5e2d08ad434
structures_xyz/7943.xyz,1329,aab8f12597ffa9ed932be415792afb03cb5b893a16b40ebfb8c40af2409a0cfe
structures_xyz/7948.xyz,1479,aa33ebe65cd9938f22707f671ffdf85a78f6e830d3b97bc816bd37b973b36137
structures_xyz/79518.xyz,2380,6e1221509134def79a31f575c91c68b83a6ffe8a8fbe085fe05e5d87422c37b3
structures_xyz/79582.xyz,2905,931835703c75063a288e704cf6fa09e835cd999ca3123aa522b61fcefe52aec8
structures_xyz/7962.xyz,1629,909562dbb20a2c4bea8552889dc7faa7e4de4ae6ccf8137f3cb5b5d467c0544b
structures_xyz/7965.xyz,1554,86d9840e8efe09f5fa85c519e1f6b570994a9fef852d77b1729bcbfe3dd28799
structures_xyz/7967.xyz,1329,35508f1220da62998afe441eb47d77be1052c948d00cb1ac82b52e8349b56018
structures_xyz/796857.xyz,1706,44c2277f240715faac4be6eded8be5069df5f31080f72cc1a6a6e2ec22bb5a35
structures_xyz/7970.xyz,1104,753308c08e55c90bdf041e6fbde251a725ca88a36fdbd2615ef9c90d96b1c1c9
structures_xyz/7971.xyz,954,c67a545300f971d7424249c3e1d0f925492234cb04ac10393039b4fed0ea8f23
structures_xyz/79730.xyz,2981,2555e3fab84fdca3167ef97d89021ef631c11feb0cb4bc4a98e1c31edeac9a09
structures_xyz/79738.xyz,1855,7d78e13a80bc84bc5082b69d7c122d5b6a2b291abe533be6cca563c52770565a
structures_xyz/7975.xyz,1104,0c33feb0658263886bfe0c72984baf98f700df1f01474e12a18d85a90ece00a2
structures_xyz/7976.xyz,1029,fe7a91033d9c977823efe188b803b723116a5cba7404f013f19452affed4eb79
structures_xyz/798.xyz,1253,0b9741ad14d5ac68d5f3546b5e558b127f58e584b5ab33318a79c079e83b885c
structures_xyz/7981.xyz,2229,c102ec19c000ae948c8f2dca0d5b02279e9379018f8828e3964c015bdca588c0
structures_xyz/79828.xyz,956,f0329542d3e097fb124801c7ac73aac70d116d7a59206423aac60225da61caff
structures_xyz/7983.xyz,2004,e81fdffd15f2f8ce559fcc1d733c06730a6300c12be822cef421402a4a039e11
structures_xyz/7984.xyz,3654,1e1b6e99971a77b0af8beedcb2ac75b0bc8d51307b497a7e8e78d3365e8fe8bb
structures_xyz/7991.xyz,1329,2e398d602035fa29117d27d76bb3b747f49bcb4e6e2e9af8a1c407a27b46b1f3
structures_xyz/7996.xyz,1479,0477c86e7d3289f2d1077acefd7abba7dfb7bc6e4f0a7c5fc4cba754f2078978
structures_xyz/79983.xyz,2830,7c6e261fe75e703c6954038c6e943bc7e6ec5e9046760f709339b8529364c259
structures_xyz/79985.xyz,2455,d1afd862bab8ea1591d353b4c3e4d9420e4adb7531015e9fbe7421d206f75fa4
structures_xyz/8003.xyz,1329,ec0f325a7a697f4d0497e0fe446c0136bf245fd4587c723b4c4a9fdfb1f7c875
structures_xyz/8004.xyz,1179,1008180d51dd4366729b6f8c72691c38863216fa997a6154ef561e4931508563
structures_xyz/80048.xyz,2980,f69cc7e8490528655b9843d10b6cc88c9803bb6ff799b74e1e6ab589017a83b4
structures_xyz/8009.xyz,804,f40c7b855323f4c0e17d13b4ef69159888b400f6bafe762b24f680dc9dfb4f91
structures_xyz/80103.xyz,2230,e33254baff60dd17565a09e688e6ae67992845854a30e45569b695692c17c678
structures_xyz/8013.xyz,1029,9766a8d3b6e270c77316419bc71213ad2cf4e0bc1bd65486c404a2934ee6d0ce
structures_xyz/80131.xyz,2906,341612839919ddf9d2fd13107c38c3ff716da97d844485f6dedc9bb5aaa13c90
structures_xyz/80165.xyz,2830,f23b65478ccb0ac3605e8964e6ed45dd03b189b55e5831c8ea712e36a24ac45a
structures_xyz/802.xyz,1703,6f1107d209a9e44202dbd13422cb693231c635358d9f1cd065e04f630cb58064
structures_xyz/8021.xyz,1254,3d5092a29c49737093bbc5de9e8b1e3ed868ff9670a5b16b777d0abdbef0fb33
structures_xyz/8025.xyz,879,e0ea123cbb027ce1f48c0c7599dcec59ed65981e0e0d5e8f1a6bdcbd48095090
structures_xyz/8027.xyz,804,01afd44c01e51e826fddc7bac072f81e1c6b29a9dd05efe728bde8d8b52de1ae
structures_xyz/8030.xyz,728,06d0280e32fa109441822464b323145b7bc7eaf429d11205c5d1cd90ca532b61
structures_xyz/80309.xyz,2230,f532a947699dd79d14405e2c628be62fcacc9de3549ba18713af7572c233caf7
structures_xyz/8034.xyz,1704,46853de6bdbb43671fce9a0a69440f3006210f58c99e865ad8b28ef6e8749908
structures_xyz/8042.xyz,4029,cc88a07061f8ba09f02d5bbcfae61a5ad0e4a1262c195d59185e5b871709d99b
structures_xyz/8048.xyz,2904,cde89451a79a696c308cd1f551cbc2cdf341feb1b8903ad15ec6ca82b8a87942
structures_xyz/8050.xyz,2679,c17c4a84e2f28282d92f22a5bb57f8d9ce4d7087544e616514bb50f32bbd8a66
structures_xyz/8051.xyz,1704,fb13188133f074ddd433653f9922b327a3d0e51a88475891de1a794d44a9fab1
structures_xyz/8054.xyz,1404,80ba65d3504c417d1c5cd1ed09710d85aa3f3cc7d6e00ebfa6dcdb6f422c10db
structures_xyz/8058.xyz,1554,ca78c6bb35878c6e5770e04a0d34e7524c251e71813573715513f97d915beff3
structures_xyz/8063.xyz,1254,78d71f8f7e73b06f02d6f8b02228f7c8c9f5842de4daa73040b1242198a2dc25
structures_xyz/8064.xyz,1254,154f76a54568fdb096ea212843e56b1b9a749d9e9450bbc25943bf82709dcdd8
structures_xyz/80642.xyz,1255,9d54c86fdc40ed818e5095b47a63d73cbe4728046c3bc0407d0626541157e541
structures_xyz/8073.xyz,1104,3d516b243af87e93280d48a3c9eb4d78ecfa49e9e25ac15bc2d7fc528cfe3f92
structures_xyz/8077.xyz,1254,78f7fb39a2719b39fc27063b1d496fdeeefbf66df7753e0afae008a85cc03d7f
structures_xyz/8078.xyz,1404,3af3bad00128105d9d12389271d4b35edb08f1c5e78618a53d201d5343871de9
structures_xyz/8079.xyz,1254,b8a3bc0ec608ad525e28cc6fbfa7ca294229c4f1292492acd4c5c88705ee4954
structures_xyz/80790.xyz,2155,ad311308b6e36d2d1104ba98b9220f6e7c69e3bac5c32fdbecd2e9e05fd63e59
structures_xyz/80792.xyz,2305,916cbd86d2b4b85359e1372ab1d840f6abf1ff857ea0af64f6c0b4852cb503d5
structures_xyz/8082.xyz,1329,79ef05c4d412083883dfa57a08a6d1bab43daa96a97358c695fa55ddf0a44e95
structures_xyz/8091.xyz,2229,cfdc495c8196a2683f18295ea9339dad36e1861280e09c82a6ed7878833b01da
structures_xyz/80922.xyz,2080,01a3ceba8966f4288172408757aa9f85f453a7de832a2234e83eda9ac949210e
structures_xyz/8093.xyz,1929,872cd0110074413b1e5faffedc51014f6859ee830f82039752f5764bacc2a884
structures_xyz/8094.xyz,1779,562b3c10b081ab791e535ad1edb729c2b5c332bd20aa104070789d8a67778959
structures_xyz/8103.xyz,1629,106867b261e8d2c067554ac252cfc8044730d7b97091209e1ff73894e0426c34
structures_xyz/8105.xyz,1479,3c17b67fb7aaa163ed8b8455d3dd32598e8cfe644a777637a355aedb1a2d30f7
structures_xyz/8106.xyz,1629,c83e25ffa29ddfab3cad522c8e446f2161353abbbdfb2841220b1d73b10cb5f0
structures_xyz/8108.xyz,1479,85a22920f3250a358f4d0fa0677acf006a869b984f23035d25faefc65ef68eca
structures_xyz/81136.xyz,955,6dbbbf02ab77ff714f05cc861ad96fb5ef2286b8dc496e37a7b69ee794340d7a
structures_xyz/8116.xyz,1329,ef944818488106486fe76d03132b45958d79441406691ad10959014b11eae78b
structures_xyz/81203.xyz,1930,6a513c0afc4a41ce0beecfb00ac918a633d2dd45edcec0bf5df1ec9626bcecdb
structures_xyz/8125.xyz,1854,59629827b5b9c00157de93eb2628534bd03cf220e99e282b69c4a04760dce5fe
structures_xyz/81263.xyz,2380,79ef0316dd7a87f5fe363c9c8c1c553bcc674292b76f91bf1de3c2b7ffbc6f76
structures_xyz/81277.xyz,3280,158553b28c24278223d0d9a1d3ca07613694b8a8b78c2ef3456fb1e62f527ab1
structures_xyz/8129.xyz,1854,fc3ca79f85c47cc6e6fa6262da9ad082685e1c0da17574f1ef2d15c0e78edd74
structures_xyz/8130.xyz,1704,6b7ca6eb99175e29ec293252a8c670162ffa28254b610eec9950e9753b0365e4
structures_xyz/8133.xyz,1704,1d5ee0eb75953d3ba7023903ae83e70942de5af37c9401793d7e34da6cc13876
structures_xyz/8138.xyz,2754,4201236888029003ae2bf0572315d764099ebbb967a8ee12c120541ee486f0f9
structures_xyz/8139.xyz,3129,2c17d9f65cdd2e87178637dc17765cf052949b6c3657f72dad5d23d6798f6419
structures_xyz/8141.xyz,2229,5832a19124b483fac0e47d8cc7fa69cfb54b77726a131a456b4b2aa3de197856
structures_xyz/8148.xyz,2154,f5a2822f677435393fe165b3a2105450386c0773fcf17c80d93be80b43bde229
structures_xyz/81569.xyz,1480,db42f4e4ee2da77add419bb2b36136c62deb8c909a593527d57856dd2c67f9bb
structures_xyz/81570.xyz,1930,b48e606517319050e19b354715c0117b1816d76cc21e5e4a5349409ce3a4cd5e
structures_xyz/8158.xyz,2229,674b6db2c9efcc4ec36235057fd929e4eb8b57735b8734820e481973802ec41a
structures_xyz/8159.xyz,2229,742a7173987f68b890b082fed0cbdef908a2839975136217deb871bfd328dd43
structures_xyz/81597.xyz,3505,a5c64878a931cb52b1fdf080491a038299f83c1ffbb157b667e07345563d675e
structures_xyz/8163.xyz,2604,bfe7173ec898d5d674905c6cffe4ec08fc18012d5829a324b2bcc21125c72b2c
structures_xyz/8164.xyz,2454,89fd94c5254f6d3bc77a92b7d972bc54b4d1b49e253a846fb4903ae03f1ef711
structures_xyz/8167.xyz,2904,1ada6c6700fdcdada9dde839caa444a284846aa3edbc1cadae2742da32778302
structures_xyz/81722.xyz,2230,17c8a0cc8eed0318a0cef85a74004018f74a4ca36b8059b510d52bc2adabaffd
structures_xyz/8174.xyz,2529,745f0674f1b79b2499fe26ad7902d9cf4b4da26b5b1a5d755e22514f88970835
structures_xyz/8175.xyz,2379,667223bd4ed62ae59225fad85693c262d6e2e6423e7a796c8aa795df9ace1125
structures_xyz/81750.xyz,1855,65381142244927b86c1242722c9c758717e0df87e115f3234dad065ef776f773
structures_xyz/8176.xyz,2229,2e4ff714742133cde35113759d3e931b35edad2a47e9d6701a4ee7d80ae90a60
structures_xyz/8177.xyz,2229,967c3d189d2af65f605fa8af19f00df38e20d9c06bb2c439ef137067b4da230b
structures_xyz/8180.xyz,2679,a9e34e6662ab98c46ffd869f13b851c5e1bbcee33d69060f400afacdce562153
structures_xyz/8181.xyz,4029,3311dd999e757f73bb34ef7c8cb806d4186de8193a03cc800db7cbb308722723
structures_xyz/8182.xyz,2904,5689d888f6beb0a95d6dea6d057638416494d8046f34a19323703f4306a496aa
structures_xyz/8183.xyz,2754,aee7ae7333eb841b09cc3098bc4cfd91753e85b1fd2be6e7a3ba9e8e063cef6c
structures_xyz/8184.xyz,2754,8a0c256c7ae71d79672883acddb0742ac202d3bae5a9ac09d5f42b9284005d12
structures_xyz/81844.xyz,4180,020be3cc659d1ab3c8e3254640d9dc97dd4929c7a668e7e3019a934310db53a0
structures_xyz/8186.xyz,2604,fccffdd275c5fa4f1721ba87c80234672b86b2d20241a86a8a28afa738239a3d
structures_xyz/8187.xyz,2454,495cf989f29d63d9f19b0e497b17e1abe7dd2a759316e6b8c8e271de1852e110
structures_xyz/8193.xyz,2979,1e9553e7be61c7487b918bdf2b79afd030b06f4009b4d84eecaed3c9c6b2c8e7
structures_xyz/8194.xyz,2829,6c36e901918cec4fcafa303d77c63217236c439cd61822de7ae4d94a0aedc51e
structures_xyz/8200.xyz,2379,cad23a4c66e22e0a71fc0f00ae7edeeee60f0a02712df9008d9821c61c404137
structures_xyz/820378.xyz,2156,ada9284f002b16a788cbf963d5fcfae7a2b140c388b56a1988450e9da1248eae
structures_xyz/8205.xyz,3354,edcce9f37a3f696c31715167d5ad5364350d83d2e826dc7ddf36ae7f05772bc4
structures_xyz/8207.xyz,3204,a03d0d618ee5ed50f7553952e357a82361f531c80e323cadc585a4e130ae84b6
structures_xyz/8209.xyz,3429,d5950a7cca45d344d341afd45caab9ed66dd8debadea625702aad17a006e05ac
structures_xyz/82140.xyz,880,dfb6f89f7509ba68180994ee585ffc515fca1292d24c3b67dbfeddfde5368905
structures_xyz/821448.xyz,3582,57af0d2d7541face5a9c03c38ce9496d30b000987f32ae3852475e15e48a2c19
structures_xyz/8217.xyz,4104,44ad51e47b4f75accf87ec0b2ced742f10ff1f648a30f0d0bf724b9768f452d7
structures_xyz/82200.xyz,1555,81f16e8daeed38627336ca68355a22a493dd7499ae97da068a2eaa8960826549
structures_xyz/82227.xyz,2005,bf0ea9f87ae0f4e9e917ee301bf4f0ab74688db83ee377dec17bba80c609578d
structures_xyz/82229.xyz,2080,a7b25c7fd7e90a69bfd7519fe6b6b9bbee3e45b90f8c8e4e88c2cc2d97dfe9b1
structures_xyz/82452.xyz,1780,7129c49fa5c973d7cb80c54d6056bae92f55d66680f0653fbd7de5b299f69c00
structures_xyz/8247.xyz,1629,457598f20451bef0b8083341fbd2ed8083bf27a4d1774d56402ea4e69f700382
structures_xyz/82480.xyz,2605,1c7bafdd67ddac0bbe9e0d523017a74c208b82590b90b1eafa666f4fae265dc8
structures_xyz/8254.xyz,728,33afe441dd58f9ec4817c7f90c3dd4ea2284c98fd3c580a022e9ddd26c720893
structures_xyz/8257.xyz,1254,fc7e5e8166fd9633cf3597859a7209db46efecfc854d493f8aafa7d066a500ff
structures_xyz/82755.xyz,1630,414d13ff227ec77d2f8d88d3ae27c43ceb12a4090194320305b4621b096ac86b
structures_xyz/8299.xyz,879,6e587b8045d2d2d91852ab9b794f594c72048fa093560380dbd53eba287845b8
structures_xyz/83182.xyz,5306,388ee2820956691d4bc2afae8008e1c9c8360b403cdb3ad2685b35c9feb695b5
structures_xyz/83247.xyz,2230,0f48c0dc23bfd33b91f5e50ca39c0db8c4589fcf9147a621fd28e0f9867c58d2
structures_xyz/8344.xyz,2904,1fe6f930f433ec72a49708cd9887cf27a1509955b5587fe34a455d91a3406ece
structures_xyz/83489.xyz,5606,cc266273282f4ffed6e670e19927ebe9c3d7a9da223c11fd122b38044c8972a6
structures_xyz/83528.xyz,1705,dde6b36b8c9c84563695751063d4657c026162e7b6984e50ec4d8089bcb53336
structures_xyz/8363.xyz,2229,abf7305d9e3c95cf63543005485bb1963b45204282f846f994ddac518de01b93
structures_xyz/8369.xyz,1179,337693cfdebc429cf73cacf28c47b80fea8032811e9adc42cfec45e3301417e4
structures_xyz/8375.xyz,1404,309d1bc746c97010dc3518ffeaad7842d0597c64dd68805c4413dbb0a0337e03
structures_xyz/83810.xyz,2230,6487aec12fe2f630f6454952e99d1ba001b25575fad45166d2ecd76799d3c5e4
structures_xyz/83887.xyz,1255,c0bd9d1e00d8788c2f7e14e69f55b05fc7cd8714b8739e2f8830a426cdba4d97
structures_xyz/8404.xyz,1704,c322ee68c68e6528d98ea5fb773ad00ccd7555f27ebdb03e4369b126bf11530a
structures_xyz/8417.xyz,1929,ba4baaf6c30a22842dd50196d832426380a6129c6db773cf391ba279f2587ac6
structures_xyz/8418.xyz,1854,72f381a858efb7af52356dd2abc898ba44824c4e3c6f37b5ba0b207108cc0ecc
structures_xyz/8419.xyz,1704,1f508a566c420064d96646402ad251f8bff5a82bd20300aa443100f016ad6d36
structures_xyz/8433.xyz,2229,e0fe2906f0867087326a6d5ccb3518855c50624ebd0b09c2e350f855fef6a563
structures_xyz/8434.xyz,1704,2a4a739ce241bf0ef8f8188a4c5214aefa6b311b0526b759665f334d154811c7
structures_xyz/8437.xyz,3130,b2b1fda9efee02341fbfa124d9d1a87a2aea0c32418de5df30ac6210e94c300b
structures_xyz/8441.xyz,1854,37ec25261b51e7720d799aa7063f98d23817d4a957662c0395dd50f8bc68e9f8
structures_xyz/8446.xyz,1329,066f0a4159acba440f12aa116f558e22af267bda88cfb8d36da757f138c847bf
structures_xyz/84532.xyz,2080,13cbdca3189252746809335ddf3babcfbf5c25e39e4f6c60ee57370bbb5874cb
structures_xyz/8456.xyz,2229,70f4f773be6b0d7336265478b2381ca9683f768f2e7eca51ab6f86153d196eb0
structures_xyz/8467.xyz,1704,d93fa2e713caa67bc97c89ea76b239f1322c1a8e12bd7f75f4a06858b808d049
structures_xyz/8468.xyz,1554,7e57a23c15f9d838c9f025b41693ca62504c8fcccc3603c74afe27cfa5adc40f
structures_xyz/84682.xyz,1180,180a9a7f89a03bbb83d8b08a493a7afe1cd6e14ac333e5b1d292ddfc0eba8638
structures_xyz/84740.xyz,1780,057d3f95bf7ff47ed0712638aeb91044933b8617fd70932006edc67112380fad
structures_xyz/84849.xyz,1705,824527aacf646e4a7efc0bad6203b6cc5fac63ed2a6d02099947c81525dc3dd0
structures_xyz/8487.xyz,1404,67e78bd3a50d304df7e3962c9c5b0cac6b2bbc5f2ad3fe1a65e9dbb3ed75b815
structures_xyz/84880.xyz,2230,b161bffe0e3a92f70d8b9a57114a960d6d153511665cde4801d477eb84a660ce
structures_xyz/8512.xyz,1929,60ccdb654cb31a728f274eb3cb446ea3ee41408dc694babaf2cc1eed1783540e
structures_xyz/85150.xyz,2455,6ff9401b3ecc3f0f0d9f8ab9d09ed342a4913fbb63e4514907d6ef40aa5c31d4
structures_xyz/8550.xyz,6055,24f14dbc4abd2780e9037c1ece9cdf34507f25e37ae9e07e2d9af0efe7301b97
structures_xyz/855016.xyz,1856,17f033bd0b2f7fbb0f6ec732c280f4e77b0ebc5486b291ed830aa1fad68d6ca6
structures_xyz/8554.xyz,1854,89265f36a686fe955d41cb863983860a68a8d9b6c57a1bec9c223175c367698f
structures_xyz/85567.xyz,2230,6237ccdcd34c23ed3b40de2227aea9fe4d7811e9361ea20fb051f67f9fe43a51
structures_xyz/85568.xyz,2230,f00bc703e796c8235bd121df70aaf53079a393a82edfbd235d8bd69d1570b049
structures_xyz/8559.xyz,2754,5717fd6db70ed6ca5de715f78449162ff53662904b76494cee6d2dd8e4dea979
structures_xyz/8564.xyz,4480,3304d2d1666725a0b2c53f1f8578d574bb3972d3d30c875c4fefc1b36cd766dd
structures_xyz/8575.xyz,2304,892c6f8aa9594cb5e5a173a66d62e962292c87377a91b467f511ba024e44a05c
structures_xyz/8601.xyz,1554,d3d795215707310e2c340b12df14511353f89af2248fd4e24c64abcee648350f
structures_xyz/8635.xyz,1554,3b4409933723bb1e2fc1c955c14ea45a66d4969dc859e09ffff395c7c26b397d
structures_xyz/8655.xyz,1779,1a48c9f32ce0209925c88e4b1a694559ac9b04a3efff84af44f6e3e2a96e12c0
structures_xyz/8658.xyz,1404,2e50186d84ba7b7e82d054074f2106c115cf3451b3550f24e4eaa9dbaf8edd98
structures_xyz/8679.xyz,2304,6c1af5a23a2deaf28d62fb2d065686116d4cbdb0303e0cb917014759679c678f
structures_xyz/86895.xyz,2830,3ffa91f95f9fe47f440a6ad5ff05e726eb284bcd1864da06de87b0db399210bb
structures_xyz/86950.xyz,2155,23a5578762b3d1a60cacc2cd2f3d3db5f2b012c914329ea9451a2f3438a1eef7
structures_xyz/8698.xyz,2079,caa556c1ad3d9098ae6b8daf5cb60a6efed4de198f6afdca8c9400ea7641dd88
structures_xyz/87014.xyz,2155,1fc15c982788cdcbee3ab123d68ff7cb7c2eedd097e4a6fe4fe3f4a8b7c31dcb
structures_xyz/87017.xyz,730,a26df8f31f6f5c450ce77b7976301509a2b3794c3bc912702ea458269adf53a7
structures_xyz/87074.xyz,1405,033620d15452539c12906465dce0ebabb8b630240b81fafe007d3993fbb191f5
structures_xyz/87079.xyz,1555,e3f027482b76e340a870d319e1a637e82653cc1ad7516255da30f430c5afff48
structures_xyz/873.xyz,1703,92d4c2544736129c53c930e6693dd2802a6bd36d766e5074d3d52aa62cf1a542
structures_xyz/87370.xyz,1855,3503d43eee723cbd4c49dee5be94a98b878bbee66052a8ae501c6ad312c5568d
structures_xyz/8742.xyz,1704,17e726069aaefa1d9413e3c485647cd40ab764d398125f4014bfb1358235a797
structures_xyz/8748.xyz,2229,5d7840425c57af648428bd2c6efba38d9595b82315ccc8cb4a1f52d09f436aae
structures_xyz/87568.xyz,3430,85361958e98f28c5fbd06a177b48af197a2ae8579f4939e3aaf543ac1ce81ebe
structures_xyz/8766.xyz,1779,e5171b34a7b40bef84162aadf5b745ecb1850618b412cbe50858d9607f26ceac
structures_xyz/8768.xyz,1254,f3f58a58d464673468686bbd5da24bd223c8c5673dc870adb96a6e59a7e675ed
structures_xyz/87691.xyz,4031,06e6affa8e046ca459d9e212cadda92f2158044c30305a289a776149e089d00b
structures_xyz/878.xyz,502,860b3fa0cdde6ecbdbeb290340780573ac05d52cd14eb936715345f5bfc186d3
structures_xyz/87839.xyz,2080,d2c09bd4770fd76d1aacd67fec06baa62c69e56185be94e2c80833816988644d
structures_xyz/8785.xyz,1629,3e3220ede28054bc5191d40eb8f6d36bdea0c495b4f5059156b79c8e546ee621
structures_xyz/8792.xyz,2529,494fd409f4e091ca8ae99b6fce60364204d0fdd05af89c81d0fa599ce302e992
structures_xyz/8815.xyz,1779,b5fc8f19a27dcfddce9600f42d3bbd911122833fe7206796ff7d5053079f7507
structures_xyz/88295.xyz,2230,124149cc0b4e1d7d56c325e4b94bc2c38e7c7e7c14507f097f2102a6e28d7e34
structures_xyz/88298.xyz,2080,e19b5b0082038cb0476e2719ba0f29abbf66b5bcf56119bae5cb4e1214e959ec
structures_xyz/88301.xyz,2080,7723e8ec6086d8b65c3726c8d7b8116355ae0f684506432b047eeae1dd0c6da2
structures_xyz/88302.xyz,2080,be7dc6d07fa52f41dc5a4af543c1bf139937f9bdadb4624d20a5b2a107e220fe
structures_xyz/88389.xyz,3505,5ac4211df93cfb7b9daa8ffed75b14db6679a2da9f0884d38da477b6b3503c1f
structures_xyz/8846.xyz,1629,089c2bd141bd39ce6024660d671fdf885f0136f5d8d6e115b3b02bc5ba7f13d9
structures_xyz/88556.xyz,3130,18721a5b6746f56064dd63d2c946c7411674f2824ee339267545dbf8bb981142
structures_xyz/8857.xyz,1104,d231618c5875ca1923bf26d941b1e06e61fc733ea0a308bee536d749a540211c
structures_xyz/8858.xyz,1329,e6543576f6544f9ca1b812d79e5f82043ae29d4a0310d86aeba19a429b60a84f
structures_xyz/88692.xyz,2755,7fb660d3479db80414c37ef312221a185dbc5275bde15d6320aafceed861efe4
structures_xyz/887.xyz,502,e2870dc0d66914638b7fbc10aa5c01e02970ec669770fbf003a9ab03cbcfbf71
structures_xyz/88708.xyz,3431,6a15fbd3d2b9c92bed3e4b66ec2a554c34f280710dc7fda68c645c80af1d2b8c
structures_xyz/8872.xyz,2304,4a4e0753c4c21487086d09bdc3756b60b27af5ab67118f6e066b61999ad42c4a
structures_xyz/8878.xyz,2304,dc5265e3365006afdd584e02030fc571b4c35f64b7a2e5b6a3f68f5d433b696b
structures_xyz/8892.xyz,1554,9cedf174eff160be0169acd144a47dab1948dcc9632a09646463fd3f293d6c50
structures_xyz/88944.xyz,1930,658a46184c7c7e20e5d377b2a4ba68a7b4c5d7f1738fbe4d440de2952bb47914
structures_xyz/8900.xyz,1779,70d385ec604571d484d8c66ed37aca650c8b7ff8a1f40ef67819cbf3d54ada7b
structures_xyz/89047.xyz,1780,65a45e6927ee781e80fc5c79c3aa4a3026cce7c649860b57426d99e5aa0dbab2
structures_xyz/8906.xyz,3654,7c666be0c120d23b9335f8d4b569f396c19b56d3cad6aaa4d6196f7e52b34916
structures_xyz/8908.xyz,2004,b2aae811d005dc266a984d74f0895c9ff83c4ddf5735d08430e3ae48e541c11b
structures_xyz/8914.xyz,2304,2238be5e6aca5f186922d68617ecac09f7213f1291356206d6f2840ca02b6d8d
structures_xyz/8918.xyz,2679,874958490b20c2ac8e73573cfd2fb9f0262fcb67babc628f12b8911de675f8b5
structures_xyz/8919.xyz,2905,b966f705925d1c7d17e31649e1b9c92c5e3943b533a65780266a017ae1e49e3c
structures_xyz/892.xyz,1853,31b9ed84ca21dcf05b14558c3e3b3701b2ac9eafb20b29df55702acbba77f54c
structures_xyz/8955.xyz,4179,af413c08f0734c1ed6de8fa0e2958215c59478c440cc0a619c0e7359ddb79390
structures_xyz/89594.xyz,2005,3b951a38b9f66f395bfdeb441179a6c84ff6fa83f6520386cc0577bcd88878bd
structures_xyz/89640.xyz,3806,f79b8c5c165130b11a98739fa14b4af82ee8a18208c0b29c37a3fc9d8ce711d8
structures_xyz/89664.xyz,2080,763e457520f06f2bc217acbf0fee1abbb7cb30d0ec795589e9a01f2efa23b3cb
structures_xyz/8969.xyz,3955,464cf25d159f8d3f04cd2431b1cdb3f715159f00a93730dc86bc53f2788d9b96
structures_xyz/89728.xyz,1405,6df957e14271d46cecde4eea65c5bd5cc505a1acce4891a3b2276a04754184af
structures_xyz/89755.xyz,2230,68c5907c3d4c9a1df97ccec7bf7fe2da0dca670877246c1da6bd95c145c06b73
structures_xyz/9007.xyz,1329,dde195e0bff3fef7fcb797c2c22e0859c3093d629ddd883536cca9b71abc1e75
structures_xyz/9015.xyz,1329,b01ccf9805960b7981b53d18ebf18a6792ab67aacf9f593e2ad23a5be928db85
structures_xyz/9025.xyz,1554,6a1bebc2b6c8751df6528627d016bbe309b1ae952edb46840c8736f9c4075ec1
structures_xyz/90350.xyz,2230,41a57b1b08bfb57268b016b29be997995909aeebeb06c8c2c79bcc465ceb9931
structures_xyz/90351.xyz,2980,75bffd52a1c1873093704f9934be27b4fefe1b5c0f7e73bb1f5089940574362e
structures_xyz/9064.xyz,2680,66a8ac244a0d2bf8a61378055555e32711f1c2c0e44c93f813b2792b41c487b5
structures_xyz/90969.xyz,2080,9569f5eb33c6d4539b739b2374d031d85a80725f64f7474cbdd8268b6f6c989b
structures_xyz/91.xyz,1702,49a8203eb8383a4bf82114f25e8c2ca2152a808b7eae2a933722e9e2ff965bac
structures_xyz/91457.xyz,3205,d1aafc6c48cafcd414e48d0584aeb10c7a6904f4020399b072478cafad40f95c
structures_xyz/91458.xyz,3506,ce09c7754860ebb6b22f560d87440f789ba69865fd318e8cb00660a37b210be5
structures_xyz/91472.xyz,6131,1065ab7e7b3bc5b8ffc1ad858ede6734c005a085057317822c9fb2c8d6d04bb4
structures_xyz/91477.xyz,5456,6646799a1688142648bc8475ba30519fe2abf776fdd3c5a99d7282845d167095
structures_xyz/91520.xyz,3581,5a635f9c3ba7ab2a08dba670af7dc51fc71cef16822addf4639b33191cacf98c
structures_xyz/91536.xyz,3055,027d5fa0b257f94a3672df0cefd3a0359d19202c1107811a8f05289a184e3496
structures_xyz/9154.xyz,2004,46d9cf922609b2365d125b80de34b54a15585d7a066031c44a20041792726182
structures_xyz/91588.xyz,2005,fc8f00edb55baca5628a975ed7552de4bac2fd6aef7b9ee820412c1711466cf1
structures_xyz/9161.xyz,1554,969e18d5dad4a89836f077c15e784ca099bcae47bcaf71d62b4bb646b8031001
structures_xyz/9196.xyz,2154,063c1b658820b80d49bb887ed4e85a4fdb8720979f0107a4572eaeeacf1090fa
structures_xyz/92094.xyz,5681,cf3eb25705fbdf59b7784aeb50a15abd07b29a6318aa273e636e1171661c6c26
structures_xyz/92097.xyz,6131,77243ac7f7ac4c6cca5cd0e472be6553efd2bfdb12709266b46a29de3a07b5df
structures_xyz/92101.xyz,4856,ee52757859e5e6e517af196a59a2e8e525858cac8b05645ce92dc88d5e100760
structures_xyz/92113.xyz,5681,ed3f51a093a520728828d88a4ff68e57cf075fa1122a7c0df80a3ea825c59ed7
structures_xyz/92122.xyz,3956,1d34fff7bca496193b2a0acdc8ef2227352b31165e0f370c0adb1d390b8b676d
structures_xyz/92123.xyz,2981,1806d7e89c7c74bddef7da3dcbd2d2b8eca1783f3ffebfcd013e99c5490a718e
structures_xyz/92135.xyz,1180,00bb50e2f8b2dece490e5e0e0fbf850a22dbf34ceea6571a5939d04002b4893d
structures_xyz/92138.xyz,3205,f7218044f488a6e56e54f84f1f6365c931b57648447a3cbdc48775ddeb785978
structures_xyz/9215.xyz,1779,0866b0e23833a480ca37f9a9d2cb887b79d262f220517500affd35f32ca9e478
structures_xyz/92155.xyz,6056,fac2e8576e36943ec877beeac8685c0a37a9dc3f94eeff3892865c8bc985543a
structures_xyz/92156.xyz,6506,1939378a19476806806d835f7c3af14df74b0b541caa687da81c93004ded2c99
structures_xyz/92157.xyz,6506,ee035d9fb133d7eef8b0642cccc73a46af81bd274a7a26143e40f41e7dd89fc8
structures_xyz/92158.xyz,5981,af0c32f6d1547f09cc4c3cc2165bd67036a72ab4eeb895a08b00a60dea11e10f
structures_xyz/92201.xyz,2455,3601a4bd4613e48fe454f9cb93d54a037d7a5d04e02c9d5df5d56b225c2b09ff
structures_xyz/92221.xyz,2005,b1ff7ee1c3f92f0b83be4bdd42ca81615c5f2024f4eb7d4764005430cb851bca
structures_xyz/9223.xyz,1179,43914cef7fabe0c525438da3c16a3538dc29d59e1a5eb95f0467ed8d8f3bc299
structures_xyz/92231.xyz,3055,a3772e46b087639a789bd6442ecfdb956c1e2158d32093dc70181e5482230c0e
structures_xyz/9225.xyz,1104,50bc2d1996dc4259bb582d997761857d1b694115388eea2bf300249f5c1c6faf
structures_xyz/9231.xyz,1404,ad18dc9b6e2e987da5c8c8607466ff4fcf302af756fd0a9d30f1c233a27c44c9
structures_xyz/92313.xyz,2980,488f0b6fbe753116cb8c6ff2813d4c07947249fda50208c0e16397cf81fb09db
structures_xyz/9233.xyz,1479,f90ff70d8dacb186f6eb52134be8177c5bc9bca0a39119aacffcff9596c1ef4c
structures_xyz/9238.xyz,2004,5d0abf32b76e554efa9c933dbfc542ddadc34e42372ee90e5e1453cf445e6191
structures_xyz/9264.xyz,955,628e8867ada1aeede9e0bea1e0c110ee99be58e3c8df4c90c0f48e5f987755df
structures_xyz/9268.xyz,2754,a93996731f7b5a49f8da3be12eef12b869cde56d8f559ab8f007fb6d1a68bdea
structures_xyz/92729.xyz,5906,2c15140d6ee28dcf1764d002e73ee4c292662f14849f968e5b91df0907169618
structures_xyz/92746.xyz,5456,b8d3f64eec4ab8fa1c89cfa118049abcab01af5c2e5a7be8a153541d757858bc
structures_xyz/92762.xyz,3205,4faaaef19b7b838a05980436c90a3cc2627ee96f3a198f4901b0186c4bbfbdce
structures_xyz/92763.xyz,5456,60ea14bf3d91819bd6e337f7b10324a628bde189f022e114b05c8ffa33a10ca9
structures_xyz/92776.xyz,2980,53040207cb372a5156bd1b047776ec1e8949ef09e72903ccd408a9c5eb3d274d
structures_xyz/92783.xyz,3880,8d3bebe46e4db6e09ca218495ab4cfb530c98f111e55109a43ab385313159a59
structures_xyz/92785.xyz,5981,d00fc55330721c9441cc6d6a4ded7470439422c3537703a1ab3c4da20a2d4bc2
structures_xyz/92794.xyz,4031,669d4488c7521332dcf3b547e260566386597ce500df30a1eb9feabf439d4833
structures_xyz/92802.xyz,6206,07994718bee0b16346c38aae5034353fd83ec7f36035742458a27a66444f70c7
structures_xyz/92803.xyz,5006,3d625b240faef153c1cfaac013e5a2b9ca75d1c8b9e967936ed203afdceae477
structures_xyz/92812.xyz,3205,dfbd8d93d3feada6ab935a844dba39948cc0959d8775c373ab32a7b8304bcfac
structures_xyz/92824.xyz,1180,65fa60661f38c99dc209f912c3d17d190181b98437a5fae4da9ef67abba45565
structures_xyz/92825.xyz,6056,ff208ebe067fdc90e2ae81c7a856d5414ea08ac44ee906f85e1f28148559907f
structures_xyz/92826.xyz,4406,ce2f6a57ac4aeb0c33f3606d58c3a934a15fbbd5615e53e9f0e2b93dbf964c70
structures_xyz/92874.xyz,1930,b3d66b570c7260120791e697ca1a5f3b440c22a5be94d1d12acdb085e5e40186
structures_xyz/9294.xyz,2079,1b3c5f87757cdd8013bd2cd33061e3f6367e18d80bfc4195a2d7e99c225eb776
structures_xyz/92979.xyz,3505,9cc6721100a661cf6ab55ac45645b1de9a4a4e09c1429bc35892fe22bfc6abe3
structures_xyz/93009.xyz,2605,a2fe83297b5ffa30107fbf9eaccf428458a70ae53979fc297d3396bd7186c150
structures_xyz/93039.xyz,4556,284c5407822aeec4cc763c5a53d59ef835ddb18278b9d9e9f1869052e4634cfa
structures_xyz/9309.xyz,1479,d7932a5ffb1ef9833b5360ccbdbf71ee3ed65ee1e2ac072b7e55a64e8b7e9171
structures_xyz/931.xyz,1403,f4094f075ba1e90f4573c1808aff52bd657c369e139ddb8dfcba2e1a46777d0d
structures_xyz/93135.xyz,2905,7ee5a70141e8a5f7d225d58cede5ffaa63c0139277f941b2ba99b6c5c151e0d7
structures_xyz/93317.xyz,2605,fd988f583989c001349f2ab3ea5ddcd2b54f377467b42f94115288a156850991
structures_xyz/93320.xyz,1480,b424d9a4342175245979b651afad87bddea91e9da08f4f067a1e13039e5f8a50
structures_xyz/936.xyz,1178,b1a22436be5d50ef1136a7716aded5dd60a1f34644fb8b8b59ba7aaebd65ce6d
structures_xyz/94144.xyz,3880,e57c422749389b972dbb0ffd87dc539a99b13ec672e681929e285887b1e76d3a
structures_xyz/94149.xyz,3956,911ff89ff05931a62653938e5f7f3e05ff558128c69a194560ae229b5970a407
structures_xyz/94162.xyz,3805,b22fbcba0e6ae33251a1b543566591d27e4361e817476631ec4a12dc2dcbbd8f
structures_xyz/94175.xyz,3656,5265506a1590e9c41bc179313208abd5e108aa7b56707a05a3453958e78a27c5
structures_xyz/94221.xyz,2080,31bf42abf2286a95bb6269043b8883eb979935fe1623d3ef8a6c3576b03c77a3
structures_xyz/94225.xyz,6506,e7bf439d25a8293e65f012107155c4f11d6ecfd8147e94f9d63eef11433ccff4
structures_xyz/94253.xyz,2980,cea7867a2fa533e2bee6b28fc8f91c51d73ecaebd17fca81f72d4031239bf52c
structures_xyz/94275.xyz,2980,b3434f04f141dbbc1c4f5ba6e2bf8b8a0419f2699791ac9619b524462ef17bc6
structures_xyz/94334.xyz,3205,c016f08446992d4a3da3a7e9ebb8f0020909792a4464b00544578dc0cc987889
structures_xyz/94378.xyz,3505,06f75b5b03f89e90612b5d2360f972ce3fe17ab0b7ca55a5ed87b5785966a217
structures_xyz/94664.xyz,2530,e3a2374c23a9b6e2ded0e9834409c06d991347ad8ab2897bbf58d2182730c3a2
structures_xyz/94750.xyz,2155,7f88219fa3a1607a1ffcd9a5c235c640f65d1cd239af133aac36a39bf2693c35
structures_xyz/94766.xyz,3806,97b67d93b39ef2ae62712ad6a9e26bb6b3c7c1f4e8658b8a9f75a29be3fb032c
structures_xyz/94870.xyz,3731,f9ca660c840d00a5e7185b46faccb6eeeac9fb38a5e58a303277a1cb4e450d12
structures_xyz/95086.xyz,2756,b1ef9e8f27e96347f9d8113906218c7f2b7ec7d3614973367fc84166bcf95c7a
structures_xyz/95259.xyz,1555,46307a89f7cfab8e8ce30e3cb5f6ee3556cf2b8e280cd5d723e1d93963b20fe6
structures_xyz/95289.xyz,2005,a2a35d3c45dbb132f63266e6035086cdc0122800f93c7f83df177c03be66dc1b
structures_xyz/9548595.xyz,6133,cb5482ce8433b73c664738ea3efa75ce6858d1b318cbbab331e9c80b192edb21
structures_xyz/95687.xyz,2081,420bcb78fbd715f514704d54a91c0bb63c59b369e603e851cc2a8e32413b6442
structures_xyz/95693.xyz,1705,05a2db1b2f98ff07ebe603c52365dff87791d021f967f87f66a6a2cc786ad619
structures_xyz/957.xyz,2078,ce8ec57efe7ed771feee529cd98d967163b38f73e342856d19a64639f535a7a7
structures_xyz/9576416.xyz,4033,bb441fc21de831d9d0bb3fe5b600163d8fef51e9166ed751242b8580211da21e
structures_xyz/95779.xyz,2005,5176c39ed33bf2a6355d5ce466c9d8e406125ccf175e428011b2797d51a01311
structures_xyz/95997.xyz,1930,16b18d4ef6c5752901fc9a554c3d2eb945b8f1bea2fc2eda114a31f82dac8e6a
structures_xyz/96038.xyz,1705,bc4d2220f615f0bbc1118c286bc67dda074895fefed136d2636eac13a2b70b3a
structures_xyz/96191.xyz,2455,f91ce671102c2216235ac21bf2a6dcf22eb0015f1aca3eed86df1ddde2c293fb
structures_xyz/96368.xyz,2455,29e752591fe96a823ff018ae313963ed7884199fdac8046311432160f7a08de9
structures_xyz/96403.xyz,1780,c29bc938c71d22662649ad2a72a88f91a3542d61a7858b03b80f379e8552547e
structures_xyz/96506.xyz,2456,4ec1cf04681ef7be3c6d96bb3fe8c9983dfde257cb537d2a8359ed15ad90f773
structures_xyz/96943.xyz,2830,67407ba493adfb0fcfe0347a34647ef0e03a48ed0db2aeef3f37c8072a1ec65a
structures_xyz/97142.xyz,3356,5d67ce1f8e52fc59e6b325ccfe81893b5ec6e4d20d70416605d770c1ab3aa9de
structures_xyz/97165.xyz,1705,5c870d3d1c33e6deec9ca351cf29ead1e87f143eb75bb2a41750e2674e5426f9
structures_xyz/97214.xyz,3131,272cce10c7440571584ae80542385dfe428a2466ce416adfcaa48526af5963f1
structures_xyz/97257.xyz,1480,4b4eeedfd717f50bc314f8e2c7b8c95d64c35684e0fb3f663d9b29452e66c2b8
structures_xyz/9727.xyz,1854,f87fc86ecad185a48d548ee2138cf4cfbe460d7ac9f3013ce93e48d59b87f68e
structures_xyz/97448.xyz,2380,d850c7f80bb714c4569ff3e9a217eec9603f91bc19ea36c8598983e55cb922be
structures_xyz/97560.xyz,2305,1d983407ce902b78cc2851a0631f40d085f886b3565eacabcfa84caff7827b96
structures_xyz/97597.xyz,3356,029d7fa2b541d03d6b926f0d421c00375b1c73dbec6f14c7e33c3211f84212cd
structures_xyz/9794468.xyz,3057,a7fea39ef7d4e9e3477cc2af74db6f4e23151a4f714ed9534254875338878e69
structures_xyz/980.xyz,1178,340054322162adeafb96ad03af8aac9acb7a0abee9cf8ef5f1090b8d51553d69
structures_xyz/9815282.xyz,1482,567c1bd396f5489beaee6815021f5cea7adba83c1b4336d16ac026383d9ac69a
structures_xyz/984.xyz,3728,a96530df14a586557d054388347e889e3c6b4b69bfef121297a58ff473b69baa
structures_xyz/9841711.xyz,3058,f6c306028137b185bf24f8a6fc74a45fb337232544768a4b09b7beb820098754
structures_xyz/9841799.xyz,3208,33d602ec4c8f36eefb1a7f77318540bc5b845fb63a4c53da0de83e96a7cbe64a
structures_xyz/985.xyz,3803,f6bcdd7d7f9eef46823358ca7537cffd0dbe9e86b241fa62ec1a016d2ac9b96a
structures_xyz/98523.xyz,4256,be5216973d3ec5bf19d23b7716b56d601108b166b964564fc01102eefdd87dc3
structures_xyz/9855795.xyz,2982,b25c13e4400cafc9ce024e2646a769fec805a3e61f14beda1b448ddf0023de62
structures_xyz/9859094.xyz,2982,bb70ff27921fbc59be7c4807bb6233a73d411826818bdfc2d7ea1ad258c24d00
structures_xyz/98608.xyz,2906,bc6e1b883de9ca39384cc3ca1a5a69be945ca1c2803e93fdde920ed75e6e749f
structures_xyz/9862.xyz,1779,a328e07a2e7c5c3e4b3e27ba3d052dcd3228aac5988638cd62d5ecc9d23f5ddf
structures_xyz/9868802.xyz,6283,fdd28fa24934a1bff33a802eaeee80b80a326f96cb78ee01fac0bce4a68fd653
structures_xyz/98912.xyz,2080,974bdf112c31a1088af3ad9f144a679543189828969169498660d4ec41cce9ad
structures_xyz/98914.xyz,2755,c7383b12336dfe0910c214daba8a8f896c69c0d42fdc90970acaf0b05d99f906
structures_xyz/9895.xyz,2079,6ea029e0f8bdd533e8a3c8602d100c3af83a40f3a2dc931d3aaca9cb0a0cb2bb
structures_xyz/9926694.xyz,3133,728b0f34249c042b61c62bf9aca5b9dae455e3682cf2771a60f5dae2b209b35f
structures_xyz/99300.xyz,2230,377f400e9265a483a3c98c72f9b2e689cd3882504d4c568300b29a053f4bc5e1
structures_xyz/9932254.xyz,6133,e7a689df18cd65d60e36729ac19dbd1390fee8f905c6050af47fe21daf87e519
structures_xyz/99337.xyz,3131,55a553e94093e73d86031e0f696e2d6a07e68d61e3ec79e1159ae57e3c701c09
structures_xyz/99477.xyz,1405,fddf3e84875beacfebf0ce8aa1199a52293e2686cc9cce1da4a2d4e96947059d
structures_xyz/995.xyz,1853,42e7fdf0c6e2a513d08390b377afe82b00ad05581e95e7fd69a91469baa4e846
structures_xyz/9958.xyz,1329,6ac23203c23477676dd5be41ab2fe79d1383a4331d12a4136de9d159b654c760
structures_xyz/99610.xyz,6281,7c9cfb8583446f60b621584f46cc5f6e8f57b4b8f80be97ab663ea2e4ea389ea
structures_xyz/99641.xyz,3431,ef0d5443f764fc3ca4ad9e49dd647881e75ab0d1eb0c844fcc3c45df45e3e95d
structures_xyz/99649.xyz,3881,d59744765d88ba03f8ae4b766fd783570afb42fecf9c80c4a21f763e04981b5e
structures_xyz/99651.xyz,6206,ca76c0d903930e0a89275c060160d5ef0e221efe1b4a0a930d48e0a0f1554a42
structures_xyz/99693.xyz,2981,ec1f8f64436e9efd519ee2b145289d41e4f9c160edc85d3709882da499c3151e
structures_xyz/997.xyz,1553,3feb7b3c01070cfa817aaffba87460070e5c237b8f0e24b5d3204c38202a45c9
structures_xyz/9971827.xyz,4632,38ca46a653940379cc5a5195a664fe96107195213ef9062a9361fccdd0192b21
structures_xyz/9978650.xyz,4108,7170e80b6c52dfc68fd0def4304bfc939c3e782ea11048aed2a38f9c28db6b53
structures_xyz/998.xyz,1328,9b562bfb1ab765fd701f5c8688b54c7320f0779f4d4db9832945ba231e6ed391
structures_xyz/9982511.xyz,4408,89eb2ae14f4e30b50567c465e87b84ce95dcae32c8d854987d3f2564f0d4a050
structures_xyz/9990075.xyz,2157,12b5d6b7b9b7bb95bc8a6cf948b272fc439eb55a8dc8fb972719350abec92b6c
Supplementary_Table_S1.csv,3177,6115e8ecfc22acc4977c628d4b1ec67abb717bbe84ea82bfba1c27d7938ec307
Supplementary_Table_S2_selection_flow.csv,682,f515fc5367295363ad864d307557916c7d8aaf898f768152196228bb12ee348b
Supplementary_Table_S3_repairs.csv,829,23af204565a6f4e81d09841a2ffc84dd08d507deeab87ed644e701120b3f0742
Supplementary_Table_S4_warning_adjudication.csv,724,c3887324bdc13ec16ee05e9ba745a480a4903af02fc5a9644f575f8647ad27ac
Supplementary_Table_S5_ionization_state.csv,12998,f4404275c9909559b0d8bc63b32f4f156e461b36f8420bf4cee87721bd3f4bdd
Supplementary_Table_S6_cid1032_conformer_sensitivity.csv,688,454f0d020993ec0d0df359d975ac07ec95f33aefa392987325a2759884248982
Supplementary_Table_S7_nist_cccbdb_dipole_validation.csv,14122,1f5a60672216497a5ee97251310cae42a9b43db8b098b0cb8c14c13b2119656a
tables/cid_tcm_provenance_summary.csv,425772,431fd2a62d50054beb5cb8464cd9f228a8539abff82ae5ea828b66e666a29470
tables/data_dictionary.csv,14823,44dece05c09a7aeeb36695c8176fcc946558ada8687ef9ac65f90bcb31f063cc
tables/exclusion_reason_counts.csv,194,72a062f9d06e508732d6552c0b75ef1906a886d60cebb400ca92a6a5755a839f
tables/inclusion_exclusion_flow.csv,730,7715dcd4d4125c162245699fd10e3a1a0aa323d9c6acb744df748d626753e452
tables/ionization_state_audit.csv,611798,716096693668499d863afa8ff97ae7a1b098f50db863bf0317d5e31858761a18
tables/numerical_closure_failures.csv,64,f12cf4a9ba8fb5fc0d27d1970da75d92f38495082c453431117476e28b52e5e1
tables/numerical_closure_summary.csv,1142,70fefe706f8a675edf7eb3e12adc8b91ea434d1f5846e1952a8825bb5f6952ce
tables/orca_version_composition_adjusted_analysis.csv,3687,9e1a05a8044192241b4a21b1372b69c16ebe16026e8f23792ab6de53d2608ce5
tables/schema.json,31552,2338d1268469353a022a46cb4ef48c4ca82f0653d91a363472c12ccecc2ec8c8
tables/selection_decisions.csv,3156188,7eb64c77c7113f542afa417d1044dbae9385e40239236ea03a365b5469d8b9b9
tables/selection_flow_summary.csv,682,f515fc5367295363ad864d307557916c7d8aaf898f768152196228bb12ee348b
tables/tcm_qm_master.csv,3115653,777094ed77ff8981c08dc2b4876d0ce84f6658f13b788379509391a9fb0e7b2c
tables/tcm_qm_master_with_tcmsp.csv,3503409,b72d4e54f466e812354b1a8d343a447bb620bbba13958b9c872038ef2264652d
tables/tcm_source_edges.csv,2315788,e39377c7caa06d6c1ee2720fd3bfd5a2c7a69c8afc58c55ebf8893ea38e6eed3
tables/tcm_source_provenance.csv,4581612,8dc0463dfd2bf1ad44c9a5bb55feec648475cf622b7ca675784fbf12817fdc69
tables/tcmsp_provenance_fields.csv,751,d775fea5067cee0f67862774b1e60f3f9bdc31546a76b79dd52b4650f12dfc6c
TCM-QM_property_summary_3196.csv,2152263,2b3f3ba23dcc393923b6a745b5ce82a290ea79aec5f5783744c330982aa5c12e
TCM-QM_property_summary_3196_README.md,4415,803cd90d2fba5e27d6fcfbc6e75a6ddbcba839f2b4ab11e24ccfd50259c57080
TCM-QM_Supplementary_Information.md,16227,60ea9a460a937475d20223d0a0f82a83568267da4ecefa2fa22f27f377793ecf
TCMSP_PROVENANCE_RULES.md,1546,8a796edca5efceedab8c274b6b01d2d0ffd6ff234bbd06cda3461ce1bc1993d4
THIRD_PARTY_NOTICES.md,2731,fd2018cdab3e1c7dd91f815120fa77cc4e50a3237c68ff181e217c68b52a0bc1
